{
    "1": {
        "1": "Pablo, Silvano y Timoteo a la iglesia de los tesalonicenses congregada en el nombre de Dios nuestro Padre y de Jesucristo, el Señor.",
        "2": "Con vosotros, gracia y paz de parte de Dios Padre y de Jesucristo, el Señor.",
        "3": "Hermanos, debemos dar gracias a Dios sin cesar por vosotros. Es justo que lo hagamos así porque progresáis extraordinariamente en la fe y es cada vez mayor el amor mutuo que os tenéis todos vosotros.",
        "4": "Por eso, nos sentimos orgullosos de vosotros en medio de las iglesias de Dios; orgullosos de vuestra entereza y vuestra fe ante el cúmulo de persecuciones y pruebas que soportáis",
        "5": "y que son una señal del justo juicio de Dios que quiere haceros dignos del reino por el cual ahora sufrís.",
        "6": "Dios es justo y hará que sufran quienes os están ocasionando sufrimientos;",
        "7": "hará también que vosotros, los que habéis sufrido, compartáis con nosotros el descanso cuando Jesús, el Señor, se manifieste desde el cielo con sus ángeles poderosos",
        "8": "y aparezca como una llama ardiente haciendo justicia con aquellos que no quieren conocer a Dios ni escuchar el evangelio de Jesús, nuestro Señor.",
        "9": "Su castigo será la ruina eterna, la separación definitiva del Señor y de su glorioso poder,",
        "10": "cuando venga en aquel día y se manifieste glorioso entre sus elegidos y admirable en medio de todos los que hayan creído; porque vosotros habéis acogido con fe nuestro testimonio.",
        "11": "Esta es la razón por la que rogamos sin cesar por vosotros, para que nuestro Dios os haga dignos de su llamamiento y lleve a término con eficacia y plenitud no solo todo buen propósito, sino también la obra de la fe.",
        "12": "De este modo, nuestro Señor Jesucristo será glorificado en vosotros y vosotros en él, conforme a la gracia de nuestro Dios y Señor Jesucristo."
    },
    "2": {
        "1": "En cuanto a la manifestación de nuestro Señor Jesucristo y al momento de nuestra reunión con él, os pedimos, hermanos,",
        "2": "que no perdáis demasiado pronto la cabeza, ni os dejéis impresionar por revelaciones, por rumores o por alguna carta supuestamente nuestra en el sentido de que el día del Señor es inminente.",
        "3": "¡Que nadie os desoriente en modo alguno! Es preciso que primero se produzca la gran rebelión contra Dios y que se dé a conocer el hombre lleno de impiedad, el destinado a la perdición,",
        "4": "el enemigo que se alza orgulloso contra todo lo que es divino o digno de adoración, hasta el punto de llegar a suplantar a Dios y hacerse pasar a sí mismo por Dios.",
        "5": "¿No recordáis que ya os hablaba de esto cuando estaba entre vosotros?",
        "6": "Ya conocéis el obstáculo que ahora le impide manifestarse en espera del momento que tiene prefijado.",
        "7": "Porque ese misterioso y maligno poder está ya en acción; solo hace falta que se quite de en medio el que hasta el momento lo frena.",
        "8": "Entonces se dará a conocer el impío a quien Jesús, el Señor, destruirá con el aliento de su boca y aniquilará con el esplendor de su manifestación.",
        "9": "En cuanto a la manifestación de ese impío, como obra que es de Satanás, vendrá acompañada de todo un despliegue de fuerza, de señales y de falsos prodigios.",
        "10": "Con su gran maldad engañará a quienes están en camino de perdición al no haber querido hacer suyo el amor a la verdad que había de salvarlos.",
        "11": "Por eso Dios les envía un poder seductor de forma que den crédito a la mentira",
        "12": "y se condenen todos los que, en lugar de dar crédito a la verdad, se abrazaron con la iniquidad.",
        "13": "A vosotros, en cambio, hermanos, el Señor os ama y os ha escogido como primeros frutos de salvación por medio del Espíritu que os consagra y de la fe en la verdad. Por ello, debemos dar continuas gracias a Dios,",
        "14": "que os llamó mediante el evangelio que os anunciamos para que alcancéis la gloria de nuestro Señor Jesucristo.",
        "15": "Por tanto, hermanos, manteneos firmes y conservad las tradiciones que os hemos enseñado de palabra o por escrito.",
        "16": "¡Ojalá que nuestro Señor Jesucristo y nuestro Padre Dios que nos ha amado y que generosamente nos otorga un consuelo eterno y una espléndida esperanza,",
        "17": "os llenen interiormente del consuelo y os fortalezcan en toda suerte de bien, lo mismo de palabra que de obra!"
    },
    "3": {
        "1": "Por lo demás, hermanos, rogad por nosotros para que la palabra del Señor prosiga el avance glorioso que ha conocido en Tesalónica.",
        "2": "Rogad también para que el Señor nos libre de la gente insolente y malvada, porque no todos aceptan la fe.",
        "3": "¡Pero el Señor es fiel! Él os hará fuertes y os librará del maligno.",
        "4": "Gracias a él podemos confiar en que cumplís y cumpliréis lo que os hemos inculcado.",
        "5": "Que el Señor, pues, encamine vuestros corazones para que améis a Dios y esperéis a Cristo sin desfallecer.",
        "6": "Finalmente, hermanos, esto es lo que os mandamos en nombre de Jesucristo, el Señor: que os mantengáis apartados de todo hermano que viva ociosamente y no siga la tradición que ha recibido de nosotros.",
        "7": "Conocéis perfectamente cómo podéis imitarnos, pues no vivimos ociosamente entre vosotros",
        "8": "ni comimos de balde el pan de nadie. Al contrario, trabajamos día y noche hasta casi extenuarnos, con el fin de no ser gravosos a ninguno de vosotros.",
        "9": "¡Y teníamos derecho a ello! Pero quisimos ofreceros un ejemplo que imitar.",
        "10": "Estando entre vosotros os inculcamos ya esta norma: el que no quiera trabajar, que tampoco coma.",
        "11": "Y es que nos hemos enterado de que algunos viven ociosamente entre vosotros: en lugar de trabajar, se entrometen en todo.",
        "12": "De parte de Jesucristo, el Señor, los instamos y exhortamos a que trabajen y coman su propio pan sin perturbar a nadie.",
        "13": "Por vuestra parte, hermanos, no os canséis de hacer el bien.",
        "14": "Y si alguien no hace caso a lo que os decimos en esta carta, tomad nota de él y hacedle el vacío, a ver si se avergüenza.",
        "15": "Pero no lo tratéis como enemigo; corregidlo, más bien, como a un hermano.",
        "16": "Que el Señor de la paz os conceda la paz siempre y en todas sus formas. El Señor esté con todos vosotros.",
        "17": "El saludo es de mi puño y letra. Así firmo yo, Pablo, en todas mis cartas; esta es mi letra.",
        "18": "La gracia de nuestro Señor Jesucristo esté con todos vosotros."
    }
}