{
    "1": {
        "1": "От Павла, по воле Бога апостола Иисуса Христа, и от брата Тимофея,",
        "2": "святым и верным братьям во Христе, находящимся в Колоссах. Благодать и мир вам от Бога, нашего Отца.",
        "3": "Мы всегда в молитвах благодарим за вас Бога — Отца нашего Господа Иисуса Христа,",
        "4": "потому что до нас доходят слухи о вашей вере в Иисуса Христа и о вашей любви ко всем святым.",
        "5": "Ваши вера и любовь порождены надеждой — той, что дожидается вас на небесах. Вы слышали о ней раньше в слове истины — Радостной Вести,",
        "6": "которая пришла и к вам. Эта Весть распространяется и приносит плоды по всему миру, как и у вас с того дня, когда вы впервые услышали ее и познали истину о благодати Божьей.",
        "7": "Вы узнали о ней от Эпафраса, нашего любимого сотрудника, который верно служит Христу ради вас.",
        "8": "Он и рассказал нам о любви, которую дал вам Дух.",
        "9": "Поэтому, с тех пор как мы о вас впервые услышали, мы постоянно о вас молимся и просим, чтобы Бог дал вам знание Его воли, мудрость и духовное понимание.",
        "10": "Мы молимся о том, чтобы вы жили достойно Господа и во всем угождали Ему, принося плоды ваших добрых дел и всё больше узнавая Бога,",
        "11": "чтобы вы укреплялись через Его силу и величие, становясь выносливыми, терпеливыми и радостными.",
        "12": "Благодарите Отца, Который сделал вас достойными получить часть в наследии святых во свете.",
        "13": "Он избавил нас от власти тьмы и ввел нас в Царство Своего любимого Сына,",
        "14": "через жертвенную смерть Которого мы получили искупление, прощение грехов.",
        "15": "Он — видимый образ невидимого Бога, и Он — первородный над всем творением.",
        "16": "Через Него было сотворено все на небе и на земле, все видимое и невидимое: будь то престолы, господства, начальства или власти — всё было сотворено через Него и для Него.",
        "17": "Он существовал прежде всего и всё творение держится благодаря Ему.",
        "18": "Он — глава тела, то есть Церкви, Он — начало всего, первый среди воскресших из мертвых, чтобы во всем иметь первенство.",
        "19": "Богу было угодно, чтобы во Христе обитала вся полнота,",
        "20": "и чтобы через Него примирить с Собой всё, заключив благодаря Его крови, пролитой на кресте, мир со всем, что на небесах и на земле.",
        "21": "Когда-то вы были далеки от Бога и враждебны Ему в своем разуме, направленном на злые дела.",
        "22": "Но сейчас Бог примирил вас с Собой через жертвенную смерть Христа, когда Тот был еще в Своем земном теле. Он поставит вас перед Собой как святых, непорочных и не заслуживающих упрека,",
        "23": "если вы будете стоять на твердом основании веры и не станете изменять надежде, которую вам дала услышанная вами Радостная Весть. Она была возвещена всему творению под небесами, и я, Павел, стал ее служителем.",
        "24": "Теперь я радуюсь в моих страданиях за вас. Я в своем теле восполняю ту меру страданий Христа, которая предназначена мне, ради Его тела, то есть ради Церкви.",
        "25": "Я стал ее служителем по поручению Бога, чтобы представить вам во всей полноте Его слово,",
        "26": "которое оставалось тайной для людей из века в век и из поколения в поколение, а сейчас оно открывается Его святым.",
        "27": "Бог захотел открыть им, как велико и для язычников богатство славы этой тайны, которая заключается в том, что Христос живет в вас. Он — ваша надежда на будущую славу.",
        "28": "Мы возвещаем о Нем, наставляя и уча каждого человека. Мы используем всю мудрость, чтобы сделать каждого зрелым христианином.",
        "29": "Ради этого я, собственно, и тружусь, и борюсь, применяя силу, исходящую от Него, которая мощно действует во мне."
    },
    "2": {
        "1": "Я хочу, чтобы вы знали, как упорно я борюсь за вас, и за лаодикийцев, и за тех многих, кто даже не видел меня лично.",
        "2": "Я хочу, чтобы это ободрило их, объединило в любви, чтобы они могли иметь глубокие и богатые познания о тайне Бога, то есть о Христе.",
        "3": "В Нем скрыты все сокровища мудрости и знания.",
        "4": "Я говорю вам об этом, чтобы никто не смог обмануть вас вкрадчивыми словами.",
        "5": "Пусть меня и нет с вами физически, но духом я с вами, и меня радуют ваша сплоченность и ваша твердая вера во Христа.",
        "6": "Поэтому, раз вы приняли Господа Иисуса Христа, то и живите в Нем,",
        "7": "укореняйтесь и растите в Нем. Пусть вера, которой вы были научены, набирает в вас силу, и пусть благодарность переполняет вас.",
        "8": "Смотрите, чтобы никто не поработил вас, обольстив пустым философствованием, основанным на человеческих традициях и на духовных силах этого мира, а не на Христе.",
        "9": "Потому что в Нем вся полнота Бога пребывает в телесной форме,",
        "10": "а вы обрели полноту во Христе, Который есть глава всех начальств и властей.",
        "11": "В Нем вы также были обрезаны, но не таким обрезанием, которое совершается руками людей. Вы были освобождены от вашей греховной природы духовным обрезанием, совершенным Христом.",
        "12": "Вы были погребены вместе с Ним в крещении и воскрешены вместе с Ним верой в силу Божью, поднявшую Христа из мертвых.",
        "13": "И вас, некогда мертвых из-за ваших беззаконий, с необрезанной плотью, — вас Бог оживил вместе со Христом. Он простил все наши беззакония,",
        "14": "зачеркнув рукопись с направленными против нас предписаниями Закона; Он устранил эту рукопись, пригвоздив ее ко кресту.",
        "15": "Бог обезоружил начальства и власти и выставил их на позор, восторжествовав над ними на кресте.",
        "16": "Пусть никто не осуждает вас за то, что вы едите и что вы пьете, или за соблюдение каких-то религиозных праздников, Новолуния или суббот.",
        "17": "Всё это лишь тень того, что должно было прийти, реальность же — Христос.",
        "18": "Не допустите, чтобы люди, обожающие самоотречение и поклоняющиеся ангелам, осуждали вас. Они увлекаются своими видениями и тщетно превозносятся, гордясь своим испорченным умом.",
        "19": "Они потеряли связь с Главой, которая управляет всем телом, связанным воедино посредством суставов и связок и растущим благодаря Богу.",
        "20": "Если вы умерли со Христом для духовных сил этого мира, то почему же вы по-прежнему живете как люди этого мира, подчиняясь таким земным правилам, как:",
        "21": "«этого не бери», «того не ешь», «к этому не прикасайся»?",
        "22": "Всё это лишь человеческие правила и понятия относительно тех вещей, которые исчезают при употреблении.",
        "23": "Может, эти правила и создают видимость чего-то мудрого, навязывая самодеятельную религиозность, самоотречение и изнурение тела, но это нисколько не помогает одержать победу над страстями и злыми мыслями."
    },
    "3": {
        "1": "Итак, если вы были воскрешены со Христом, то стремитесь к небесному, туда, где Христос сидит по правую руку от Бога.",
        "2": "Обращайте ваши мысли к небесному, а не к земному.",
        "3": "Вы умерли для этого мира, и ваша жизнь сокрыта вместе со Христом в Боге.",
        "4": "Ваша жизнь — Христос, и когда Он будет явлен миру, тогда и вы будете явлены вместе с Ним в славе.",
        "5": "Поэтому умертвите в себе всё, что еще принадлежит к греховной природе: разврат, безнравственность, страсть, дурные желания и алчность (которая есть то же самое, что идолопоклонство).",
        "6": "Всё это вызывает гнев Божий на тех, кто Ему непослушен.",
        "7": "Когда-то вы тоже жили всем этим,",
        "8": "но сейчас настало время избавиться от гнева, ярости, злобы, от ядовитых слов и сквернословия.",
        "9": "Не лгите друг другу, ведь вы уже «сняли с себя» ваш прежний образ жизни.",
        "10": "Вы «оделись» в новую природу, которая обновляется истинным знанием, всё более отражая образ Самого Создателя.",
        "11": "И нет уже ни грека, ни иудея, ни обрезанного, ни необрезанного, ни варвара, ни скифа, ни раба, ни свободного, но все и во всем Христос.",
        "12": "Поэтому как избранные святые и любимые Богом «оденьтесь» в сострадание, доброту, смирение, кротость, терпение.",
        "13": "Будьте снисходительны друг к другу и прощайте друг другу все ваши обиды. Прощайте так, как Господь вас простил.",
        "14": "И ко всему этому добавьте любовь, объединяющую всё в одно совершенное единство.",
        "15": "Пусть вашими сердцами руководит мир Христа, так как вы — члены одного тела и призваны к миру. Будьте благодарны.",
        "16": "Пусть в вас живет слово Христа во всем его богатстве. Учите и наставляйте друг друга со всякой мудростью, и с благодарностью в своих сердцах пойте Богу псалмы, гимны и духовные песнопения.",
        "17": "Что бы вы ни делали и ни говорили, делайте всё во имя Господа Иисуса, благодаря через Него Бога Отца.",
        "18": "Жены, подчиняйтесь вашим мужьям, как это следует делать христианкам.",
        "19": "Мужья, любите ваших жен и не будьте к ним суровы.",
        "20": "Дети, будьте послушны своим родителям во всем, потому что это приятно Господу.",
        "21": "Отцы, не раздражайте ваших детей, чтобы они не отчаивались.",
        "22": "Рабы, подчиняйтесь вашим земным хозяевам во всем, делая это не напоказ, лишь ради того, чтобы заслужить их расположение, но искренне, в благоговении перед Господом.",
        "23": "Что бы вы ни делали, делайте это от всего сердца, как для Господа, а не для людей,",
        "24": "зная, что в награду вам будет наследство от Господа, потому что вы служите Христу.",
        "25": "А тот, кто причиняет зло, будет наказан; у Бога нет предпочтения одних перед другими."
    },
    "4": {
        "1": "И вы, господа, поступайте со своими рабами справедливо и достойно, помня о том, что и у вас есть Господин на небесах.",
        "2": "Неустанно молитесь; молясь, бодрствуйте и благодарите Бога.",
        "3": "Молитесь и о нас, чтобы Бог открыл двери для нашей вести, чтобы нам и в дальнейшем возвещать тайну Христа, за которую я и нахожусь сейчас в цепях.",
        "4": "Молитесь о том, чтобы я мог раскрыть ее людям как должно.",
        "5": "В общении с неверующими проявляйте мудрость, дорожа временем.",
        "6": "Пусть ваша речь всегда будет приправлена солью, умейте каждому дать нужный ответ.",
        "7": "Обо мне вам всё расскажет Тихик, дорогой брат, верный служитель и мой сотрудник в труде для Господа.",
        "8": "Я посылаю его к вам, чтобы вы узнали об обстоятельствах, в которых мы находимся, и чтобы он ободрил вас.",
        "9": "Он придет с Онисимом, нашим верным и дорогим братом и вашим земляком, и они расскажут вам обо всем, что здесь происходит.",
        "10": "Вам передает привет Аристарх, который тоже находится со мной в заключении. Передает вам приветы и Марк, двоюродный брат Варнавы, я уже писал вам о нем; если он будет у вас, то проявите к нему гостеприимство.",
        "11": "Вам передает привет и Иисус, которого все называют Иустом. Они единственные из обрезанных среди моих сотрудников, работающих для Царства Божьего; они приносят мне утешение.",
        "12": "Ваш Эпафрас, слуга Иисуса Христа, тоже передает вам приветы. Он всегда усердно молится о вас, чтобы вы непоколебимо, совершенно и убежденно следовали тому, чего хочет от вас Бог.",
        "13": "Я свидетель того, что он очень усердно работает для вас и для христиан в Лаодикии и Иераполе.",
        "14": "Вам передают приветы наш дорогой врач Лука и Димас.",
        "15": "Передайте и мои приветы братьям в Лаодикии, а также Нимфе и церкви, которая собирается в ее доме.",
        "16": "Когда вам будет прочитано это послание, передайте его в Лаодикию, чтобы его прочитали и там, а вы, в свою очередь, прочитайте мое послание, которое вам передадут из Лаодикии.",
        "17": "Архиппу передайте, чтобы он довел до конца служение, порученное ему Господом.",
        "18": "Я, Павел, дописываю это приветствие своей рукой. Помните о моих узах. Пусть благодать будет с вами."
    }
}