{
    "1": {
        "1": "От старейшины, избранной госпоже и ее детям, которых я люблю по истине, и не только я, но и все, кто знает истину;",
        "2": "потому что истина эта живет в нас и будет с нами всегда.",
        "3": "Благодать, милость и мир будут с нами в истине и любви от Бога Отца и от Иисуса Христа, Его Сына.",
        "4": "Меня очень радует, что среди твоих детей есть ходящие в истине, как нам повелел Отец.",
        "5": "И сейчас, госпожа, я пишу тебе не какое-то новое повеление, но то, которое было у нас с самого начала: будем любить друг друга.",
        "6": "И любовь эта заключается в том, чтобы мы соблюдали Его повеления. Вы с самого начала слышали Его повеление, по нему и поступайте.",
        "7": "Много обманщиков вышло в мир, не признающих, что Иисус Христос пришел в человеческом теле. Такой человек — обманщик и антихрист.",
        "8": "Смотрите, чтобы не потерять то, ради чего мы трудились, но чтобы получить полную награду.",
        "9": "Кто не живет согласно учению Христа, но бежит дальше, тот не имеет в себе Бога. Но тот, кто остается верным Его учению, имеет в себе и Отца, и Сына.",
        "10": "Если кто-либо приходит к вам и приносит не это учение, того вы не должны принимать в дом и приветствовать его.",
        "11": "Кто приветствует такого человека, тот становится соучастником в его злых делах.",
        "12": "О многом еще я хотел бы вам сказать, но я не хочу доверять это бумаге и чернилам. Я надеюсь скоро быть у вас и лично поговорить с вами, чтобы наша радость была полной.",
        "13": "Привет тебе от детей твоей избранной сестры."
    }
}