{
    "1": {
        "1": "The word of the L ord which came to Hosea the son of Beeri, during the days of Uzziah, Jotham, Ahaz, and Hezekiah, kings of Judah, and during the days of Jeroboam the son of Joash, king of Israel.",
        "2": "When the L ord first spoke through Hosea, the L ord said to Hosea, “Go, take for yourself a wife inclined to infidelity, and children of infidelity; for the land commits flagrant infidelity, abandoning the L ord.”",
        "3": "So he went and took Gomer the daughter of Diblaim, and she conceived and bore him a son.",
        "4": "And the L ord said to him, “Name him Jezreel; for in just a little while I will punish the house of Jehu for the bloodshed of Jezreel, and I will put an end to the kingdom of the house of Israel.",
        "5": "On that day I will break the bow of Israel in the Valley of Jezreel.”",
        "6": "Then she conceived again and gave birth to a daughter. And the L ord said to him, “Name her Lo-ruhamah, for I will no longer take pity on the house of Israel, that I would ever forgive them.",
        "7": "But I will take pity on the house of Judah and save them by the L ord their God, and will not save them by bow, sword, battle, horses, or horsemen.”",
        "8": "When she had weaned Lo-ruhamah, she conceived and gave birth to a son.",
        "9": "And the L ord said, “Name him Lo-ammi, because you are not My people, and I am not your God.”",
        "10": "¶ Yet the number of the sons of Israel Will be like the sand of the sea, Which cannot be measured or counted; And in the place Where it is said to them, “You are not My people,” It will be said to them, “ You are the sons of the living God.”",
        "11": "And the sons of Judah and the sons of Israel will be gathered together, And they will appoint for themselves one leader, And they will go up from the land, For the day of Jezreel will be great."
    },
    "2": {
        "1": "Say to your brothers, “ Ammi,” and to your sisters, “ Ruhamah.”",
        "2": "“Dispute with your mother, dispute, Because she is not my wife, and I am not her husband; But she must remove her infidelity from her face And her adultery from between her breasts,",
        "3": "Otherwise, I will strip her naked And expose her as on the day she was born. I will also make her like a wilderness, Make her like desert land, And put her to death with thirst.",
        "4": "“Also, I will take no pity on her children, Because they are children of infidelity.",
        "5": "“For their mother has committed prostitution; She who conceived them has acted shamefully. For she said, ‘I will go after my lovers, Who give me my bread and my water, My wool and my flax, my oil and my drink.’",
        "6": "“Therefore, behold, I will obstruct her way with thorns, And I will build a stone wall against her so that she cannot find her paths.",
        "7": "“And she will pursue her lovers, but she will not reach them; And she will seek them, but will not find them. Then she will say, ‘I will go back to my first husband, Because it was better for me then than now!’",
        "8": "¶“Yet she does not know that it was I myself who gave her the grain, the new wine, and the oil, And lavished on her silver and gold, Which they used for Baal.",
        "9": "“Therefore, I will take back My grain at harvest time And My new wine in its season. I will also take away My wool and My flax That I gave to cover her nakedness.",
        "10": "“So now I will uncover her lewdness Before the eyes of her lovers, And no one will rescue her from My hand.",
        "11": "“I will also put an end to all her joy, Her feasts, her new moons, her Sabbaths, And all her festivals.",
        "12": "“And I will destroy her vines and fig trees, Of which she said, ‘They are my wages for prostitution Which my lovers have given me.’ And I will turn them into a forest, And the animals of the field will devour them.",
        "13": "“I will punish her for the days of the Baals When she used to offer sacrifices to them And adorn herself with her nose ring and jewelry, And follow her lovers, so that she forgot Me,” declares the L ord.",
        "14": "¶“Therefore, behold, I am going to persuade her, Bring her into the wilderness, And speak kindly to her.",
        "15": "“Then I will give her her vineyards from there, And the Valley of Achor as a door of hope. And she will respond there as in the days of her youth, As in the day when she went up from the land of Egypt.",
        "16": "“And it will come about on that day,” declares the L ord, “That you will call Me my husband And no longer call Me my Baal.",
        "17": "“For I will remove the names of the Baals from her mouth, So that they will no longer be mentioned by their names.",
        "18": "“On that day I will also make a covenant for them With the animals of the field, The birds of the sky, And the crawling things of the ground. And I will eliminate the bow, the sword, and war from the land, And will let them lie down in safety.",
        "19": "“I will betroth you to Me forever; Yes, I will betroth you to Me in righteousness and in justice, In favor and in compassion,",
        "20": "And I will betroth you to Me in faithfulness. Then you will know the L ord.",
        "21": "¶“And it will come about on that day that I will respond,” declares the L ord. “I will respond to the heavens, and they will respond to the earth,",
        "22": "And the earth will respond to the grain, to the new wine, and to the oil, And they will respond to Jezreel.",
        "23": "“I will sow her for Myself in the land. I will also have compassion on her who had not obtained compassion, And I will say to those who were not My people, ‘You are My people!’ And they will say, ‘ You are my God!’ ”"
    },
    "3": {
        "1": "Then the L ord said to me, “Go again, love a woman who is loved by her husband, yet is committing adultery, as the L ord loves the sons of Israel, though they turn to other gods and love raisin cakes.”",
        "2": "So I purchased her for myself for fifteen shekels of silver, and a homer and a lethech of barley.",
        "3": "Then I said to her, “You shall live with me for many days. You shall not play the prostitute, nor shall you have another man; so I will also be toward you.”",
        "4": "For the sons of Israel will live for many days without a king or leader, without sacrifice or memorial stone, and without ephod or household idols.",
        "5": "Afterward the sons of Israel will return and seek the L ord their God and David their king; and they will come trembling to the L ord and to His goodness in the last days."
    },
    "4": {
        "1": "Listen to the word of the L ord, you sons of Israel, Because the L ord has a case against the inhabitants of the land, For there is no faithfulness, nor loyalty, Nor knowledge of God in the land.",
        "2": "There is oath-taking, denial, murder, stealing, and adultery. They employ violence, so that bloodshed follows bloodshed.",
        "3": "Therefore the land mourns, And everyone who lives in it languishes Along with the animals of the field and the birds of the sky, And even the fish of the sea disappear.",
        "4": "¶Yet let no one find fault, and let no one rebuke; For your people are like those who contend with a priest.",
        "5": "So you will stumble by day, And the prophet also will stumble with you by night; And I will destroy your mother.",
        "6": "My people are destroyed for lack of knowledge. Since you have rejected knowledge, I also will reject you from being My priest. Since you have forgotten the Law of your God, I also will forget your children.",
        "7": "¶The more they multiplied, the more they sinned against Me; I will change their glory into shame.",
        "8": "They feed on the sin of My people, And long for their wrongdoing.",
        "9": "And it will be, like people, like priest; So I will punish them for their ways And repay them for their deeds.",
        "10": "They will eat, but not have enough; They will play the prostitute, but not increase, Because they gave up devoting themselves to the L ord.",
        "11": "¶ Infidelity, wine, and new wine take away the understanding.",
        "12": "My people consult their wooden idol, and their diviner’s wand informs them; For a spirit of infidelity has led them astray, And they have been unfaithful, departing from their God.",
        "13": "They offer sacrifices on the tops of the mountains And burn incense on the hills, Under oak, poplar, and terebinth, Because their shade is pleasant. Therefore your daughters play the prostitute, And your brides commit adultery.",
        "14": "I will not punish your daughters when they play the prostitute, Or your brides when they commit adultery, Because the men themselves slip away with the prostitutes And offer sacrifices with temple prostitutes; So the people without understanding are ruined.",
        "15": "¶Though you, Israel, play the prostitute, Judah must not become guilty; Also you are not to go to Gilgal, Nor go up to Beth-aven And take the oath: “As the L ord lives!”",
        "16": "Since Israel is stubborn Like a stubborn cow, Will the L ord now pasture them Like a lamb in a large field?",
        "17": "Ephraim is allied with idols; Leave him alone.",
        "18": "Their liquor is gone, They prostitute themselves continually; Their rulers dearly love shame.",
        "19": "The wind wraps them in its wings, And they will be put to shame because of their sacrifices."
    },
    "5": {
        "1": "Hear this, you priests! Pay attention, house of Israel! Listen, you of the house of the king! For the judgment applies to you, Because you have been a trap at Mizpah, And a net spread out on Tabor.",
        "2": "And the rebels have gone deep in depravity, But I will discipline all of them.",
        "3": "I know Ephraim, and Israel is not hidden from Me; Because now, Ephraim, you have been unfaithful, Israel has defiled itself.",
        "4": "Their deeds will not allow them To return to their God. For a spirit of infidelity is within them, And they do not know the L ord.",
        "5": "Moreover, the pride of Israel testifies against him, And Israel and Ephraim stumble in their wrongdoing; Judah also has stumbled with them.",
        "6": "They will go with their flocks and herds To seek the L ord, but they will not find Him; He has withdrawn from them.",
        "7": "They have dealt treacherously with the L ord, For they have given birth to illegitimate children. Now the new moon will devour them with their land.",
        "8": "¶Blow the horn in Gibeah, And the trumpet in Ramah. Sound an alarm at Beth-aven: “Behind you, Benjamin!”",
        "9": "Ephraim will become a desolation in the day of rebuke; Among the tribes of Israel I make known what is trustworthy.",
        "10": "The leaders of Judah have become like those who displace a boundary marker; On them I will pour out My anger like water.",
        "11": "Ephraim is oppressed, broken by judgment, Because he was determined to follow man’s command.",
        "12": "Therefore I am like a moth to Ephraim, And like rottenness to the house of Judah.",
        "13": "When Ephraim saw his sickness, And Judah his sore, Ephraim then went to Assyria And sent word to King Jareb. But he is unable to heal you, Or to cure you of your sore.",
        "14": "For I will be like a lion to Ephraim And like a young lion to the house of Judah. I, yes I, will tear to pieces and go away, I will carry away, and there will be no one to rescue.",
        "15": "I will go away and return to My place Until they acknowledge their guilt and seek My face; In their distress they will search for Me."
    },
    "6": {
        "1": "“Come, let’s return to the L ord. For He has torn us, but He will heal us; He has wounded us, but He will bandage us.",
        "2": "“He will revive us after two days; He will raise us up on the third day, That we may live before Him.",
        "3": "“So let’s learn, let’s press on to know the L ord. His appearance is as sure as the dawn; And He will come to us like the rain, As the spring rain waters the earth.”",
        "4": "¶What shall I do with you, Ephraim? What shall I do with you, Judah? For your loyalty is like a morning cloud, And like the dew which goes away early.",
        "5": "Therefore I have cut them in pieces by the prophets; I have slain them by the words of My mouth; And the judgments on you are like the light that shines.",
        "6": "For I desire loyalty rather than sacrifice, And the knowledge of God rather than burnt offerings.",
        "7": "But like Adam they have violated the covenant; There they have dealt treacherously with Me.",
        "8": "Gilead is a city of wrongdoers, Tracked with bloody footprints.",
        "9": "And as a band of robbers lie in wait for a person, So a band of priests murder on the way to Shechem; Certainly they have committed an act of infamy.",
        "10": "In the house of Israel I have seen a horrible thing; Ephraim’s infidelity is there, Israel has defiled itself.",
        "11": "Also, Judah, there is a harvest appointed for you, When I restore the fortunes of My people."
    },
    "7": {
        "1": "When I would heal Israel, The wrongdoing of Ephraim is uncovered, And the evil deeds of Samaria, For they practice deception; The thief enters, A band of robbers attack outside,",
        "2": "And they do not consider in their hearts That I remember all their wickedness. Now their deeds surround them; They are before My face.",
        "3": "With their wickedness they make the king happy, And the officials with their lies.",
        "4": "They are all adulterers, Like an oven heated by the baker, Who stops stoking the fire From the time the dough is kneaded until it is leavened.",
        "5": "On the day of our king, the officials became sick with the heat of wine; He stretched out his hand with scoffers,",
        "6": "For their hearts are like an oven As they approach their plotting; Their anger smolders all night, In the morning it burns like flaming fire.",
        "7": "All of them are hot like an oven, And they consume their rulers; All their kings have fallen. None of them calls on Me.",
        "8": "¶Ephraim is himself thrown about with the nations; Ephraim has become a round loaf not turned over.",
        "9": "Strangers devour his strength, Yet he does not know it; Gray hairs also are sprinkled on him, Yet he does not know it.",
        "10": "Though the pride of Israel testifies against him, Yet they have not returned to the L ord their God, Nor have they sought Him, despite all this.",
        "11": "So Ephraim has become like a gullible dove, without sense; They call to Egypt, they go to Assyria.",
        "12": "When they go, I will spread My net over them; I will bring them down like the birds of the sky. I will discipline them in accordance with the proclamation to their assembly.",
        "13": "Woe to them, for they have strayed from Me! Destruction is theirs, for they have rebelled against Me! I would redeem them, but they have spoken lies against Me.",
        "14": "And they do not cry to Me from their heart When they wail on their beds; For the sake of grain and new wine they assemble themselves, They turn against Me.",
        "15": "Although I trained and strengthened their arms, Yet they devise evil against Me.",
        "16": "They turn, but not upward, They are like a loose bow; Their officials will fall by the sword Because of the insolence of their tongue. This will be their derision in the land of Egypt."
    },
    "8": {
        "1": "Put the trumpet to your lips! Like an eagle the enemy comes against the house of the L ord, Because they have violated My covenant And rebelled against My Law.",
        "2": "They cry out to Me, “My God, we of Israel know You!”",
        "3": "Israel has rejected the good; The enemy will pursue him.",
        "4": "They have set up kings, but not by Me; They have appointed officials, but I did not know it. With their silver and gold they have made idols for themselves, So that they will be eliminated.",
        "5": "He has rejected your calf, Samaria, saying, “My anger burns against them!” How long will they be incapable of innocence?",
        "6": "For from Israel comes even this! A craftsman made it, so it is not God; Assuredly, the calf of Samaria will be broken to pieces.",
        "7": "For they sow wind And they harvest a storm. The standing grain has no kernels; It yields no grain. If it were to yield, strangers would swallow it.",
        "8": "¶Israel has been swallowed up; They are now among the nations Like a vessel in which no one delights.",
        "9": "For they have gone up to Assyria, Like a wild donkey all alone; Ephraim has paid fees for lovers.",
        "10": "Even though they pay for allies among the nations, I will gather them up now; And they will begin to diminish Because of the burden of the king of officials.",
        "11": "¶Since Ephraim has multiplied altars for sin, They have become altars of sinning for him.",
        "12": "Though I wrote for him ten thousand precepts of My Law, They are regarded as a strange thing.",
        "13": "As for My sacrificial gifts, They sacrifice the flesh and eat it, But the L ord has taken no delight in them. Now He will remember their guilt, And punish them for their sins; They will return to Egypt.",
        "14": "For Israel has forgotten his Maker and built palaces; And Judah has multiplied fortified cities, But I will send a fire on its cities, and it will consume its palatial buildings."
    },
    "9": {
        "1": "Do not rejoice, Israel, with jubilation like the nations! For you have been unfaithful, abandoning your God. You have loved the earnings of unfaithfulness on every threshing floor.",
        "2": "Threshing floor and wine press will not feed them, And the new wine will fail them.",
        "3": "They will not remain in the L ord ’ s land, But Ephraim will return to Egypt, And in Assyria they will eat unclean food.",
        "4": "They will not pour out drink offerings of wine to the L ord, Nor will their sacrifices please Him. Their bread will be to them like mourners’ bread; All who eat it will be defiled, Because their bread will be for themselves alone; It will not enter the house of the L ord.",
        "5": "What will you do on the day of the appointed festival And on the day of the feast of the L ord?",
        "6": "For behold, they will be gone because of destruction; Egypt will gather them together, Memphis will bury them. Weeds will take possession of their treasures of silver; Thorns will be in their tents.",
        "7": "¶The days of punishment have come, The days of retribution have come; Let Israel know this! The prophet is a fool, The inspired person is insane, Because of the grossness of your wrongdoing, And because your hostility is so great.",
        "8": "Ephraim was a watchman with my God, a prophet; Yet the snare of a bird catcher is in all his ways, And there is only hostility in the house of his God.",
        "9": "They are deeply depraved As in the days of Gibeah; He will remember their guilt, He will punish their sins.",
        "10": "¶I found Israel like grapes in the wilderness; I saw your forefathers as the earliest fruit on the fig tree in its first season. But they came to Baal-peor and devoted themselves to shame, And they became as detestable as that which they loved.",
        "11": "As for Ephraim, their glory will fly away like a bird— No birth, no pregnancy, and no conception!",
        "12": "Though they bring up their children, Yet I will bereave them of their children until not a person is left. Yes, woe to them indeed when I depart from them!",
        "13": "Ephraim, as I have seen, Is planted in a pasture like Tyre; But Ephraim is going to bring out his children for slaughter.",
        "14": "Give to them, L ord —what will You give? Give them a miscarrying womb and dried-up breasts.",
        "15": "¶All their evil is at Gilgal; Indeed, I came to hate them there! Because of the wickedness of their deeds I will drive them out of My house! I will no longer love them; All their leaders are rebels.",
        "16": "Ephraim is stricken, their root is dried up, They will produce no fruit. Even though they give birth to children, I will put to death the precious ones of their womb.",
        "17": "My God will reject them Because they have not listened to Him; And they will be wanderers among the nations."
    },
    "10": {
        "1": "Israel is a luxuriant vine; He produces fruit for himself. The more his fruit, The more altars he made; The richer his land, The better he made the memorial stones.",
        "2": "Their heart is deceitful; Now they must suffer for their guilt. The L ord will break down their altars And destroy their memorial stones.",
        "3": "¶Certainly now they will say, “We have no king, For we do not revere the L ord. As for the king, what can he do for us?”",
        "4": "They speak mere words, With worthless oaths they make covenants; And judgment sprouts like poisonous weeds in the furrows of the field.",
        "5": "The inhabitants of Samaria will fear For the calf of Beth-aven. Indeed, its people will mourn for it, And its idolatrous priests will cry out over it, Over its glory, since it has left it.",
        "6": "The thing itself will be brought to Assyria As a gift of tribute to King Jareb; Ephraim will be seized with shame, And Israel will be ashamed of its own plan.",
        "7": "Samaria will be destroyed with her king, Like a twig on the surface of the water.",
        "8": "Also the high places of Aven, the sin of Israel, will be destroyed; Thorns and thistles will grow on their altars; Then they will say to the mountains, “Cover us!” And to the hills, “Fall on us!”",
        "9": "Since the days of Gibeah you have sinned, Israel; There they stand! Will the battle against the sons of injustice not overtake them in Gibeah?",
        "10": "When it is My desire, I will discipline them; And the peoples will be gathered against them When they are bound for their double guilt.",
        "11": "¶Ephraim is a trained heifer that loves to thresh, And I passed over her lovely neck; I will harness Ephraim, Judah will plow, Jacob will harrow for himself.",
        "12": "Sow for yourselves, with a view to righteousness; Harvest in accordance with kindness. Break up your uncultivated ground, For it is time to seek the L ord Until He comes and rains righteousness on you.",
        "13": "You have plowed wickedness, you have harvested injustice, You have eaten the fruit of lies. Because you have trusted in your way, in your many warriors,",
        "14": "An uproar will arise among your people, And all your fortresses will be destroyed, As Shalman destroyed Beth-arbel on the day of battle, When mothers were slaughtered with their children.",
        "15": "So it will be done to you at Bethel because of your great wickedness. At dawn the king of Israel will be completely destroyed."
    },
    "11": {
        "1": "When Israel was a youth I loved him, And out of Egypt I called My son.",
        "2": "The more they called them, The more they went away from them; They kept sacrificing to the Baals And burning incense to idols.",
        "3": "Yet it is I who taught Ephraim to walk, I took them in My arms; But they did not know that I healed them.",
        "4": "I pulled them along with cords of a man, with ropes of love, And I became to them as one who lifts the yoke from their jaws; And I bent down and fed them.",
        "5": "¶ They will not return to the land of Egypt; But Assyria—he will be their king Because they refused to return to Me.",
        "6": "And the sword will whirl against their cities, And will destroy their oracle priests And consume them, because of their counsels.",
        "7": "So My people are determined to turn from Me. Though they call them to the One on high, None at all exalts Him.",
        "8": "¶How can I give you up, Ephraim? How can I surrender you, Israel? How can I make you like Admah? How can I treat you like Zeboiim? My heart is turned over within Me, All My compassions are kindled.",
        "9": "I will not carry out My fierce anger; I will not destroy Ephraim again. For I am God and not a man, the Holy One in your midst, And I will not come in wrath.",
        "10": "They will walk after the L ord, He will roar like a lion; Indeed He will roar, And His sons will come trembling from the west.",
        "11": "They will come trembling like birds from Egypt, And like doves from the land of Assyria; And I will settle them in their houses, declares the L ord.",
        "12": "¶ Ephraim surrounds Me with lies And the house of Israel with deceit; Judah is still unruly against God, Even against the Holy One who is faithful."
    },
    "12": {
        "1": "Ephraim feeds on wind, And pursues the east wind continually; He multiplies lies and violence. Moreover, he makes a covenant with Assyria, And oil is brought to Egypt.",
        "2": "The L ord also has a case against Judah, And will punish Jacob according to his ways; He will repay him according to his deeds.",
        "3": "In the womb he took his brother by the heel, And in his mature strength he contended with God.",
        "4": "Yes, he wrestled with the angel and prevailed; He wept and implored His favor. He found Him at Bethel, And there He spoke with us,",
        "5": "And the L ord, the God of armies, The L ord is His name.",
        "6": "So as for you, return to your God, Maintain kindness and justice, And wait for your God continually.",
        "7": "A merchant, in whose hands are fraudulent balances, Loves to exploit.",
        "8": "And Ephraim said, “I have certainly become rich, I have found wealth for myself; In all my labors they will find in me No wrongdoing, which would be sin.”",
        "9": "But I have been the L ord your God since the land of Egypt; I will make you live in tents again, As in the days of the appointed festival.",
        "10": "I have also spoken to the prophets, And I provided many visions, And through the prophets I spoke in parables.",
        "11": "Is there injustice in Gilead? Certainly they are worthless. In Gilgal they sacrifice bulls, Yes, their altars are like stone heaps Beside the furrows of a field.",
        "12": "¶Now Jacob fled to the land of Aram, And Israel worked for a wife, And for a wife he kept sheep.",
        "13": "But by a prophet the L ord brought Israel up from Egypt, And by a prophet he was protected.",
        "14": "Ephraim has provoked God to bitter anger; So his Lord will leave his guilt for bloodshed on him And bring his disgrace back to him."
    },
    "13": {
        "1": "When Ephraim spoke, there was trembling. He exalted himself in Israel, But through Baal he incurred guilt and died.",
        "2": "And now they sin more and more, And make for themselves cast metal images, Idols skillfully made from their silver, All of them the work of craftsmen. They say of them, “Let the people who sacrifice kiss the calves!”",
        "3": "Therefore they will be like the morning cloud And like dew which soon disappears, Like chaff which is blown away from the threshing floor, And like smoke from a chimney.",
        "4": "¶Yet I have been the L ord your God Since the land of Egypt; And you were not to know any god except Me, For there is no savior besides Me.",
        "5": "I cared for you in the wilderness, In the land of drought.",
        "6": "As they had their pasture, they became satisfied, And as they became satisfied, their heart became proud; Therefore they forgot Me.",
        "7": "So I will be like a lion to them; Like a leopard I will lie in wait by the wayside.",
        "8": "I will confront them like a bear deprived of her cubs, And I will tear open their chests; I will also devour them there like a lioness, As a wild animal would tear them to pieces.",
        "9": "¶ It is to your own destruction, Israel, That you are against Me, against your help.",
        "10": "Where then is your king, That he might save you in all your cities; And your judges, to whom you said, “Give me a king and princes”?",
        "11": "I gave you a king in My anger, And took him away in My wrath.",
        "12": "¶The guilt of Ephraim is wrapped up; His sin is stored up.",
        "13": "The pains of childbirth come on him; He is not a wise son, For it is not the time that he should delay at the opening of the womb.",
        "14": "Shall I ransom them from the power of Sheol? Shall I redeem them from death? Death, where are your thorns? Sheol, where is your sting? Compassion will be hidden from My sight.",
        "15": "¶Though he flourishes among the reeds, An east wind will come, The wind of the L ord coming up from the wilderness; And his fountain will become dry And his spring will dry up; It will plunder his treasury of every precious article.",
        "16": "Samaria will pay the penalty for her guilt, Because she has rebelled against her God. They will fall by the sword, Their children will be slaughtered, And their pregnant women will be ripped open."
    },
    "14": {
        "1": "Return, Israel, to the L ord your God, For you have stumbled because of your wrongdoing.",
        "2": "Take words with you and return to the L ord. Say to Him, “Take away all guilt And receive us graciously, So that we may present the fruit of our lips.",
        "3": "“Assyria will not save us, We will not ride on horses; Nor will we say again, ‘Our god’ To the work of our hands; For in You the orphan finds mercy.”",
        "4": "¶I will heal their apostasy, I will love them freely, Because My anger has turned away from them.",
        "5": "I will be like the dew to Israel; He will blossom like the lily, And he will take root like the cedars of Lebanon.",
        "6": "His shoots will sprout, His majesty will be like the olive tree, And his fragrance like the cedars of Lebanon.",
        "7": "Those who live in his shadow Will again raise grain, And they will blossom like the vine. His fame will be like the wine of Lebanon.",
        "8": "¶Ephraim, what more have I to do with idols? It is I who answer and look after you. I am like a luxuriant juniper; From Me comes your fruit.",
        "9": "¶Whoever is wise, let him understand these things; Whoever is discerning, let him know them. For the ways of the L ord are right, And the righteous will walk in them, But wrongdoers will stumble in them."
    }
}