{
    "1": {
        "1": "Paul, called as an apostle of Jesus Christ by the will of God, and our brother Sosthenes,",
        "2": "To the church of God which is in Corinth, to those who have been sanctified in Christ Jesus, saints by calling, with all who in every place call on the name of our Lord Jesus Christ, their Lord and ours:",
        "3": "Grace to you and peace from God our Father and the Lord Jesus Christ.",
        "4": "I thank my God always concerning you for the grace of God which was given you in Christ Jesus,",
        "5": "that in everything you were enriched in Him, in all speech and all knowledge,",
        "6": "just as the testimony concerning Christ was confirmed in you,",
        "7": "so that you are not lacking in any gift, as you eagerly await the revelation of our Lord Jesus Christ,",
        "8": "who will also confirm you to the end, blameless on the day of our Lord Jesus Christ.",
        "9": "God is faithful, through whom you were called into fellowship with His Son, Jesus Christ our Lord.",
        "10": "Now I urge you, brothers and sisters, by the name of our Lord Jesus Christ, that you all agree and that there be no divisions among you, but that you be made complete in the same mind and in the same judgment.",
        "11": "For I have been informed concerning you, my brothers and sisters, by Chloe’s people, that there are quarrels among you.",
        "12": "Now I mean this, that each one of you is saying, “I am with Paul,” or “I am with Apollos,” or “I am with Cephas,” or “I am with Christ.”",
        "13": "Has Christ been divided? Paul was not crucified for you, was he? Or were you baptized in the name of Paul?",
        "14": "I am thankful that I baptized none of you except Crispus and Gaius,",
        "15": "so that no one would say you were baptized in my name!",
        "16": "But I did baptize the household of Stephanas also; beyond that, I do not know if I baptized anyone else.",
        "17": "For Christ did not send me to baptize, but to preach the gospel, not with cleverness of speech, so that the cross of Christ would not be made of no effect.",
        "18": "For the word of the cross is foolishness to those who are perishing, but to us who are being saved it is the power of God.",
        "19": "For it is written: “I will destroy the wisdom of the wise, A nd the understanding of those who have understanding, I will confound.”",
        "20": "Where is the wise person? Where is the scribe? Where is the debater of this age? Has God not made foolish the wisdom of the world?",
        "21": "For since in the wisdom of God the world through its wisdom did not come to know God, God was pleased through the foolishness of the message preached to save those who believe.",
        "22": "For indeed Jews ask for signs and Greeks search for wisdom;",
        "23": "but we preach Christ crucified, to Jews a stumbling block, and to Gentiles foolishness,",
        "24": "but to those who are the called, both Jews and Greeks, Christ the power of God and the wisdom of God.",
        "25": "For the foolishness of God is wiser than mankind, and the weakness of God is stronger than mankind.",
        "26": "For consider your calling, brothers and sisters, that there were not many wise according to the flesh, not many mighty, not many noble;",
        "27": "but God has chosen the foolish things of the world to shame the wise, and God has chosen the weak things of the world to shame the things which are strong,",
        "28": "and the insignificant things of the world and the despised God has chosen, the things that are not, so that He may nullify the things that are,",
        "29": "so that no human may boast before God.",
        "30": "But it is due to Him that you are in Christ Jesus, who became to us wisdom from God, and righteousness and sanctification, and redemption,",
        "31": "so that, just as it is written: “L et the one who boasts, boast in the L ord.”"
    },
    "2": {
        "1": "And when I came to you, brothers and sisters, I did not come as someone superior in speaking ability or wisdom, as I proclaimed to you the testimony of God.",
        "2": "For I determined to know nothing among you except Jesus Christ, and Him crucified.",
        "3": "I also was with you in weakness and fear, and in great trembling,",
        "4": "and my message and my preaching were not in persuasive words of wisdom, but in demonstration of the Spirit and of power,",
        "5": "so that your faith would not rest on the wisdom of mankind, but on the power of God.",
        "6": "Yet we do speak wisdom among those who are mature; a wisdom, however, not of this age nor of the rulers of this age, who are passing away;",
        "7": "but we speak God’s wisdom in a mystery, the hidden wisdom which God predestined before the ages to our glory;",
        "8": "the wisdom which none of the rulers of this age has understood; for if they had understood it, they would not have crucified the Lord of glory;",
        "9": "but just as it is written: “T hings which eye has not seen and ear has not heard, A nd which have not entered the human heart, A ll that G od has prepared for those who love H im.”",
        "10": "For to us God revealed them through the Spirit; for the Spirit searches all things, even the depths of God.",
        "11": "For who among people knows the thoughts of a person except the spirit of the person that is in him? So also the thoughts of God no one knows, except the Spirit of God.",
        "12": "Now we have not received the spirit of the world, but the Spirit who is from God, so that we may know the things freely given to us by God.",
        "13": "We also speak these things, not in words taught by human wisdom, but in those taught by the Spirit, combining spiritual thoughts with spiritual words.",
        "14": "But a natural person does not accept the things of the Spirit of God, for they are foolishness to him; and he cannot understand them, because they are spiritually discerned.",
        "15": "But the one who is spiritual discerns all things, yet he himself is discerned by no one.",
        "16": "For who has known the mind of the L ord, that he will instruct H im? But we have the mind of Christ."
    },
    "3": {
        "1": "And I, brothers and sisters, could not speak to you as spiritual people, but only as fleshly, as to infants in Christ.",
        "2": "I gave you milk to drink, not solid food; for you were not yet able to consume it. But even now you are not yet able,",
        "3": "for you are still fleshly. For since there is jealousy and strife among you, are you not fleshly, and are you not walking like ordinary people?",
        "4": "For when one person says, “I am with Paul,” and another, “I am with Apollos,” are you not ordinary people?",
        "5": "What then is Apollos? And what is Paul? Servants through whom you believed, even as the Lord gave opportunity to each one.",
        "6": "I planted, Apollos watered, but God was causing the growth.",
        "7": "So then neither the one who plants nor the one who waters is anything, but God who causes the growth.",
        "8": "Now the one who plants and the one who waters are one; but each will receive his own reward according to his own labor.",
        "9": "For we are God’s fellow workers; you are God’s field, God’s building.",
        "10": "According to the grace of God which was given to me, like a wise master builder I laid a foundation, and another is building on it. But each person must be careful how he builds on it.",
        "11": "For no one can lay a foundation other than the one which is laid, which is Jesus Christ.",
        "12": "Now if anyone builds on the foundation with gold, silver, precious stones, wood, hay, or straw,",
        "13": "each one’s work will become evident; for the day will show it because it is to be revealed with fire, and the fire itself will test the quality of each one’s work.",
        "14": "If anyone’s work which he has built on it remains, he will receive a reward.",
        "15": "If anyone’s work is burned up, he will suffer loss; but he himself will be saved, yet only so as through fire.",
        "16": "Do you not know that you are a temple of God and that the Spirit of God dwells in you?",
        "17": "If anyone destroys the temple of God, God will destroy that person; for the temple of God is holy, and that is what you are.",
        "18": "Take care that no one deceives himself. If anyone among you thinks that he is wise in this age, he must become foolish, so that he may become wise.",
        "19": "For the wisdom of this world is foolishness in the sight of God. For it is written: “ He is the one who catches the wise by their craftiness ”;",
        "20": "and again, “T he L ord knows the thoughts of the wise, that they are useless.”",
        "21": "So then, no one is to be boasting in people. For all things belong to you,",
        "22": "whether Paul or Apollos or Cephas, or the world or life or death, or things present or things to come; all things belong to you,",
        "23": "and you belong to Christ, and Christ belongs to God."
    },
    "4": {
        "1": "This is the way any person is to regard us: as servants of Christ and stewards of the mysteries of God.",
        "2": "In this case, moreover, it is required of stewards that one be found trustworthy.",
        "3": "But to me it is an insignificant matter that I would be examined by you, or by any human court; in fact, I do not even examine myself.",
        "4": "For I am not aware of anything against myself; however I am not vindicated by this, but the one who examines me is the Lord.",
        "5": "Therefore do not go on passing judgment before the time, but wait until the Lord comes, who will both bring to light the things hidden in the darkness and disclose the motives of human hearts; and then praise will come to each person from God.",
        "6": "Now these things, brothers and sisters, I have figuratively applied to myself and Apollos on your account, so that in us you may learn not to exceed what is written, so that no one of you will become arrogant in behalf of one against the other.",
        "7": "For who considers you as superior? What do you have that you did not receive? And if you did receive it, why do you boast as if you had not received it?",
        "8": "You are already filled, you have already become rich, you have become kings without us; and indeed, I wish that you had become kings so that we also might reign with you!",
        "9": "For I think, God has exhibited us, the apostles, last of all as men condemned to death, because we have become a spectacle to the world, both to angels and to mankind.",
        "10": "We are fools on account of Christ, but you are prudent in Christ! We are weak, but you are strong! You are distinguished, but we are without honor!",
        "11": "Up to this present hour we are both hungry and thirsty, and are poorly clothed and roughly treated and homeless;",
        "12": "and we labor, working with our own hands; when we are verbally abused, we bless; when we are persecuted, we endure it;",
        "13": "when we are slandered, we reply as friends; we have become as the scum of the world, the dregs of all things, even until now.",
        "14": "I do not write these things to shame you, but to admonish you as my beloved children.",
        "15": "For if you were to have countless tutors in Christ, yet you would not have many fathers, for in Christ Jesus I became your father through the gospel.",
        "16": "Therefore I urge you, be imitators of me.",
        "17": "For this reason I have sent to you Timothy, who is my beloved and faithful child in the Lord, and he will remind you of my ways which are in Christ, just as I teach everywhere in every church.",
        "18": "Now some have become arrogant, as though I were not coming to you.",
        "19": "But I will come to you soon, if the Lord wills, and I shall find out, not the words of those who are arrogant, but their power.",
        "20": "For the kingdom of God is not in words, but in power.",
        "21": "What do you desire? That I come to you with a rod, or with love and a spirit of gentleness?"
    },
    "5": {
        "1": "It is actually reported that there is sexual immorality among you, and sexual immorality of such a kind as does not exist even among the Gentiles, namely, that someone has his father’s wife.",
        "2": "You have become arrogant and have not mourned instead, so that the one who had done this deed would be removed from your midst.",
        "3": "For I, on my part, though absent in body but present in spirit, have already judged him who has so committed this, as though I were present.",
        "4": "In the name of our Lord Jesus, when you are assembled, and I with you in spirit, with the power of our Lord Jesus,",
        "5": "I have decided to turn such a person over to Satan for the destruction of his body, so that his spirit may be saved on the day of the Lord.",
        "6": "Your boasting is not good. Do you not know that a little leaven leavens the whole lump of dough?",
        "7": "Clean out the old leaven so that you may be a new lump, just as you are in fact unleavened. For Christ our Passover also has been sacrificed.",
        "8": "Therefore let’s celebrate the feast, not with old leaven, nor with the leaven of malice and wickedness, but with the unleavened bread of sincerity and truth.",
        "9": "I wrote to you in my letter not to associate with sexually immoral people;",
        "10": "I did not at all mean with the sexually immoral people of this world, or with the greedy and swindlers, or with idolaters, for then you would have to leave the world.",
        "11": "But actually, I wrote to you not to associate with any so-called brother if he is a sexually immoral person, or a greedy person, or an idolater, or is verbally abusive, or habitually drunk, or a swindler—not even to eat with such a person.",
        "12": "For what business of mine is it to judge outsiders? Do you not judge those who are within the church?",
        "13": "But those who are outside, God judges. R emove the evil person from among yourselves."
    },
    "6": {
        "1": "Does any one of you, when he has a case against his neighbor, dare to go to law before the unrighteous and not before the saints?",
        "2": "Or do you not know that the saints will judge the world? If the world is judged by you, are you not competent to form the smallest law courts?",
        "3": "Do you not know that we will judge angels? How much more matters of this life?",
        "4": "So if you have law courts dealing with matters of this life, do you appoint them as judges who are of no account in the church?",
        "5": "I say this to your shame. Is it so, that there is not among you anyone wise who will be able to decide between his brothers and sisters,",
        "6": "but brother goes to law with brother, and that before unbelievers?",
        "7": "Actually, then, it is already a defeat for you, that you have lawsuits with one another. Why not rather suffer the wrong? Why not rather be defrauded?",
        "8": "On the contrary, you yourselves do wrong and defraud. And this to your brothers and sisters!",
        "9": "Or do you not know that the unrighteous will not inherit the kingdom of God? Do not be deceived; neither the sexually immoral, nor idolaters, nor adulterers, nor homosexuals,",
        "10": "nor thieves, nor the greedy, nor those habitually drunk, nor verbal abusers, nor swindlers, will inherit the kingdom of God.",
        "11": "Such were some of you; but you were washed, but you were sanctified, but you were justified in the name of the Lord Jesus Christ and in the Spirit of our God.",
        "12": "All things are permitted for me, but not all things are of benefit. All things are permitted for me, but I will not be mastered by anything.",
        "13": "Food is for the stomach and the stomach is for food, however God will do away with both of them. But the body is not for sexual immorality, but for the Lord, and the Lord is for the body.",
        "14": "Now God has not only raised the Lord, but will also raise us up through His power.",
        "15": "Do you not know that your bodies are parts of Christ? Shall I then take away the parts of Christ and make them parts of a prostitute? Far from it!",
        "16": "Or do you not know that the one who joins himself to a prostitute is one body with her? For He says, “T he two shall become one flesh.”",
        "17": "But the one who joins himself to the Lord is one spirit with Him.",
        "18": "Flee sexual immorality. Every other sin that a person commits is outside the body, but the sexually immoral person sins against his own body.",
        "19": "Or do you not know that your body is a temple of the Holy Spirit within you, whom you have from God, and that you are not your own?",
        "20": "For you have been bought for a price: therefore glorify God in your body."
    },
    "7": {
        "1": "Now concerning the things about which you wrote, it is good for a man not to touch a woman.",
        "2": "But because of sexual immoralities, each man is to have his own wife, and each woman is to have her own husband.",
        "3": "The husband must fulfill his duty to his wife, and likewise the wife also to her husband.",
        "4": "The wife does not have authority over her own body, but the husband does; and likewise the husband also does not have authority over his own body, but the wife does.",
        "5": "Stop depriving one another, except by agreement for a time so that you may devote yourselves to prayer, and come together again so that Satan will not tempt you because of your lack of self-control.",
        "6": "But this I say by way of concession, not of command.",
        "7": "Yet I wish that all men were even as I myself am. However, each has his own gift from God, one in this way, and another in that.",
        "8": "But I say to the unmarried and to widows that it is good for them if they remain even as I.",
        "9": "But if they do not have self-control, let them marry; for it is better to marry than to burn with passion.",
        "10": "But to the married I give instructions, not I, but the Lord, that the wife is not to leave her husband",
        "11": "(but if she does leave, she must remain unmarried, or else be reconciled to her husband), and that the husband is not to divorce his wife.",
        "12": "But to the rest I say, not the Lord, that if any brother has an unbelieving wife, and she consents to live with him, he must not divorce her.",
        "13": "And if any woman has an unbelieving husband, and he consents to live with her, she must not divorce her husband.",
        "14": "For the unbelieving husband is sanctified through his wife, and the unbelieving wife is sanctified through her believing husband; for otherwise your children are unclean, but now they are holy.",
        "15": "Yet if the unbelieving one is leaving, let him leave; the brother or the sister is not under bondage in such cases, but God has called us in peace.",
        "16": "For how do you know, wife, whether you will save your husband? Or how do you know, husband, whether you will save your wife?",
        "17": "Only, as the Lord has assigned to each one, as God has called each, in this way let him walk. And so I direct in all the churches.",
        "18": "Was any man called when he was already circumcised? He is not to become uncircumcised. Has anyone been called in uncircumcision? He is not to be circumcised.",
        "19": "Circumcision is nothing, and uncircumcision is nothing, but what matters is the keeping of the commandments of God.",
        "20": "Each person is to remain in that state in which he was called.",
        "21": "Were you called as a slave? Do not let it concern you. But if you are also able to become free, take advantage of that.",
        "22": "For the one who was called in the Lord as a slave, is the Lord’s freed person; likewise the one who was called as free, is Christ’s slave.",
        "23": "You were bought for a price; do not become slaves of people.",
        "24": "Brothers and sisters, each one is to remain with God in that condition in which he was called.",
        "25": "Now concerning virgins, I have no command of the Lord, but I am offering direction as one who by the mercy of the Lord is trustworthy.",
        "26": "I think, then, that this is good in view of the present distress, that it is good for a man to remain as he is.",
        "27": "Are you bound to a wife? Do not seek to be released. Are you released from a wife? Do not seek a wife.",
        "28": "But if you marry, you have not sinned; and if a virgin marries, she has not sinned. Yet such people as yourselves will have trouble in this life, and I am trying to spare you.",
        "29": "But this I say, brothers, the time has been shortened, so that from now on those who have wives should be as though they had none;",
        "30": "and those who weep, as though they did not weep; and those who rejoice, as though they did not rejoice; and those who buy, as though they did not possess;",
        "31": "and those who use the world, as though they did not make full use of it; for the present form of this world is passing away.",
        "32": "But I want you to be free from concern. One who is unmarried is concerned about the things of the Lord, how he may please the Lord;",
        "33": "but one who is married is concerned about the things of the world, how he may please his wife,",
        "34": "and his interests are divided. The woman who is unmarried, and the virgin, is concerned about the things of the Lord, that she may be holy both in body and spirit; but one who is married is concerned about the things of the world, how she may please her husband.",
        "35": "I say this for your own benefit, not to put a restraint on you, but to promote what is appropriate and to secure undistracted devotion to the Lord.",
        "36": "But if anyone thinks that he is acting dishonorably toward his virgin, if she is past her youth and it ought to be so, let him do what he wishes, he is not sinning; let them marry.",
        "37": "But the one who stands firm in his heart, if he is not under constraint, but has authority over his own will, and has decided this in his own heart, to keep his own virgin, he will do well.",
        "38": "So then, both the one who gives his own virgin in marriage does well, and the one who does not give her in marriage will do better.",
        "39": "A wife is bound as long as her husband lives; but if her husband dies, she is free to be married to whom she wishes, only in the Lord.",
        "40": "But in my opinion she is happier if she remains as she is; and I think that I also have the Spirit of God."
    },
    "8": {
        "1": "Now concerning food sacrificed to idols, we know that we all have knowledge. Knowledge makes one conceited, but love edifies people.",
        "2": "If anyone thinks that he knows anything, he has not yet known as he ought to know;",
        "3": "but if anyone loves God, he is known by Him.",
        "4": "Therefore, concerning the eating of food sacrificed to idols, we know that an idol is nothing at all in the world, and that there is no God but one.",
        "5": "For even if there are so-called gods whether in heaven or on earth, as indeed there are many gods and many lords,",
        "6": "yet for us there is only one God, the Father, from whom are all things, and we exist for Him; and one Lord, Jesus Christ, by whom are all things, and we exist through Him.",
        "7": "However, not all people have this knowledge; but some, being accustomed to the idol until now, eat food as if it were sacrificed to an idol; and their conscience, being weak, is defiled.",
        "8": "Now food will not bring us close to God; we are neither the worse if we do not eat, nor the better if we do eat.",
        "9": "But take care that this freedom of yours does not somehow become a stumbling block to the weak.",
        "10": "For if someone sees you, the one who has knowledge, dining in an idol’s temple, will his conscience, if he is weak, not be strengthened to eat things sacrificed to idols?",
        "11": "For through your knowledge the one who is weak is ruined, the brother or sister for whose sake Christ died.",
        "12": "And so, by sinning against the brothers and sisters and wounding their conscience when it is weak, you sin against Christ.",
        "13": "Therefore, if food causes my brother to sin, I will never eat meat again, so that I will not cause my brother to sin."
    },
    "9": {
        "1": "Am I not free? Am I not an apostle? Have I not seen Jesus our Lord? Are you not my work in the Lord?",
        "2": "If I am not an apostle to others, at least I am to you; for you are the seal of my apostleship in the Lord.",
        "3": "My defense to those who examine me is this:",
        "4": "Do we not have a right to eat and drink?",
        "5": "Do we not have a right to take along a believing wife, even as the rest of the apostles and the brothers of the Lord, and Cephas?",
        "6": "Or do only Barnabas and I have no right to refrain from working?",
        "7": "Who at any time serves as a soldier at his own expense? Who plants a vineyard and does not eat its fruit? Or who tends a flock and does not consume some of the milk of the flock?",
        "8": "I am not just asserting these things according to human judgment, am I? Or does the Law not say these things as well?",
        "9": "For it is written in the Law of Moses: “Y ou shall not muzzle the ox while it is threshing.” God is not concerned about oxen, is He?",
        "10": "Or is He speaking entirely for our sake? Yes, it was written for our sake, because the plowman ought to plow in hope, and the thresher to thresh in hope of sharing in the crops.",
        "11": "If we sowed spiritual things in you, is it too much if we reap material things from you?",
        "12": "If others share the right over you, do we not more? Nevertheless, we did not use this right, but we endure all things so that we will cause no hindrance to the gospel of Christ.",
        "13": "Do you not know that those who perform sacred services eat the food of the temple, and those who attend regularly to the altar have their share from the altar?",
        "14": "So also the Lord directed those who proclaim the gospel to get their living from the gospel.",
        "15": "But I have used none of these things. And I have not written these things so that it will be done so in my case; for it would be better for me to die than that. No one shall make my boast an empty one!",
        "16": "For if I preach the gospel, I have nothing to boast about, for I am under compulsion; for woe to me if I do not preach the gospel.",
        "17": "For if I do this voluntarily, I have a reward; but if against my will, I have been entrusted with a commission nonetheless.",
        "18": "What, then, is my reward? That, when I preach the gospel, I may offer the gospel without charge, so as not to make full use of my right in the gospel.",
        "19": "For though I am free from all people, I have made myself a slave to all, so that I may gain more.",
        "20": "To the Jews I became as a Jew, so that I might gain Jews; to those who are under the Law, I became as one under the Law, though not being under the Law myself, so that I might gain those who are under the Law;",
        "21": "to those who are without the Law, I became as one without the Law, though not being without the law of God but under the law of Christ, so that I might gain those who are without the Law.",
        "22": "To the weak I became weak, that I might gain the weak; I have become all things to all people, so that I may by all means save some.",
        "23": "I do all things for the sake of the gospel, so that I may become a fellow partaker of it.",
        "24": "Do you not know that those who run in a race all run, but only one receives the prize? Run in such a way that you may win.",
        "25": "Everyone who competes in the games exercises self-control in all things. So they do it to obtain a perishable wreath, but we an imperishable.",
        "26": "Therefore I run in such a way as not to run aimlessly; I box in such a way, as to avoid hitting air;",
        "27": "but I strictly discipline my body and make it my slave, so that, after I have preached to others, I myself will not be disqualified."
    },
    "10": {
        "1": "For I do not want you to be unaware, brothers and sisters, that our fathers were all under the cloud and they all passed through the sea;",
        "2": "and they all were baptized into Moses in the cloud and in the sea;",
        "3": "and they all ate the same spiritual food,",
        "4": "and all drank the same spiritual drink, for they were drinking from a spiritual rock which followed them; and the rock was Christ.",
        "5": "Nevertheless, with most of them God was not pleased; for their dead bodies were spread out in the wilderness.",
        "6": "Now these things happened as examples for us, so that we would not crave evil things as they indeed craved them.",
        "7": "Do not be idolaters, as some of them were; as it is written: “T he people sat down to eat and to drink, and rose up to play.”",
        "8": "Nor are we to commit sexual immorality, as some of them did, and twenty-three thousand fell in one day.",
        "9": "Nor are we to put the Lord to the test, as some of them did, and were killed by the snakes.",
        "10": "Nor grumble, as some of them did, and were killed by the destroyer.",
        "11": "Now these things happened to them as an example, and they were written for our instruction, upon whom the ends of the ages have come.",
        "12": "Therefore let the one who thinks he stands watch out that he does not fall.",
        "13": "No temptation has overtaken you except something common to mankind; and God is faithful, so He will not allow you to be tempted beyond what you are able, but with the temptation will provide the way of escape also, so that you will be able to endure it.",
        "14": "Therefore, my beloved, flee from idolatry.",
        "15": "I speak as to wise people; you then, judge what I say.",
        "16": "Is the cup of blessing which we bless not a sharing in the blood of Christ? Is the bread which we break not a sharing in the body of Christ?",
        "17": "Since there is one loaf, we who are many are one body; for we all partake of the one loaf.",
        "18": "Look at the people of Israel; are those who eat the sacrifices not partners in the altar?",
        "19": "What do I mean then? That food sacrificed to idols is anything, or that an idol is anything?",
        "20": "No, but I say that things which the Gentiles sacrifice, they sacrifice to demons and not to God; and I do not want you to become partners with demons.",
        "21": "You cannot drink the cup of the Lord and the cup of demons; you cannot partake of the table of the Lord and the table of demons.",
        "22": "Or do we provoke the Lord to jealousy? We are not stronger than He, are we?",
        "23": "All things are permitted, but not all things are of benefit. All things are permitted, but not all things build people up.",
        "24": "No one is to seek his own advantage, but rather that of his neighbor.",
        "25": "Eat anything that is sold in the meat market without asking questions, for the sake of conscience;",
        "26": "for the earth is the L ord ’ s, and all it contains.",
        "27": "If one of the unbelievers invites you and you want to go, eat anything that is set before you without asking questions, for the sake of conscience.",
        "28": "But if anyone says to you, “This is meat sacrificed to idols,” do not eat it, for the sake of that one who informed you and for the sake of conscience.",
        "29": "Now by “conscience” I do not mean your own, but the other person’s; for why is my freedom judged by another’s conscience?",
        "30": "If I partake with thankfulness, why am I slandered about that for which I give thanks?",
        "31": "Therefore, whether you eat or drink, or whatever you do, do all things for the glory of God.",
        "32": "Do not offend Jews or Greeks, or the church of God;",
        "33": "just as I also please everyone in all things, not seeking my own benefit but the benefit of the many, so that they may be saved."
    },
    "11": {
        "1": "Be imitators of me, just as I also am of Christ.",
        "2": "Now I praise you because you remember me in everything and hold firmly to the traditions, just as I handed them down to you.",
        "3": "But I want you to understand that Christ is the head of every man, and the man is the head of a woman, and God is the head of Christ.",
        "4": "Every man who has something on his head while praying or prophesying disgraces his head.",
        "5": "But every woman who has her head uncovered while praying or prophesying disgraces her head, for it is one and the same as the woman whose head is shaved.",
        "6": "For if a woman does not cover her head, have her also cut her hair off; however, if it is disgraceful for a woman to have her hair cut off or her head shaved, have her cover her head.",
        "7": "For a man should not have his head covered, since he is the image and glory of God; but the woman is the glory of man.",
        "8": "For man does not originate from woman, but woman from man;",
        "9": "for indeed man was not created for the woman’s sake, but woman for the man’s sake.",
        "10": "Therefore the woman should have a symbol of authority on her head, because of the angels.",
        "11": "However, in the Lord, neither is woman independent of man, nor is man independent of woman.",
        "12": "For as the woman originated from the man, so also the man has his birth through the woman; and all things originate from God.",
        "13": "Judge for yourselves: is it proper for a woman to pray to God with her head uncovered?",
        "14": "Does even nature itself not teach you that if a man has long hair, it is a dishonor to him,",
        "15": "but if a woman has long hair, it is a glory to her? For her hair is given to her as a covering.",
        "16": "But if anyone is inclined to be contentious, we have no such practice, nor have the churches of God.",
        "17": "Now in giving this next instruction I do not praise you, because you come together not for the better, but for the worse.",
        "18": "For, in the first place, when you come together as a church, I hear that divisions exist among you; and in part I believe it.",
        "19": "For there also have to be factions among you, so that those who are approved may become evident among you.",
        "20": "Therefore when you come together it is not to eat the Lord’s Supper,",
        "21": "for when you eat, each one takes his own supper first; and one goes hungry while another gets drunk.",
        "22": "What! Do you not have houses in which to eat and drink? Or do you despise the church of God and shame those who have nothing? What am I to say to you? Shall I praise you? In this I do not praise you.",
        "23": "For I received from the Lord that which I also delivered to you, that the Lord Jesus, on the night when He was betrayed, took bread;",
        "24": "and when He had given thanks, He broke it and said, “This is My body, which is for you; do this in remembrance of Me.”",
        "25": "In the same way He also took the cup after supper, saying, “This cup is the new covenant in My blood; do this, as often as you drink it, in remembrance of Me.”",
        "26": "For as often as you eat this bread and drink the cup, you proclaim the Lord’s death until He comes.",
        "27": "Therefore whoever eats the bread or drinks the cup of the Lord in an unworthy way, shall be guilty of the body and the blood of the Lord.",
        "28": "But a person must examine himself, and in so doing he is to eat of the bread and drink of the cup.",
        "29": "For the one who eats and drinks, eats and drinks judgment to himself if he does not properly recognize the body.",
        "30": "For this reason many among you are weak and sick, and a number are asleep.",
        "31": "But if we judged ourselves rightly, we would not be judged.",
        "32": "But when we are judged, we are disciplined by the Lord so that we will not be condemned along with the world.",
        "33": "So then, my brothers and sisters, when you come together to eat, wait for one another.",
        "34": "If anyone is hungry, have him eat at home, so that you do not come together for judgment. As to the remaining matters, I will give instructions when I come."
    },
    "12": {
        "1": "Now concerning spiritual gifts, brothers and sisters, I do not want you to be unaware.",
        "2": "You know that when you were pagans, you were led astray to the mute idols, however you were led.",
        "3": "Therefore I make known to you that no one speaking by the Spirit of God says, “Jesus is accursed”; and no one can say, “Jesus is Lord,” except by the Holy Spirit.",
        "4": "Now there are varieties of gifts, but the same Spirit.",
        "5": "And there are varieties of ministries, and the same Lord.",
        "6": "There are varieties of effects, but the same God who works all things in all persons.",
        "7": "But to each one is given the manifestation of the Spirit for the common good.",
        "8": "For to one is given the word of wisdom through the Spirit, and to another the word of knowledge according to the same Spirit;",
        "9": "to another faith by the same Spirit, and to another gifts of healing by the one Spirit,",
        "10": "and to another the effecting of miracles, and to another prophecy, and to another the distinguishing of spirits, to another various kinds of tongues, and to another the interpretation of tongues.",
        "11": "But one and the same Spirit works all these things, distributing to each one individually just as He wills.",
        "12": "For just as the body is one and yet has many parts, and all the parts of the body, though they are many, are one body, so also is Christ.",
        "13": "For by one Spirit we were all baptized into one body, whether Jews or Greeks, whether slaves or free, and we were all made to drink of one Spirit.",
        "14": "For the body is not one part, but many.",
        "15": "If the foot says, “Because I am not a hand, I am not a part of the body,” it is not for this reason any less a part of the body.",
        "16": "And if the ear says, “Because I am not an eye, I am not a part of the body,” it is not for this reason any less a part of the body.",
        "17": "If the whole body were an eye, where would the hearing be? If the whole body were hearing, where would the sense of smell be?",
        "18": "But now God has arranged the parts, each one of them in the body, just as He desired.",
        "19": "If they were all one part, where would the body be?",
        "20": "But now there are many parts, but one body.",
        "21": "And the eye cannot say to the hand, “I have no need of you”; or again, the head to the feet, “I have no need of you.”",
        "22": "On the contrary, it is much truer that the parts of the body which seem to be weaker are necessary;",
        "23": "and those parts of the body which we consider less honorable, on these we bestow greater honor, and our less presentable parts become much more presentable,",
        "24": "whereas our more presentable parts have no need of it. But God has so composed the body, giving more abundant honor to that part which lacked,",
        "25": "so that there may be no division in the body, but that the parts may have the same care for one another.",
        "26": "And if one part of the body suffers, all the parts suffer with it; if a part is honored, all the parts rejoice with it.",
        "27": "Now you are Christ’s body, and individually parts of it.",
        "28": "And God has appointed in the church, first apostles, second prophets, third teachers, then miracles, then gifts of healings, helps, administrations, and various kinds of tongues.",
        "29": "All are not apostles, are they? All are not prophets, are they? All are not teachers, are they? All are not workers of miracles, are they?",
        "30": "All do not have gifts of healings, do they? All do not speak with tongues, do they? All do not interpret, do they?",
        "31": "But earnestly desire the greater gifts. A nd yet, I am going to show you a far better way."
    },
    "13": {
        "1": "If I speak with the tongues of mankind and of angels, but do not have love, I have become a noisy gong or a clanging cymbal.",
        "2": "If I have the gift of prophecy and know all mysteries and all knowledge, and if I have all faith so as to remove mountains, but do not have love, I am nothing.",
        "3": "And if I give away all my possessions to charity, and if I surrender my body so that I may glory, but do not have love, it does me no good.",
        "4": "Love is patient, love is kind, it is not jealous; love does not brag, it is not arrogant.",
        "5": "It does not act disgracefully, it does not seek its own benefit; it is not provoked, does not keep an account of a wrong suffered,",
        "6": "it does not rejoice in unrighteousness, but rejoices with the truth;",
        "7": "it keeps every confidence, it believes all things, hopes all things, endures all things.",
        "8": "Love never fails; but if there are gifts of prophecy, they will be done away with; if there are tongues, they will cease; if there is knowledge, it will be done away with.",
        "9": "For we know in part and prophesy in part;",
        "10": "but when the perfect comes, the partial will be done away with.",
        "11": "When I was a child, I used to speak like a child, think like a child, reason like a child; when I became a man, I did away with childish things.",
        "12": "For now we see in a mirror dimly, but then face to face; now I know in part, but then I will know fully, just as I also have been fully known.",
        "13": "But now faith, hope, and love remain, these three; but the greatest of these is love."
    },
    "14": {
        "1": "Pursue love, yet earnestly desire spiritual gifts, but especially that you may prophesy.",
        "2": "For the one who speaks in a tongue does not speak to people, but to God; for no one understands, but in his spirit he speaks mysteries.",
        "3": "But the one who prophesies speaks to people for edification, exhortation, and consolation.",
        "4": "The one who speaks in a tongue edifies himself; but the one who prophesies edifies the church.",
        "5": "Now I wish that you all spoke in tongues, but rather that you would prophesy; and greater is the one who prophesies than the one who speaks in tongues, unless he interprets, so that the church may receive edification.",
        "6": "But now, brothers and sisters, if I come to you speaking in tongues, how will I benefit you unless I speak to you either by way of revelation, or of knowledge, or of prophecy, or of teaching?",
        "7": "Yet even lifeless instruments, whether flute or harp, in producing a sound, if they do not produce a distinction in the tones, how will it be known what is played on the flute or on the harp?",
        "8": "For if the trumpet produces an indistinct sound, who will prepare himself for battle?",
        "9": "So you too, unless you produce intelligible speech by the tongue, how will it be known what is spoken? For you will just be talking to the air.",
        "10": "There are, perhaps, a great many kinds of languages in the world, and none is incapable of meaning.",
        "11": "So if I do not know the meaning of the language, I will be unintelligible to the one who speaks, and the one who speaks will be unintelligible to me.",
        "12": "So you too, since you are eager to possess spiritual gifts, strive to excel for the edification of the church.",
        "13": "Therefore, one who speaks in a tongue is to pray that he may interpret.",
        "14": "For if I pray in a tongue, my spirit prays, but my mind is unproductive.",
        "15": "What is the outcome then? I will pray with the spirit, but I will pray with the mind also; I will sing with the spirit, but I will sing with the mind also.",
        "16": "For otherwise, if you bless God in the spirit only, how will the one who occupies the place of the outsider know to say the “Amen” at your giving of thanks, since he does not understand what you are saying?",
        "17": "For you are giving thanks well enough, but the other person is not edified.",
        "18": "I thank God, I speak in tongues more than you all;",
        "19": "nevertheless, in church I prefer to speak five words with my mind so that I may instruct others also, rather than ten thousand words in a tongue.",
        "20": "Brothers and sisters, do not be children in your thinking; yet in evil be infants, but in your thinking be mature.",
        "21": "In the Law it is written: “B y men of strange tongues and by the lips of strangers I will speak to this people, and even so they will not listen to M e,” says the Lord.",
        "22": "So then, tongues are for a sign, not to those who believe but to unbelievers; but prophecy is not for unbelievers, but for those who believe.",
        "23": "Therefore if the whole church gathers together and all the people speak in tongues, and outsiders or unbelievers enter, will they not say that you are insane?",
        "24": "But if all prophesy, and an unbeliever or an outsider enters, he is convicted by all, he is called to account by all;",
        "25": "the secrets of his heart are disclosed; and so he will fall on his face and worship God, declaring that God is certainly among you.",
        "26": "What is the outcome then, brothers and sisters? When you assemble, each one has a psalm, has a teaching, has a revelation, has a tongue, has an interpretation. All things are to be done for edification.",
        "27": "If anyone speaks in a tongue, it must be by two or at the most three, and each one in turn, and one is to interpret;",
        "28": "but if there is no interpreter, he is to keep silent in church; and have him speak to himself and to God.",
        "29": "Have two or three prophets speak, and have the others pass judgment.",
        "30": "But if a revelation is made to another who is seated, then the first one is to keep silent.",
        "31": "For you can all prophesy one by one, so that all may learn and all may be exhorted;",
        "32": "and the spirits of prophets are subject to prophets;",
        "33": "for God is not a God of confusion, but of peace. A s in all the churches of the saints,",
        "34": "the women are to keep silent in the churches; for they are not permitted to speak, but are to subject themselves, just as the Law also says.",
        "35": "If they desire to learn anything, let them ask their own husbands at home; for it is improper for a woman to speak in church.",
        "36": "Or was it from you that the word of God first went out? Or has it come to you only?",
        "37": "If anyone thinks that he is a prophet or spiritual, let him recognize that the things which I write to you are the Lord’s commandment.",
        "38": "But if anyone does not recognize this, he is not recognized.",
        "39": "Therefore, my brothers and sisters, earnestly desire to prophesy, and do not forbid speaking in tongues.",
        "40": "But all things must be done properly and in an orderly way."
    },
    "15": {
        "1": "Now I make known to you, brothers and sisters, the gospel which I preached to you, which you also received, in which you also stand,",
        "2": "by which you also are saved, if you hold firmly to the word which I preached to you, unless you believed in vain.",
        "3": "For I handed down to you as of first importance what I also received, that Christ died for our sins according to the Scriptures,",
        "4": "and that He was buried, and that He was raised on the third day according to the Scriptures,",
        "5": "and that He appeared to Cephas, then to the twelve.",
        "6": "After that He appeared to more than five hundred brothers and sisters at one time, most of whom remain until now, but some have fallen asleep;",
        "7": "then He appeared to James, then to all the apostles;",
        "8": "and last of all, as to one untimely born, He appeared to me also.",
        "9": "For I am the least of the apostles, and not fit to be called an apostle, because I persecuted the church of God.",
        "10": "But by the grace of God I am what I am, and His grace toward me did not prove vain; but I labored even more than all of them, yet not I, but the grace of God with me.",
        "11": "Whether then it was I or they, so we preach and so you believed.",
        "12": "Now if Christ is preached, that He has been raised from the dead, how do some among you say that there is no resurrection of the dead?",
        "13": "But if there is no resurrection of the dead, then not even Christ has been raised;",
        "14": "and if Christ has not been raised, then our preaching is in vain, your faith also is in vain.",
        "15": "Moreover, we are even found to be false witnesses of God, because we testified against God that He raised Christ, whom He did not raise, if in fact the dead are not raised.",
        "16": "For if the dead are not raised, then not even Christ has been raised;",
        "17": "and if Christ has not been raised, your faith is worthless; you are still in your sins.",
        "18": "Then also those who have fallen asleep in Christ have perished.",
        "19": "If we have hoped in Christ only in this life, we are of all people most to be pitied.",
        "20": "But the fact is, Christ has been raised from the dead, the first fruits of those who are asleep.",
        "21": "For since by a man death came, by a Man also came the resurrection of the dead.",
        "22": "For as in Adam all die, so also in Christ all will be made alive.",
        "23": "But each in his own order: Christ the first fruits, after that those who are Christ’s at His coming,",
        "24": "then comes the end, when He hands over the kingdom to our God and Father, when He has abolished all rule and all authority and power.",
        "25": "For He must reign until He has put all His enemies under His feet.",
        "26": "The last enemy that will be abolished is death.",
        "27": "For H e has put all things in subjection under H is feet. But when He says, “All things are put in subjection,” it is clear that this excludes the Father who put all things in subjection to Him.",
        "28": "When all things are subjected to Him, then the Son Himself will also be subjected to the One who subjected all things to Him, so that God may be all in all.",
        "29": "For otherwise, what will those do who are baptized for the dead? If the dead are not raised at all, why then are they baptized for them?",
        "30": "Why are we also in danger every hour?",
        "31": "I affirm, brothers and sisters, by the boasting in you which I have in Christ Jesus our Lord, that I die daily.",
        "32": "If from human motives I fought with wild beasts at Ephesus, what good is it to me? If the dead are not raised, let ’ s eat and drink, for tomorrow we die.",
        "33": "Do not be deceived: “Bad company corrupts good morals.”",
        "34": "Sober up morally and stop sinning, for some have no knowledge of God. I say this to your shame.",
        "35": "But someone will say, “How are the dead raised? And with what kind of body do they come?”",
        "36": "You fool! That which you sow does not come to life unless it dies;",
        "37": "and that which you sow, you do not sow the body which is to be, but a bare grain, perhaps of wheat or of something else.",
        "38": "But God gives it a body just as He wished, and to each of the seeds a body of its own.",
        "39": "All flesh is not the same flesh, but there is one flesh of mankind, another flesh of animals, another flesh of birds, and another of fish.",
        "40": "There are also heavenly bodies and earthly bodies, but the glory of the heavenly is one, and the glory of the earthly is another.",
        "41": "There is one glory of the sun, another glory of the moon, and another glory of the stars; for star differs from star in glory.",
        "42": "So also is the resurrection of the dead. It is sown a perishable body, it is raised an imperishable body;",
        "43": "it is sown in dishonor, it is raised in glory; it is sown in weakness, it is raised in power;",
        "44": "it is sown a natural body, it is raised a spiritual body. If there is a natural body, there is also a spiritual body.",
        "45": "So also it is written: “The first man, Adam, became a living person.” The last Adam was a life-giving spirit.",
        "46": "However, the spiritual is not first, but the natural; then the spiritual.",
        "47": "The first man is from the earth, earthy; the second Man is from heaven.",
        "48": "As is the earthy one, so also are those who are earthy; and as is the heavenly One, so also are those who are heavenly.",
        "49": "Just as we have borne the image of the earthy, we will also bear the image of the heavenly.",
        "50": "Now I say this, brothers and sisters, that flesh and blood cannot inherit the kingdom of God; nor does the perishable inherit the imperishable.",
        "51": "Behold, I am telling you a mystery; we will not all sleep, but we will all be changed,",
        "52": "in a moment, in the twinkling of an eye, at the last trumpet; for the trumpet will sound, and the dead will be raised imperishable, and we will be changed.",
        "53": "For this perishable must put on the imperishable, and this mortal must put on immortality.",
        "54": "But when this perishable puts on the imperishable, and this mortal puts on immortality, then will come about the saying that is written: “D eath has been swallowed up in victory.",
        "55": "W here, O D eath, is your victory? W here, O D eath, is your sting?”",
        "56": "The sting of death is sin, and the power of sin is the Law;",
        "57": "but thanks be to God, who gives us the victory through our Lord Jesus Christ.",
        "58": "Therefore, my beloved brothers and sisters, be firm, immovable, always excelling in the work of the Lord, knowing that your labor is not in vain in the Lord."
    },
    "16": {
        "1": "Now concerning the collection for the saints, as I directed the churches of Galatia, so you are to do as well.",
        "2": "On the first day of every week, each of you is to put aside and save as he may prosper, so that no collections need to be made when I come.",
        "3": "When I arrive, whomever you approve, I will send them with letters to take your gift to Jerusalem;",
        "4": "and if it is appropriate for me to go also, they will go with me.",
        "5": "But I will come to you after I go through Macedonia; for I am going through Macedonia,",
        "6": "and perhaps I will stay with you or even spend the winter, so that you may send me on my way wherever I go.",
        "7": "For I do not want to see you now just in passing; for I hope to remain with you for some time, if the Lord permits.",
        "8": "But I will remain in Ephesus until Pentecost;",
        "9": "for a wide door for effective service has opened to me, and there are many adversaries.",
        "10": "Now if Timothy comes, see that he has no reason to be afraid while among you, for he is doing the Lord’s work, as I also am.",
        "11": "So do not look down on him, anyone. But send him on his way in peace, so that he may come to me; for I expect him with the brothers.",
        "12": "Now concerning our brother Apollos, I strongly encouraged him to come to you with the brothers; and it was not at all his desire to come now, but he will come when he has the opportunity.",
        "13": "Be on the alert, stand firm in the faith, act like men, be strong.",
        "14": "All that you do must be done in love.",
        "15": "Now I urge you, brothers and sisters: you know the household of Stephanas, that they are the first fruits of Achaia, and that they have devoted themselves to ministry to the saints;",
        "16": "I urge that you also be subject to such as these and to everyone who helps in the work and labors.",
        "17": "I rejoice over the coming of Stephanas, Fortunatus, and Achaicus, because they have supplied what was lacking on your part.",
        "18": "For they have refreshed my spirit and yours. Therefore acknowledge such men.",
        "19": "The churches of Asia greet you. Aquila and Prisca greet you heartily in the Lord, with the church that is in their house.",
        "20": "All the brothers and sisters greet you. Greet one another with a holy kiss.",
        "21": "The greeting is in my own hand— that of Paul.",
        "22": "If anyone does not love the Lord, he is to be accursed. Maranatha!",
        "23": "The grace of the Lord Jesus be with you.",
        "24": "My love be with you all in Christ Jesus. Amen."
    }
}