{
    "1": {
        "1": "Paul, an apostle (not sent from men nor through human agency, but through Jesus Christ and God the Father, who raised Him from the dead),",
        "2": "and all the brothers who are with me, T o the churches of Galatia:",
        "3": "Grace to you and peace from God the Father and our Lord Jesus Christ,",
        "4": "who gave Himself for our sins so that He might rescue us from this present evil age, according to the will of our God and Father,",
        "5": "to whom be the glory forevermore. Amen.",
        "6": "I am amazed that you are so quickly deserting Him who called you by the grace of Christ, for a different gospel,",
        "7": "which is not just another account; but there are some who are disturbing you and want to distort the gospel of Christ.",
        "8": "But even if we, or an angel from heaven, should preach to you a gospel contrary to what we have preached to you, he is to be accursed!",
        "9": "As we have said before, even now I say again: if anyone is preaching to you a gospel contrary to what you received, he is to be accursed!",
        "10": "For am I now seeking the favor of people, or of God? Or am I striving to please people? If I were still trying to please people, I would not be a bond-servant of Christ.",
        "11": "For I would have you know, brothers and sisters, that the gospel which was preached by me is not of human invention.",
        "12": "For I neither received it from man, nor was I taught it, but I received it through a revelation of Jesus Christ.",
        "13": "For you have heard of my former way of life in Judaism, how I used to persecute the church of God beyond measure and tried to destroy it;",
        "14": "and I was advancing in Judaism beyond many of my contemporaries among my countrymen, being more extremely zealous for my ancestral traditions.",
        "15": "But when He who had set me apart even from my mother’s womb and called me through His grace was pleased",
        "16": "to reveal His Son in me so that I might preach Him among the Gentiles, I did not immediately consult with flesh and blood,",
        "17": "nor did I go up to Jerusalem to those who were apostles before me; but I went away to Arabia, and returned once more to Damascus.",
        "18": "Then three years later I went up to Jerusalem to become acquainted with Cephas, and stayed with him for fifteen days.",
        "19": "But I did not see another one of the apostles except James, the Lord’s brother.",
        "20": "(Now in what I am writing to you, I assure you before God that I am not lying.)",
        "21": "Then I went into the regions of Syria and Cilicia.",
        "22": "I was still unknown by sight to the churches of Judea which are in Christ;",
        "23": "but they only kept hearing, “The man who once persecuted us is now preaching the faith which he once tried to destroy.”",
        "24": "And they were glorifying God because of me."
    },
    "2": {
        "1": "Then after an interval of fourteen years I went up again to Jerusalem with Barnabas, taking Titus along also.",
        "2": "It was because of a revelation that I went up; and I submitted to them the gospel which I preach among the Gentiles, but I did so in private to those who were of reputation, for fear that somehow I might be running, or had run, in vain.",
        "3": "But not even Titus, who was with me, though he was a Greek, was compelled to be circumcised.",
        "4": "Yet it was a concern because of the false brothers secretly brought in, who had sneaked in to spy on our freedom which we have in Christ Jesus, in order to enslave us.",
        "5": "But we did not yield in subjection to them, even for an hour, so that the truth of the gospel would remain with you.",
        "6": "But from those who were of considerable repute (what they were makes no difference to me; God shows no favoritism)—well, those who were of repute contributed nothing to me.",
        "7": "But on the contrary, seeing that I had been entrusted with the gospel to the uncircumcised, just as Peter had been to the circumcised",
        "8": "(for He who was at work for Peter in his apostleship to the circumcised was at work for me also to the Gentiles),",
        "9": "and recognizing the grace that had been given to me, James and Cephas and John, who were reputed to be pillars, gave to me and Barnabas the right hand of fellowship, so that we might go to the Gentiles, and they to the circumcised.",
        "10": "They only asked us to remember the poor—the very thing I also was eager to do.",
        "11": "But when Cephas came to Antioch, I opposed him to his face, because he stood condemned.",
        "12": "For prior to the coming of some men from James, he used to eat with the Gentiles; but when they came, he began to withdraw and separate himself, fearing those from the circumcision.",
        "13": "The rest of the Jews joined him in hypocrisy, with the result that even Barnabas was carried away by their hypocrisy.",
        "14": "But when I saw that they were not straightforward about the truth of the gospel, I said to Cephas in the presence of all, “If you, being a Jew, live like the Gentiles and not like the Jews, how is it that you compel the Gentiles to live like Jews?",
        "15": "“We are Jews by nature and not sinners from the Gentiles;",
        "16": "nevertheless, knowing that a person is not justified by works of the Law but through faith in Christ Jesus, even we have believed in Christ Jesus, so that we may be justified by faith in Christ and not by works of the Law; since by works of the Law no flesh will be justified.",
        "17": "But if, while seeking to be justified in Christ, we ourselves have also been found sinners, is Christ then a servant of sin? Far from it!",
        "18": "For if I rebuild what I have once destroyed, I prove myself to be a wrongdoer.",
        "19": "For through the Law I died to the Law, so that I might live for God.",
        "20": "I have been crucified with Christ; and it is no longer I who live, but Christ lives in me; and the life which I now live in the flesh I live by faith in the Son of God, who loved me and gave Himself up for me.",
        "21": "I do not nullify the grace of God, for if righteousness comes through the Law, then Christ died needlessly.”"
    },
    "3": {
        "1": "You foolish Galatians, who has bewitched you, before whose eyes Jesus Christ was publicly portrayed as crucified?",
        "2": "This is the only thing I want to find out from you: did you receive the Spirit by works of the Law, or by hearing with faith?",
        "3": "Are you so foolish? Having begun by the Spirit, are you now being perfected by the flesh?",
        "4": "Did you suffer so many things in vain—if indeed it was in vain?",
        "5": "So then, does He who provides you with the Spirit and works miracles among you, do it by works of the Law, or by hearing with faith?",
        "6": "Just as Abraham believed G od, and it was credited to him as righteousness.",
        "7": "Therefore, recognize that it is those who are of faith who are sons of Abraham.",
        "8": "The Scripture, foreseeing that God would justify the Gentiles by faith, preached the gospel beforehand to Abraham, saying, “A ll the nations will be blessed in you.”",
        "9": "So then, those who are of faith are blessed with Abraham, the believer.",
        "10": "For all who are of works of the Law are under a curse; for it is written: “C ursed is everyone who does not abide by all the things written in the book of the L aw, to do them.”",
        "11": "Now, that no one is justified by the Law before God is evident; for, “ the righteous one will live by faith.”",
        "12": "However, the Law is not of faith; on the contrary, “T he person who performs them will live by them.”",
        "13": "Christ redeemed us from the curse of the Law, having become a curse for us—for it is written: “C ursed is everyone who hangs on a tree ”—",
        "14": "in order that in Christ Jesus the blessing of Abraham would come to the Gentiles, so that we would receive the promise of the Spirit through faith.",
        "15": "Brothers and sisters, I speak in terms of human relations: even though it is only a man’s covenant, yet when it has been ratified, no one sets it aside or adds conditions to it.",
        "16": "Now the promises were spoken to Abraham and to his seed. He does not say, “And to seeds,” as one would in referring to many, but rather as in referring to one, “And to your seed,” that is, Christ.",
        "17": "What I am saying is this: the Law, which came 430 years later, does not invalidate a covenant previously ratified by God, so as to nullify the promise.",
        "18": "For if the inheritance is based on law, it is no longer based on a promise; but God has granted it to Abraham by means of a promise.",
        "19": "Why the Law then? It was added on account of the violations, having been ordered through angels at the hand of a mediator, until the Seed would come to whom the promise had been made.",
        "20": "Now a mediator is not for one party only; but God is only one.",
        "21": "Is the Law then contrary to the promises of God? Far from it! For if a law had been given that was able to impart life, then righteousness would indeed have been based on law.",
        "22": "But the Scripture has confined everyone under sin, so that the promise by faith in Jesus Christ might be given to those who believe.",
        "23": "But before faith came, we were kept in custody under the Law, being confined for the faith that was destined to be revealed.",
        "24": "Therefore the Law has become our guardian to lead us to Christ, so that we may be justified by faith.",
        "25": "But now that faith has come, we are no longer under a guardian.",
        "26": "For you are all sons and daughters of God through faith in Christ Jesus.",
        "27": "For all of you who were baptized into Christ have clothed yourselves with Christ.",
        "28": "There is neither Jew nor Greek, there is neither slave nor free, there is neither male nor female; for you are all one in Christ Jesus.",
        "29": "And if you belong to Christ, then you are Abraham’s descendants, heirs according to promise."
    },
    "4": {
        "1": "Now I say, as long as the heir is a child, he does not differ at all from a slave, although he is owner of everything,",
        "2": "but he is under guardians and managers until the date set by the father.",
        "3": "So we too, when we were children, were held in bondage under the elementary principles of the world.",
        "4": "But when the fullness of the time came, God sent His Son, born of a woman, born under the Law,",
        "5": "so that He might redeem those who were under the Law, that we might receive the adoption as sons and daughters.",
        "6": "Because you are sons, God has sent the Spirit of His Son into our hearts, crying out, “Abba! Father!”",
        "7": "Therefore you are no longer a slave, but a son; and if a son, then an heir through God.",
        "8": "However at that time, when you did not know God, you were slaves to those which by nature are not gods.",
        "9": "But now that you have come to know God, or rather to be known by God, how is it that you turn back again to the weak and worthless elementary principles, to which you want to be enslaved all over again?",
        "10": "You meticulously observe days and months and seasons and years.",
        "11": "I fear for you, that perhaps I have labored over you in vain.",
        "12": "I beg of you, brothers and sisters, become as I am, for I also have become as you are. You have done me no wrong;",
        "13": "but you know that it was because of a bodily illness that I preached the gospel to you the first time;",
        "14": "and you did not despise that which was a trial to you in my bodily condition, nor express contempt, but you received me as an angel of God, as Christ Jesus Himself.",
        "15": "Where then is that sense of blessing you had? For I testify about you that, if possible, you would have torn out your eyes and given them to me.",
        "16": "So have I become your enemy by telling you the truth?",
        "17": "They eagerly seek you, not in a commendable way, but they want to shut you out so that you will seek them.",
        "18": "But it is good always to be eagerly sought in a commendable way, and not only when I am present with you.",
        "19": "My children, with whom I am again in labor until Christ is formed in you—",
        "20": "but I could wish to be present with you now and to change my tone of voice, for I am at a loss about you!",
        "21": "Tell me, you who want to be under law, do you not listen to the Law?",
        "22": "For it is written that Abraham had two sons, one by the slave woman and one by the free woman.",
        "23": "But the son by the slave woman was born according to the flesh, and the son by the free woman through the promise.",
        "24": "This is speaking allegorically, for these women are two covenants: one coming from Mount Sinai giving birth to children who are to be slaves; she is Hagar.",
        "25": "Now this Hagar is Mount Sinai in Arabia and corresponds to the present Jerusalem, for she is enslaved with her children.",
        "26": "But the Jerusalem above is free; she is our mother.",
        "27": "For it is written: “R ejoice, infertile one, you who do not give birth; B reak forth and shout, you who are not in labor; F or the children of the desolate one are more numerous T han those of the one who has a husband.”",
        "28": "And you, brothers and sisters, like Isaac, are children of promise.",
        "29": "But as at that time the son who was born according to the flesh persecuted the one who was born according to the Spirit, so it is even now.",
        "30": "But what does the Scripture say? “D rive out the slave woman and her son, F or the son of the slave woman shall not be an heir with the son of the free woman.”",
        "31": "So then, brothers and sisters, we are not children of a slave woman, but of the free woman."
    },
    "5": {
        "1": "It was for freedom that Christ set us free; therefore keep standing firm and do not be subject again to a yoke of slavery.",
        "2": "Look! I, Paul, tell you that if you have yourselves circumcised, Christ will be of no benefit to you.",
        "3": "And I testify again to every man who has himself circumcised, that he is obligated to keep the whole Law.",
        "4": "You have been severed from Christ, you who are seeking to be justified by the Law; you have fallen from grace.",
        "5": "For we, through the Spirit, by faith, are waiting for the hope of righteousness.",
        "6": "For in Christ Jesus neither circumcision nor uncircumcision means anything, but faith working through love.",
        "7": "You were running well; who hindered you from obeying the truth?",
        "8": "This persuasion did not come from Him who calls you.",
        "9": "A little leaven leavens the whole lump of dough.",
        "10": "I have confidence in you in the Lord, that you will adopt no other view; but the one who is disturbing you will bear the punishment, whoever he is.",
        "11": "But as for me, brothers and sisters, if I still preach circumcision, why am I still persecuted? Then the stumbling block of the cross has been eliminated.",
        "12": "I wish that those who are troubling you would even emasculate themselves.",
        "13": "For you were called to freedom, brothers and sisters; only do not turn your freedom into an opportunity for the flesh, but serve one another through love.",
        "14": "For the whole Law is fulfilled in one word, in the statement, “Y ou shall love your neighbor as yourself.”",
        "15": "But if you bite and devour one another, take care that you are not consumed by one another.",
        "16": "But I say, walk by the Spirit, and you will not carry out the desire of the flesh.",
        "17": "For the desire of the flesh is against the Spirit, and the Spirit against the flesh; for these are in opposition to one another, in order to keep you from doing whatever you want.",
        "18": "But if you are led by the Spirit, you are not under the Law.",
        "19": "Now the deeds of the flesh are evident, which are: sexual immorality, impurity, indecent behavior,",
        "20": "idolatry, witchcraft, hostilities, strife, jealousy, outbursts of anger, selfish ambition, dissensions, factions,",
        "21": "envy, drunkenness, carousing, and things like these, of which I forewarn you, just as I have forewarned you, that those who practice such things will not inherit the kingdom of God.",
        "22": "But the fruit of the Spirit is love, joy, peace, patience, kindness, goodness, faithfulness,",
        "23": "gentleness, self-control; against such things there is no law.",
        "24": "Now those who belong to Christ Jesus crucified the flesh with its passions and desires.",
        "25": "If we live by the Spirit, let’s follow the Spirit as well.",
        "26": "Let’s not become boastful, challenging one another, envying one another."
    },
    "6": {
        "1": "Brothers and sisters, even if a person is caught in any wrongdoing, you who are spiritual are to restore such a person in a spirit of gentleness; each one looking to yourself, so that you are not tempted as well.",
        "2": "Bear one another’s burdens, and thereby fulfill the law of Christ.",
        "3": "For if anyone thinks that he is something when he is nothing, he deceives himself.",
        "4": "But each one must examine his own work, and then he will have reason for boasting, but to himself alone, and not to another.",
        "5": "For each one will bear his own load.",
        "6": "The one who is taught the word is to share all good things with the one who teaches him.",
        "7": "Do not be deceived, God is not mocked; for whatever a person sows, this he will also reap.",
        "8": "For the one who sows to his own flesh will reap destruction from the flesh, but the one who sows to the Spirit will reap eternal life from the Spirit.",
        "9": "Let’s not become discouraged in doing good, for in due time we will reap, if we do not become weary.",
        "10": "So then, while we have opportunity, let’s do good to all people, and especially to those who are of the household of the faith.",
        "11": "See with what large letters I have written to you with my own hand!",
        "12": "All who want to make a good showing in the flesh try to compel you to be circumcised, simply so that they will not be persecuted for the cross of Christ.",
        "13": "For those who are circumcised do not even keep the Law themselves, but they want to have you circumcised so that they may boast in your flesh.",
        "14": "But far be it from me to boast, except in the cross of our Lord Jesus Christ, through which the world has been crucified to me, and I to the world.",
        "15": "For neither is circumcision anything, nor uncircumcision, but a new creation.",
        "16": "And all who will follow this rule, peace and mercy be upon them, and upon the Israel of God.",
        "17": "From now on let no one cause trouble for me, for I bear on my body the marks of Jesus.",
        "18": "The grace of our Lord Jesus Christ be with your spirit, brothers and sisters. Amen."
    }
}