{
    "1": {
        "1": "God, after He spoke long ago to the fathers in the prophets in many portions and in many ways,",
        "2": "in these last days has spoken to us in His Son, whom He appointed heir of all things, through whom He also made the world.",
        "3": "And He is the radiance of His glory and the exact representation of His nature, and upholds all things by the word of His power. When He had made purification of sins, He sat down at the right hand of the Majesty on high,",
        "4": "having become so much better than the angels, to the extent that He has inherited a more excellent name than they.",
        "5": "For to which of the angels did He ever say, “Y ou are M y S on, T oday I have fathered Y ou ”? And again, “I will be a F ather to H im A nd H e will be a S on to M e ”?",
        "6": "And when He again brings the firstborn into the world, He says, “A nd let all the angels of G od worship H im.”",
        "7": "And regarding the angels He says, “H e makes H is angels winds, A nd H is ministers a flame of fire.”",
        "8": "But regarding the Son He says, “Y our throne, G od, is forever and ever, A nd the scepter of righteousness is the scepter of H is kingdom.",
        "9": "“Y ou have loved righteousness and hated lawlessness; T herefore G od, Y our G od, has anointed Y ou W ith the oil of joy above Y our companions.”",
        "10": "And, “Y ou, L ord, in the beginning laid the foundation of the earth, A nd the heavens are the works of Y our hands;",
        "11": "T hey will perish, but Y ou remain; A nd they all will wear out like a garment,",
        "12": "A nd like a robe Y ou will roll them up; L ike a garment they will also be changed. B ut Y ou are the same, A nd Y our years will not come to an end.”",
        "13": "But to which of the angels has He ever said, “S it at M y right hand, U ntil I make Y our enemies A footstool for Y our feet ”?",
        "14": "Are they not all ministering spirits, sent out to provide service for the sake of those who will inherit salvation?"
    },
    "2": {
        "1": "For this reason we must pay much closer attention to what we have heard, so that we do not drift away from it.",
        "2": "For if the word spoken through angels proved unalterable, and every violation and act of disobedience received a just punishment,",
        "3": "how will we escape if we neglect so great a salvation? After it was at first spoken through the Lord, it was confirmed to us by those who heard,",
        "4": "God also testifying with them, both by signs and wonders, and by various miracles and by gifts of the Holy Spirit according to His own will.",
        "5": "For He did not subject to angels the world to come, about which we are speaking.",
        "6": "But someone has testified somewhere, saying, “W hat is man, that Y ou think of him? O r a son of man, that Y ou are concerned about him?",
        "7": "“Y ou have made him for a little while lower than angels; Y ou have crowned him with glory and honor;",
        "8": "Y ou have put everything in subjection under his feet.” For in subjecting all things to him, He left nothing that is not subject to him. But now we do not yet see all things subjected to him.",
        "9": "But we do see Him who was made for a little while lower than the angels, namely, Jesus, because of His suffering death crowned with glory and honor, so that by the grace of God He might taste death for everyone.",
        "10": "For it was fitting for Him, for whom are all things, and through whom are all things, in bringing many sons to glory, to perfect the originator of their salvation through sufferings.",
        "11": "For both He who sanctifies and those who are sanctified are all from one Father; for this reason He is not ashamed to call them brothers and sisters,",
        "12": "saying, “I will proclaim Y our name to M y brothers, I n the midst of the assembly I will sing Y our praise.”",
        "13": "And again, “I will put M y trust in H im.” “B ehold, I and the children whom G od has given M e.”",
        "14": "Therefore, since the children share in flesh and blood, He Himself likewise also partook of the same, so that through death He might destroy the one who has the power of death, that is, the devil,",
        "15": "and free those who through fear of death were subject to slavery all their lives.",
        "16": "For clearly He does not give help to angels, but He gives help to the descendants of Abraham.",
        "17": "Therefore, in all things He had to be made like His brothers so that He might become a merciful and faithful high priest in things pertaining to God, to make propitiation for the sins of the people.",
        "18": "For since He Himself was tempted in that which He has suffered, He is able to come to the aid of those who are tempted."
    },
    "3": {
        "1": "Therefore, holy brothers and sisters, partakers of a heavenly calling, consider the Apostle and High Priest of our confession: Jesus;",
        "2": "He was faithful to Him who appointed Him, as Moses also was in all His house.",
        "3": "For He has been counted worthy of more glory than Moses, by just so much as the builder of the house has more honor than the house.",
        "4": "For every house is built by someone, but the builder of all things is God.",
        "5": "Now Moses was faithful in all God’s house as a servant, for a testimony of those things which were to be spoken later;",
        "6": "but Christ was faithful as a Son over His house—whose house we are, if we hold firmly to our confidence and the boast of our hope.",
        "7": "Therefore, just as the Holy Spirit says, “T oday if you hear H is voice,",
        "8": "D o not harden your hearts as when they provoked M e, A s on the day of trial in the wilderness,",
        "9": "W here your fathers put M e to the test, A nd saw M y works for forty years.",
        "10": "“T herefore I was angry with this generation, A nd said, ‘T hey always go astray in their heart, A nd they did not know M y ways ’;",
        "11": "A s I swore in M y anger, ‘T hey certainly shall not enter M y rest.’ ”",
        "12": "Take care, brothers and sisters, that there will not be in any one of you an evil, unbelieving heart that falls away from the living God.",
        "13": "But encourage one another every day, as long as it is still called “today,” so that none of you will be hardened by the deceitfulness of sin.",
        "14": "For we have become partakers of Christ if we keep the beginning of our commitment firm until the end,",
        "15": "while it is said, “T oday if you hear H is voice, D o not harden your hearts, as when they provoked M e.”",
        "16": "For who provoked Him when they had heard? Indeed, did not all those who came out of Egypt led by Moses?",
        "17": "And with whom was He angry for forty years? Was it not with those who sinned, whose dead bodies fell in the wilderness?",
        "18": "And to whom did He swear that they would not enter His rest, but to those who were disobedient?",
        "19": "And so we see that they were not able to enter because of unbelief."
    },
    "4": {
        "1": "Therefore, we must fear if, while a promise remains of entering His rest, any one of you may seem to have come short of it.",
        "2": "For indeed we have had good news preached to us, just as they also did; but the word they heard did not benefit them, because they were not united with those who listened with faith.",
        "3": "For we who have believed enter that rest, just as He has said, “A s I swore in M y anger, T hey certainly shall not enter M y rest,” although His works were finished from the foundation of the world.",
        "4": "For He has said somewhere concerning the seventh day: “A nd G od rested on the seventh day from all H is works ”;",
        "5": "and again in this passage, “T hey certainly shall not enter M y rest.”",
        "6": "Therefore, since it remains for some to enter it, and those who previously had good news preached to them failed to enter because of disobedience,",
        "7": "He again sets a certain day, “Today,” saying through David after so long a time just as has been said before, “T oday if you hear H is voice, D o not harden your hearts.”",
        "8": "For if Joshua had given them rest, He would not have spoken of another day after that.",
        "9": "Consequently, there remains a Sabbath rest for the people of God.",
        "10": "For the one who has entered His rest has himself also rested from his works, as God did from His.",
        "11": "Therefore let’s make every effort to enter that rest, so that no one will fall by following the same example of disobedience.",
        "12": "For the word of God is living and active, and sharper than any two-edged sword, even penetrating as far as the division of soul and spirit, of both joints and marrow, and able to judge the thoughts and intentions of the heart.",
        "13": "And there is no creature hidden from His sight, but all things are open and laid bare to the eyes of Him to whom we must answer.",
        "14": "Therefore, since we have a great high priest who has passed through the heavens, Jesus the Son of God, let’s hold firmly to our confession.",
        "15": "For we do not have a high priest who cannot sympathize with our weaknesses, but One who has been tempted in all things just as we are, yet without sin.",
        "16": "Therefore let’s approach the throne of grace with confidence, so that we may receive mercy and find grace for help at the time of our need."
    },
    "5": {
        "1": "For every high priest taken from among men is appointed on behalf of people in things pertaining to God, in order to offer both gifts and sacrifices for sins;",
        "2": "he can deal gently with the ignorant and misguided, since he himself also is clothed in weakness;",
        "3": "and because of it he is obligated to offer sacrifices for sins for himself, as well as for the people.",
        "4": "And no one takes the honor for himself, but receives it when he is called by God, just as Aaron also was.",
        "5": "So too Christ did not glorify Himself in becoming a high priest, but it was He who said to Him, “Y ou are M y S on, T oday I have fathered Y ou ”;",
        "6": "just as He also says in another passage, “Y ou are a priest forever A ccording to the order of M elchizedek.”",
        "7": "In the days of His humanity, He offered up both prayers and pleas with loud crying and tears to the One able to save Him from death, and He was heard because of His devout behavior.",
        "8": "Although He was a Son, He learned obedience from the things which He suffered.",
        "9": "And having been perfected, He became the source of eternal salvation for all those who obey Him,",
        "10": "being designated by God as High Priest according to the order of Melchizedek.",
        "11": "Concerning him we have much to say, and it is difficult to explain, since you have become poor listeners.",
        "12": "For though by this time you ought to be teachers, you have need again for someone to teach you the elementary principles of the actual words of God, and you have come to need milk and not solid food.",
        "13": "For everyone who partakes only of milk is unacquainted with the word of righteousness, for he is an infant.",
        "14": "But solid food is for the mature, who because of practice have their senses trained to distinguish between good and evil."
    },
    "6": {
        "1": "Therefore leaving the elementary teaching about the Christ, let us press on to maturity, not laying again a foundation of repentance from dead works and of faith toward God,",
        "2": "of instruction about washings and laying on of hands, and about the resurrection of the dead and eternal judgment.",
        "3": "And this we will do, if God permits.",
        "4": "For it is impossible, in the case of those who have once been enlightened and have tasted of the heavenly gift and have been made partakers of the Holy Spirit,",
        "5": "and have tasted the good word of God and the powers of the age to come,",
        "6": "and then have fallen away, to restore them again to repentance, since they again crucify to themselves the Son of God and put Him to open shame.",
        "7": "For ground that drinks the rain which often falls on it and produces vegetation useful to those for whose sake it is also tilled, receives a blessing from God;",
        "8": "but if it yields thorns and thistles, it is worthless and close to being cursed, and it ends up being burned.",
        "9": "But, beloved, we are convinced of better things regarding you, and things that accompany salvation, even though we are speaking in this way.",
        "10": "For God is not unjust so as to forget your work and the love which you have shown toward His name, by having served and by still serving the saints.",
        "11": "And we desire that each one of you demonstrate the same diligence so as to realize the full assurance of hope until the end,",
        "12": "so that you will not be sluggish, but imitators of those who through faith and endurance inherit the promises.",
        "13": "For when God made the promise to Abraham, since He could swear an oath by no one greater, He swore by Himself,",
        "14": "saying, “ indeed I will greatly bless you and I will greatly multiply you.”",
        "15": "And so, having patiently waited, he obtained the promise.",
        "16": "For people swear an oath by one greater than themselves, and with them an oath serving as confirmation is an end of every dispute.",
        "17": "In the same way God, desiring even more to demonstrate to the heirs of the promise the fact that His purpose is unchangeable, confirmed it with an oath,",
        "18": "so that by two unchangeable things in which it is impossible for God to lie, we who have taken refuge would have strong encouragement to hold firmly to the hope set before us.",
        "19": "This hope we have as an anchor of the soul, a hope both sure and reliable and one which enters within the veil,",
        "20": "where Jesus has entered as a forerunner for us, having become a high priest forever according to the order of Melchizedek."
    },
    "7": {
        "1": "For this Melchizedek, king of Salem, priest of the Most High God, who met Abraham as he was returning from the slaughter of the kings and blessed him,",
        "2": "to whom also Abraham apportioned a tenth of all the spoils, was first of all, by the translation of his name, king of righteousness, and then also king of Salem, which is king of peace.",
        "3": "Without father, without mother, without genealogy, having neither beginning of days nor end of life, but made like the Son of God, he remains a priest perpetually.",
        "4": "Now observe how great this man was to whom Abraham, the patriarch, gave a tenth of the choicest spoils.",
        "5": "And those indeed of the sons of Levi who receive the priest’s office have a commandment in the Law to collect a tenth from the people, that is, from their countrymen, although they are descended from Abraham.",
        "6": "But the one whose genealogy is not traced from them collected a tenth from Abraham and blessed the one who had the promises.",
        "7": "But without any dispute the lesser person is blessed by the greater.",
        "8": "In this case mortal men receive tithes, but in that case one receives them, of whom it is witnessed that he lives on.",
        "9": "And, so to speak, through Abraham even Levi, who received tithes, has paid tithes,",
        "10": "for he was still in the loins of his forefather when Melchizedek met him.",
        "11": "So if perfection was through the Levitical priesthood (for on the basis of it the people received the Law), what further need was there for another priest to arise according to the order of Melchizedek, and not be designated according to the order of Aaron?",
        "12": "For when the priesthood is changed, of necessity there takes place a change of law also.",
        "13": "For the one about whom these things are said belongs to another tribe, from which no one has officiated at the altar.",
        "14": "For it is evident that our Lord was descended from Judah, a tribe with reference to which Moses said nothing concerning priests.",
        "15": "And this is clearer still, if another priest arises according to the likeness of Melchizedek,",
        "16": "who has become a priest not on the basis of a law of physical requirement, but according to the power of an indestructible life.",
        "17": "For it is attested of Him, “Y ou are a priest forever A ccording to the order of M elchizedek.”",
        "18": "For, on the one hand, there is the nullification of a former commandment because of its weakness and uselessness",
        "19": "(for the Law made nothing perfect); on the other hand, there is the introduction of a better hope, through which we come near to God.",
        "20": "And to the extent that it was not without an oath",
        "21": "(for they indeed became priests without an oath, but He with an oath through the One who said to Him, “T he L ord has sworn A nd will not change H is mind, ‘Y ou are a priest forever ’ ”);",
        "22": "by the same extent Jesus also has become the guarantee of a better covenant.",
        "23": "The former priests, on the one hand, existed in greater numbers because they were prevented by death from continuing;",
        "24": "Jesus, on the other hand, because He continues forever, holds His priesthood permanently.",
        "25": "Therefore He is also able to save forever those who come to God through Him, since He always lives to make intercession for them.",
        "26": "For it was fitting for us to have such a high priest, holy, innocent, undefiled, separated from sinners, and exalted above the heavens;",
        "27": "who has no daily need, like those high priests, to offer up sacrifices, first for His own sins and then for the sins of the people, because He did this once for all time when He offered up Himself.",
        "28": "For the Law appoints men as high priests who are weak, but the word of the oath, which came after the Law, appoints a Son, who has been made perfect forever."
    },
    "8": {
        "1": "Now the main point in what has been said is this: we have such a high priest, who has taken His seat at the right hand of the throne of the Majesty in the heavens,",
        "2": "a minister in the sanctuary and in the true tabernacle, which the Lord set up, not man.",
        "3": "For every high priest is appointed to offer both gifts and sacrifices; so it is necessary that this high priest also have something to offer.",
        "4": "Now if He were on earth, He would not be a priest at all, since there are those who offer the gifts according to the Law;",
        "5": "who serve a copy and shadow of the heavenly things, just as Moses was warned by God when he was about to erect the tabernacle; for, “S ee,” He says, “ that you make all things by the pattern which was shown to you on the mountain.”",
        "6": "But now He has obtained a more excellent ministry, to the extent that He is also the mediator of a better covenant, which has been enacted on better promises.",
        "7": "For if that first covenant had been free of fault, no circumstances would have been sought for a second.",
        "8": "For in finding fault with the people, He says, “B ehold, days are coming, says the L ord, W hen I will bring about a new covenant W ith the house of I srael and the house of J udah,",
        "9": "N ot like the covenant which I made with their fathers O n the day I took them by the hand T o bring them out of the land of E gypt; F or they did not continue in M y covenant, A nd I did not care about them, says the L ord.",
        "10": "“F or this is the covenant which I will make with the house of I srael A fter those days, declares the L ord: I will put M y laws into their minds, A nd write them on their hearts. A nd I will be their G od, A nd they shall be M y people.",
        "11": "“A nd they will not teach, each one his fellow citizen, A nd each one his brother, saying, ‘K now the L ord,’ F or they will all know M e, F rom the least to the greatest of them.",
        "12": "“F or I will be merciful toward their wrongdoings, A nd their sins I will no longer remember.”",
        "13": "When He said, “A new covenant, ” He has made the first obsolete. But whatever is becoming obsolete and growing old is about to disappear."
    },
    "9": {
        "1": "Now even the first covenant had regulations for divine worship and the earthly sanctuary.",
        "2": "For a tabernacle was equipped, the outer sanctuary, in which were the lampstand, the table, and the sacred bread; this is called the Holy Place.",
        "3": "Behind the second veil there was a tabernacle which is called the Most Holy Place,",
        "4": "having a golden altar of incense and the ark of the covenant covered on all sides with gold, in which was a golden jar holding the manna, Aaron’s staff which budded, and the tablets of the covenant;",
        "5": "and above it were the cherubim of glory overshadowing the atoning cover; but about these things we cannot now speak in detail.",
        "6": "Now when these things have been so prepared, the priests are continually entering the outer tabernacle, performing the divine worship,",
        "7": "but into the second, only the high priest enters once a year, not without taking blood which he offers for himself and for the sins of the people committed in ignorance.",
        "8": "The Holy Spirit is signifying this, that the way into the holy place has not yet been disclosed while the outer tabernacle is still standing,",
        "9": "which is a symbol for the present time. Accordingly both gifts and sacrifices are offered which cannot make the worshiper perfect in conscience,",
        "10": "since they relate only to food, drink, and various washings, regulations for the body imposed until a time of reformation.",
        "11": "But when Christ appeared as a high priest of the good things having come, He entered through the greater and more perfect tabernacle, not made by hands, that is, not of this creation;",
        "12": "and not through the blood of goats and calves, but through His own blood, He entered the holy place once for all time, having obtained eternal redemption.",
        "13": "For if the blood of goats and bulls, and the ashes of a heifer sprinkling those who have been defiled, sanctify for the cleansing of the flesh,",
        "14": "how much more will the blood of Christ, who through the eternal Spirit offered Himself without blemish to God, cleanse your conscience from dead works to serve the living God?",
        "15": "For this reason He is the mediator of a new covenant, so that, since a death has taken place for the redemption of the violations that were committed under the first covenant, those who have been called may receive the promise of the eternal inheritance.",
        "16": "For where there is a covenant, there must of necessity be the death of the one who made it.",
        "17": "For a covenant is valid only when people are dead, for it is never in force while the one who made it lives.",
        "18": "Therefore even the first covenant was not inaugurated without blood.",
        "19": "For when every commandment had been spoken by Moses to all the people according to the Law, he took the blood of the calves and the goats, with water and scarlet wool and hyssop, and sprinkled both the book itself and all the people,",
        "20": "saying, “T his is the blood of the covenant which G od commanded you.”",
        "21": "And in the same way he sprinkled both the tabernacle and all the vessels of the ministry with the blood.",
        "22": "And almost all things are cleansed with blood, according to the Law, and without the shedding of blood there is no forgiveness.",
        "23": "Therefore it was necessary for the copies of the things in the heavens to be cleansed with these things, but the heavenly things themselves with better sacrifices than these.",
        "24": "For Christ did not enter a holy place made by hands, a mere copy of the true one, but into heaven itself, now to appear in the presence of God for us;",
        "25": "nor was it that He would offer Himself often, as the high priest enters the Holy Place year by year with blood that is not his own.",
        "26": "Otherwise, He would have needed to suffer often since the foundation of the world; but now once at the consummation of the ages He has been revealed to put away sin by the sacrifice of Himself.",
        "27": "And just as it is destined for people to die once, and after this comes judgment,",
        "28": "so Christ also, having been offered once to bear the sins of many, will appear a second time for salvation without reference to sin, to those who eagerly await Him."
    },
    "10": {
        "1": "For the Law, since it has only a shadow of the good things to come and not the form of those things itself, can never, by the same sacrifices which they offer continually every year, make those who approach perfect.",
        "2": "Otherwise, would they not have ceased to be offered, because the worshipers, having once been cleansed, would no longer have had consciousness of sins?",
        "3": "But in those sacrifices there is a reminder of sins every year.",
        "4": "For it is impossible for the blood of bulls and goats to take away sins.",
        "5": "Therefore, when He comes into the world, He says, “Y ou have not desired sacrifice and offering, B ut Y ou have prepared a body for M e;",
        "6": "Y ou have not taken pleasure in whole burnt offerings and offerings for sin.",
        "7": "“T hen I said, ‘B ehold, I have come (I t is written of M e in the scroll of the book ) T o do Y our will, O G od.’ ”",
        "8": "After saying above, “S acrifices and offerings and whole burnt offerings and offerings for sin Y ou have not desired, nor have Y ou taken pleasure in them ” (which are offered according to the Law),",
        "9": "then He said, “B ehold, I have come to do Y our will.” He takes away the first in order to establish the second.",
        "10": "By this will, we have been sanctified through the offering of the body of Jesus Christ once for all time.",
        "11": "Every priest stands daily ministering and offering time after time the same sacrifices, which can never take away sins;",
        "12": "but He, having offered one sacrifice for sins for all time, sat down at the right hand of G od,",
        "13": "waiting from that time onward until H is enemies are made a footstool for H is feet.",
        "14": "For by one offering He has perfected for all time those who are sanctified.",
        "15": "And the Holy Spirit also testifies to us; for after saying,",
        "16": "“T his is the covenant which I will make with them A fter those days, declares the L ord: I will put M y laws upon their hearts, A nd write them on their mind,” He then says,",
        "17": "“A nd their sins and their lawless deeds I will no longer remember.”",
        "18": "Now where there is forgiveness of these things, an offering for sin is no longer required.",
        "19": "Therefore, brothers and sisters, since we have confidence to enter the holy place by the blood of Jesus,",
        "20": "by a new and living way which He inaugurated for us through the veil, that is, through His flesh,",
        "21": "and since we have a great priest over the house of God,",
        "22": "let’s approach God with a sincere heart in full assurance of faith, having our hearts sprinkled clean from an evil conscience and our bodies washed with pure water.",
        "23": "Let’s hold firmly to the confession of our hope without wavering, for He who promised is faithful;",
        "24": "and let’s consider how to encourage one another in love and good deeds,",
        "25": "not abandoning our own meeting together, as is the habit of some people, but encouraging one another; and all the more as you see the day drawing near.",
        "26": "For if we go on sinning willfully after receiving the knowledge of the truth, there no longer remains a sacrifice for sins,",
        "27": "but a terrifying expectation of judgment and the fury of a fire which will consume the adversaries.",
        "28": "Anyone who has ignored the Law of Moses is put to death without mercy on the testimony of two or three witnesses.",
        "29": "How much more severe punishment do you think he will deserve who has trampled underfoot the Son of God, and has regarded as unclean the blood of the covenant by which he was sanctified, and has insulted the Spirit of grace?",
        "30": "For we know Him who said, “V engeance is M ine, I will repay.” And again, “T he L ord will judge H is people.”",
        "31": "It is a terrifying thing to fall into the hands of the living God.",
        "32": "But remember the former days, when, after being enlightened, you endured a great conflict of sufferings,",
        "33": "partly by being made a public spectacle through insults and distress, and partly by becoming companions with those who were so treated.",
        "34": "For you showed sympathy to the prisoners and accepted joyfully the seizure of your property, knowing that you have for yourselves a better and lasting possession.",
        "35": "Therefore, do not throw away your confidence, which has a great reward.",
        "36": "For you have need of endurance, so that when you have done the will of God, you may receive what was promised.",
        "37": "F or yet in a very little while, H e who is coming will come, and will not delay.",
        "38": "B ut M y righteous one will live by faith; A nd if he shrinks back, M y soul has no pleasure in him.",
        "39": "But we are not among those who shrink back to destruction, but of those who have faith for the safekeeping of the soul."
    },
    "11": {
        "1": "Now faith is the certainty of things hoped for, a proof of things not seen.",
        "2": "For by it the people of old gained approval.",
        "3": "By faith we understand that the world has been created by the word of God so that what is seen has not been made out of things that are visible.",
        "4": "By faith Abel offered to God a better sacrifice than Cain, through which he was attested to be righteous, God testifying about his gifts, and through faith, though he is dead, he still speaks.",
        "5": "By faith Enoch was taken up so that he would not see death; and he was not found because G od took him up; for before he was taken up, he was attested to have been pleasing to God.",
        "6": "And without faith it is impossible to please Him, for the one who comes to God must believe that He exists, and that He proves to be One who rewards those who seek Him.",
        "7": "By faith Noah, being warned by God about things not yet seen, in reverence prepared an ark for the salvation of his household, by which he condemned the world, and became an heir of the righteousness which is according to faith.",
        "8": "By faith Abraham, when he was called, obeyed by going out to a place which he was to receive for an inheritance; and he left, not knowing where he was going.",
        "9": "By faith he lived as a stranger in the land of promise, as in a foreign land, living in tents with Isaac and Jacob, fellow heirs of the same promise;",
        "10": "for he was looking for the city which has foundations, whose architect and builder is God.",
        "11": "By faith even Sarah herself received ability to conceive, even beyond the proper time of life, since she considered Him faithful who had promised.",
        "12": "Therefore even from one man, and one who was as good as dead at that, there were born descendants who were just as the stars of heaven in number, and as the innumerable grains of sand along the seashore.",
        "13": "All these died in faith, without receiving the promises, but having seen and welcomed them from a distance, and having confessed that they were strangers and exiles on the earth.",
        "14": "For those who say such things make it clear that they are seeking a country of their own.",
        "15": "And indeed if they had been thinking of that country which they left, they would have had opportunity to return.",
        "16": "But as it is, they desire a better country, that is, a heavenly one. Therefore God is not ashamed to be called their God; for He has prepared a city for them.",
        "17": "By faith Abraham, when he was tested, offered up Isaac, and the one who had received the promises was offering up his only son;",
        "18": "it was he to whom it was said, “T hrough I saac your descendants shall be named.”",
        "19": "He considered that God is able to raise people even from the dead, from which he also received him back as a type.",
        "20": "By faith Isaac blessed Jacob and Esau, even regarding things to come.",
        "21": "By faith Jacob, as he was dying, blessed each of the sons of Joseph, and worshiped, leaning on the top of his staff.",
        "22": "By faith Joseph, when he was dying, made mention of the exodus of the sons of Israel, and gave orders concerning his bones.",
        "23": "By faith Moses, when he was born, was hidden for three months by his parents, because they saw he was a beautiful child; and they were not afraid of the king’s edict.",
        "24": "By faith Moses, when he had grown up, refused to be called the son of Pharaoh’s daughter,",
        "25": "choosing rather to endure ill-treatment with the people of God than to enjoy the temporary pleasures of sin,",
        "26": "considering the reproach of Christ greater riches than the treasures of Egypt; for he was looking to the reward.",
        "27": "By faith he left Egypt, not fearing the wrath of the king; for he persevered, as though seeing Him who is unseen.",
        "28": "By faith he kept the Passover and the sprinkling of the blood, so that the destroyer of the firstborn would not touch them.",
        "29": "By faith they passed through the Red Sea as through dry land; and the Egyptians, when they attempted it, were drowned.",
        "30": "By faith the walls of Jericho fell down after the Israelites had marched around them for seven days.",
        "31": "By faith the prostitute Rahab did not perish along with those who were disobedient, after she had welcomed the spies in peace.",
        "32": "And what more shall I say? For time will fail me if I tell of Gideon, Barak, Samson, Jephthah, of David and Samuel and the prophets,",
        "33": "who by faith conquered kingdoms, performed acts of righteousness, obtained promises, shut the mouths of lions,",
        "34": "quenched the power of fire, escaped the edge of the sword, from weakness were made strong, became mighty in war, put foreign armies to flight.",
        "35": "Women received back their dead by resurrection; and others were tortured, not accepting their release, so that they might obtain a better resurrection;",
        "36": "and others experienced mocking and flogging, and further, chains and imprisonment.",
        "37": "They were stoned, they were sawn in two, they were tempted, they were put to death with the sword; they went about in sheepskins, in goatskins, being destitute, afflicted, tormented",
        "38": "( people of whom the world was not worthy), wandering in deserts, on mountains, and sheltering in caves and holes in the ground.",
        "39": "And all these, having gained approval through their faith, did not receive what was promised,",
        "40": "because God had provided something better for us, so that apart from us they would not be made perfect."
    },
    "12": {
        "1": "Therefore, since we also have such a great cloud of witnesses surrounding us, let’s rid ourselves of every obstacle and the sin which so easily entangles us, and let’s run with endurance the race that is set before us,",
        "2": "looking only at Jesus, the originator and perfecter of the faith, who for the joy set before Him endured the cross, despising the shame, and has sat down at the right hand of the throne of God.",
        "3": "For consider Him who has endured such hostility by sinners against Himself, so that you will not grow weary and lose heart.",
        "4": "You have not yet resisted to the point of shedding blood in your striving against sin;",
        "5": "and you have forgotten the exhortation which is addressed to you as sons, “M y son, do not regard lightly the discipline of the L ord, N or faint when you are punished by H im;",
        "6": "F or whom the L ord loves H e disciplines, A nd H e punishes every son whom H e accepts.”",
        "7": "It is for discipline that you endure; God deals with you as with sons; for what son is there whom his father does not discipline?",
        "8": "But if you are without discipline, of which all have become partakers, then you are illegitimate children and not sons.",
        "9": "Furthermore, we had earthly fathers to discipline us, and we respected them; shall we not much more be subject to the Father of spirits, and live?",
        "10": "For they disciplined us for a short time as seemed best to them, but He disciplines us for our good, so that we may share His holiness.",
        "11": "For the moment, all discipline seems not to be pleasant, but painful; yet to those who have been trained by it, afterward it yields the peaceful fruit of righteousness.",
        "12": "Therefore, strengthen the hands that are weak and the knees that are feeble,",
        "13": "and make straight paths for your feet, so that the limb which is impaired may not be dislocated, but rather be healed.",
        "14": "Pursue peace with all people, and the holiness without which no one will see the Lord.",
        "15": "See to it that no one comes short of the grace of God; that no root of bitterness springing up causes trouble, and by it many become defiled;",
        "16": "that there be no sexually immoral or godless person like Esau, who sold his own birthright for a single meal.",
        "17": "For you know that even afterward, when he wanted to inherit the blessing, he was rejected, for he found no place for repentance, though he sought for it with tears.",
        "18": "For you have not come to a mountain that can be touched and to a blazing fire, and to darkness and gloom and whirlwind,",
        "19": "and to the blast of a trumpet and the sound of words, which sound was such that those who heard begged that no further word be spoken to them.",
        "20": "For they could not cope with the command, “If even an animal touches the mountain, it shall be stoned.”",
        "21": "And so terrible was the sight, that Moses said, “I am terrified and trembling.”",
        "22": "But you have come to Mount Zion and to the city of the living God, the heavenly Jerusalem, and to myriads of angels,",
        "23": "to the general assembly and church of the firstborn who are enrolled in heaven, and to God, the Judge of all, and to the spirits of the righteous made perfect,",
        "24": "and to Jesus, the mediator of a new covenant, and to the sprinkled blood, which speaks better than the blood of Abel.",
        "25": "See to it that you do not refuse Him who is speaking. For if those did not escape when they refused him who warned them on earth, much less will we escape who turn away from Him who warns us from heaven.",
        "26": "And His voice shook the earth then, but now He has promised, saying, “Y et once more I will shake not only the earth, but also the heaven.”",
        "27": "This expression, “Yet once more,” denotes the removing of those things which can be shaken, as of created things, so that those things which cannot be shaken may remain.",
        "28": "Therefore, since we receive a kingdom which cannot be shaken, let’s show gratitude, by which we may offer to God an acceptable service with reverence and awe;",
        "29": "for our God is a consuming fire."
    },
    "13": {
        "1": "Let love of the brothers and sisters continue.",
        "2": "Do not neglect hospitality to strangers, for by this some have entertained angels without knowing it.",
        "3": "Remember the prisoners, as though in prison with them, and those who are badly treated, since you yourselves also are in the body.",
        "4": "Marriage is to be held in honor among all, and the marriage bed is to be undefiled; for God will judge the sexually immoral and adulterers.",
        "5": "Make sure that your character is free from the love of money, being content with what you have; for He Himself has said, “I will never desert you, nor will I ever abandon you,”",
        "6": "so that we confidently say, “T he L ord is my helper, I will not be afraid. W hat will man do to me?”",
        "7": "Remember those who led you, who spoke the word of God to you; and considering the result of their way of life, imitate their faith.",
        "8": "Jesus Christ is the same yesterday and today, and forever.",
        "9": "Do not be misled by varied and strange teachings; for it is good for the heart to be strengthened by grace, not by foods, through which those who were so occupied were not benefited.",
        "10": "We have an altar from which those who serve the tabernacle have no right to eat.",
        "11": "For the bodies of those animals whose blood is brought into the Holy Place by the high priest as an offering for sin are burned outside the camp.",
        "12": "Therefore Jesus also suffered outside the gate, that He might sanctify the people through His own blood.",
        "13": "So then, let us go out to Him outside the camp, bearing His reproach.",
        "14": "For here we do not have a lasting city, but we are seeking the city which is to come.",
        "15": "Through Him then, let’s continually offer up a sacrifice of praise to God, that is, the fruit of lips praising His name.",
        "16": "And do not neglect doing good and sharing, for with such sacrifices God is pleased.",
        "17": "Obey your leaders and submit to them —for they keep watch over your souls as those who will give an account—so that they may do this with joy, not groaning; for this would be unhelpful for you.",
        "18": "Pray for us, for we are sure that we have a good conscience, desiring to conduct ourselves honorably in all things.",
        "19": "And I urge you all the more to do this, so that I may be restored to you more quickly.",
        "20": "Now may the God of peace, who brought up from the dead the great Shepherd of the sheep through the blood of the eternal covenant, that is, Jesus our Lord,",
        "21": "equip you in every good thing to do His will, working in us that which is pleasing in His sight, through Jesus Christ, to whom be the glory forever and ever. Amen.",
        "22": "But I urge you, brothers and sisters, listen patiently to this word of exhortation, for I have written to you briefly.",
        "23": "Know that our brother Timothy has been released, with whom, if he comes soon, I will see you.",
        "24": "Greet all of your leaders and all the saints. Those from Italy greet you.",
        "25": "Grace be with you all."
    }
}