{
    "1": {
        "1": "James, a bond-servant of God and of the Lord Jesus Christ, T o the twelve tribes who are dispersed abroad: Greetings.",
        "2": "Consider it all joy, my brothers and sisters, when you encounter various trials,",
        "3": "knowing that the testing of your faith produces endurance.",
        "4": "And let endurance have its perfect result, so that you may be perfect and complete, lacking in nothing.",
        "5": "But if any of you lacks wisdom, let him ask of God, who gives to all generously and without reproach, and it will be given to him.",
        "6": "But he must ask in faith without any doubting, for the one who doubts is like the surf of the sea, driven and tossed by the wind.",
        "7": "For that person ought not to expect that he will receive anything from the Lord,",
        "8": "being a double-minded man, unstable in all his ways.",
        "9": "Now the brother or sister of humble circumstances is to glory in his high position;",
        "10": "but the rich person is to glory in his humiliation, because like flowering grass he will pass away.",
        "11": "For the sun rises with its scorching heat and withers the grass; and its flower falls off and the beauty of its appearance is destroyed; so also the rich person, in the midst of his pursuits, will die out.",
        "12": "Blessed is a man who perseveres under trial; for once he has been approved, he will receive the crown of life which the Lord has promised to those who love Him.",
        "13": "No one is to say when he is tempted, “I am being tempted by God”; for God cannot be tempted by evil, and He Himself does not tempt anyone.",
        "14": "But each one is tempted when he is carried away and enticed by his own lust.",
        "15": "Then when lust has conceived, it gives birth to sin; and sin, when it has run its course, brings forth death.",
        "16": "Do not be deceived, my beloved brothers and sisters.",
        "17": "Every good thing given and every perfect gift is from above, coming down from the Father of lights, with whom there is no variation or shifting shadow.",
        "18": "In the exercise of His will He gave us birth by the word of truth, so that we would be a kind of first fruits among His creatures.",
        "19": "You know this, my beloved brothers and sisters. Now everyone must be quick to hear, slow to speak, and slow to anger;",
        "20": "for a man’s anger does not bring about the righteousness of God.",
        "21": "Therefore, ridding yourselves of all filthiness and all that remains of wickedness, in humility receive the word implanted, which is able to save your souls.",
        "22": "But prove yourselves doers of the word, and not just hearers who deceive themselves.",
        "23": "For if anyone is a hearer of the word and not a doer, he is like a man who looks at his natural face in a mirror;",
        "24": "for once he has looked at himself and gone away, he has immediately forgotten what kind of person he was.",
        "25": "But one who has looked intently at the perfect law, the law of freedom, and has continued in it, not having become a forgetful hearer but an active doer, this person will be blessed in what he does.",
        "26": "If anyone thinks himself to be religious, yet does not bridle his tongue but deceives his own heart, this person’s religion is worthless.",
        "27": "Pure and undefiled religion in the sight of our God and Father is this: to visit orphans and widows in their distress, and to keep oneself unstained by the world."
    },
    "2": {
        "1": "My brothers and sisters, do not hold your faith in our glorious Lord Jesus Christ with an attitude of personal favoritism.",
        "2": "For if a man comes into your assembly with a gold ring and is dressed in bright clothes, and a poor man in dirty clothes also comes in,",
        "3": "and you pay special attention to the one who is wearing the bright clothes, and say, “You sit here in a good place, ” and you say to the poor man, “You stand over there, or sit down by my footstool,”",
        "4": "have you not made distinctions among yourselves, and become judges with evil motives?",
        "5": "Listen, my beloved brothers and sisters: did God not choose the poor of this world to be rich in faith and heirs of the kingdom which He promised to those who love Him?",
        "6": "But you have dishonored the poor man. Is it not the rich who oppress you and personally drag you into court?",
        "7": "Do they not blaspheme the good name by which you have been called?",
        "8": "If, however, you are fulfilling the royal law according to the Scripture, “Y ou shall love your neighbor as yourself,” you are doing well.",
        "9": "But if you show partiality, you are committing sin and are convicted by the Law as violators.",
        "10": "For whoever keeps the whole Law, yet stumbles in one point, has become guilty of all.",
        "11": "For He who said, “D o not commit adultery,” also said, “D o not murder.” Now if you do not commit adultery, but do murder, you have become a violator of the Law.",
        "12": "So speak, and so act, as those who are to be judged by the law of freedom.",
        "13": "For judgment will be merciless to one who has shown no mercy; mercy triumphs over judgment.",
        "14": "What use is it, my brothers and sisters, if someone says he has faith, but he has no works? Can that faith save him?",
        "15": "If a brother or sister is without clothing and in need of daily food,",
        "16": "and one of you says to them, “Go in peace, be warmed and be filled,” yet you do not give them what is necessary for their body, what use is that?",
        "17": "In the same way, faith also, if it has no works, is dead, being by itself.",
        "18": "But someone may well say, “You have faith and I have works; show me your faith without the works, and I will show you my faith by my works.”",
        "19": "You believe that God is one. You do well; the demons also believe, and shudder.",
        "20": "But are you willing to acknowledge, you foolish person, that faith without works is useless?",
        "21": "Was our father Abraham not justified by works when he offered up his son Isaac on the altar?",
        "22": "You see that faith was working with his works, and as a result of the works, faith was perfected;",
        "23": "and the Scripture was fulfilled which says, “A nd A braham believed G od, and it was credited to him as righteousness,” and he was called a friend of God.",
        "24": "You see that a person is justified by works and not by faith alone.",
        "25": "In the same way, was Rahab the prostitute not justified by works also when she received the messengers and sent them out by another way?",
        "26": "For just as the body without the spirit is dead, so also faith without works is dead."
    },
    "3": {
        "1": "Do not become teachers in large numbers, my brothers, since you know that we who are teachers will incur a stricter judgment.",
        "2": "For we all stumble in many ways. If anyone does not stumble in what he says, he is a perfect man, able to rein in the whole body as well.",
        "3": "Now if we put the bits into the horses’ mouths so that they will obey us, we direct their whole body as well.",
        "4": "Look at the ships too: though they are so large and are driven by strong winds, they are nevertheless directed by a very small rudder wherever the inclination of the pilot determines.",
        "5": "So also the tongue is a small part of the body, and yet it boasts of great things. S ee how great a forest is set aflame by such a small fire!",
        "6": "And the tongue is a fire, the very world of unrighteousness; the tongue is set among our body’s parts as that which defiles the whole body and sets on fire the course of our life, and is set on fire by hell.",
        "7": "For every species of beasts and birds, of reptiles and creatures of the sea, is tamed and has been tamed by the human race.",
        "8": "But no one among mankind can tame the tongue; it is a restless evil, full of deadly poison.",
        "9": "With it we bless our Lord and Father, and with it we curse people, who have been made in the likeness of God;",
        "10": "from the same mouth come both blessing and cursing. My brothers and sisters, these things should not be this way.",
        "11": "Does a spring send out from the same opening both fresh and bitter water?",
        "12": "Can a fig tree, my brothers and sisters, bear olives, or a vine bear figs? Nor can salt water produce fresh.",
        "13": "Who among you is wise and understanding? Let him show by his good behavior his deeds in the gentleness of wisdom.",
        "14": "But if you have bitter jealousy and selfish ambition in your heart, do not be arrogant and so lie against the truth.",
        "15": "This wisdom is not that which comes down from above, but is earthly, natural, demonic.",
        "16": "For where jealousy and selfish ambition exist, there is disorder and every evil thing.",
        "17": "But the wisdom from above is first pure, then peace-loving, gentle, reasonable, full of mercy and good fruits, impartial, free of hypocrisy.",
        "18": "And the fruit of righteousness is sown in peace by those who make peace."
    },
    "4": {
        "1": "What is the source of quarrels and conflicts among you? Is the source not your pleasures that wage war in your body’s parts?",
        "2": "You lust and do not have, so you commit murder. And you are envious and cannot obtain, so you fight and quarrel. You do not have because you do not ask.",
        "3": "You ask and do not receive, because you ask with the wrong motives, so that you may spend what you request on your pleasures.",
        "4": "You adulteresses, do you not know that friendship with the world is hostility toward God? Therefore whoever wants to be a friend of the world makes himself an enemy of God.",
        "5": "Or do you think that the Scripture says to no purpose, “ He jealously desires the Spirit whom He has made to dwell in us”?",
        "6": "But He gives a greater grace. Therefore it says, “G od is opposed to the proud, but gives grace to the humble.”",
        "7": "Submit therefore to God. But resist the devil, and he will flee from you.",
        "8": "Come close to God and He will come close to you. Cleanse your hands, you sinners; and purify your hearts, you double-minded.",
        "9": "Be miserable, and mourn, and weep; let your laughter be turned into mourning, and your joy into gloom.",
        "10": "Humble yourselves in the presence of the Lord, and He will exalt you.",
        "11": "Do not speak against one another, brothers and sisters. The one who speaks against a brother or sister, or judges his brother or sister, speaks against the law and judges the law; but if you judge the law, you are not a doer of the law but a judge of it.",
        "12": "There is only one Lawgiver and Judge, the One who is able to save and to destroy; but who are you, judging your neighbor?",
        "13": "Come now, you who say, “Today or tomorrow we will go to such and such a city, and spend a year there and engage in business and make a profit.”",
        "14": "Yet you do not know what your life will be like tomorrow. For you are just a vapor that appears for a little while, and then vanishes away.",
        "15": "Instead, you ought to say, “If the Lord wills, we will live and also do this or that.”",
        "16": "But as it is, you boast in your arrogance; all such boasting is evil.",
        "17": "So for one who knows the right thing to do and does not do it, for him it is sin."
    },
    "5": {
        "1": "Come now, you rich people, weep and howl for your miseries which are coming upon you.",
        "2": "Your riches have rotted and your garments have become moth-eaten.",
        "3": "Your gold and your silver have corroded, and their corrosion will serve as a testimony against you and will consume your flesh like fire. It is in the last days that you have stored up your treasure!",
        "4": "Behold, the pay of the laborers who mowed your fields, and which has been withheld by you, cries out against you; and the outcry of those who did the harvesting has reached the ears of the Lord of armies.",
        "5": "You have lived for pleasure on the earth and lived luxuriously; you have fattened your hearts in a day of slaughter.",
        "6": "You have condemned and put to death the righteous person; he offers you no resistance.",
        "7": "Therefore be patient, brothers and sisters, until the coming of the Lord. The farmer waits for the precious produce of the soil, being patient about it, until it gets the early and late rains.",
        "8": "You too be patient; strengthen your hearts, for the coming of the Lord is near.",
        "9": "Do not complain, brothers and sisters, against one another, so that you may not be judged; behold, the Judge is standing right at the door.",
        "10": "As an example, brothers and sisters, of suffering and patience, take the prophets who spoke in the name of the Lord.",
        "11": "We count those blessed who endured. You have heard of the endurance of Job and have seen the outcome of the Lord’s dealings, that the Lord is full of compassion and is merciful.",
        "12": "But above all, my brothers and sisters, do not swear, either by heaven or by earth or with any other oath; but your yes is to be yes, and your no, no, so that you do not fall under judgment.",
        "13": "Is anyone among you suffering? Then he must pray. Is anyone cheerful? He is to sing praises.",
        "14": "Is anyone among you sick? Then he must call for the elders of the church and they are to pray over him, anointing him with oil in the name of the Lord;",
        "15": "and the prayer of faith will restore the one who is sick, and the Lord will raise him up, and if he has committed sins, they will be forgiven him.",
        "16": "Therefore, confess your sins to one another, and pray for one another so that you may be healed. A prayer of a righteous person, when it is brought about, can accomplish much.",
        "17": "Elijah was a man with a nature like ours, and he prayed earnestly that it would not rain, and it did not rain on the earth for three years and six months.",
        "18": "Then he prayed again, and the sky poured rain and the earth produced its fruit.",
        "19": "My brothers and sisters, if anyone among you strays from the truth and someone turns him back,",
        "20": "let him know that the one who has turned a sinner from the error of his way will save his soul from death and cover a multitude of sins."
    }
}