{
    "1": {
        "1": "NO ano segundo do rei Dario, no sexto mês, no primeiro dia do mês, veio a palavra do Senhor, pelo ministério do profeta Ageu, a Zorobabel, filho de Sealtiel, príncipe de Judá, e a Josué, filho de Josadac, o sumo sacerdote, dizendo:",
        "2": "Assim fala o Senhor dos Exércitos, dizendo: Este povo diz: Não veio ainda o tempo, o tempo em que a casa do Senhor deve ser edificada.",
        "3": "Veio, pois, a palavra do Senhor, pelo ministério do profeta Ageu, dizendo:",
        "4": "É para vós tempo de habitardes nas vossas casas estucadas, e esta casa há de ficar deserta?",
        "5": "Ora, pois, assim diz o Senhor dos Exércitos: Aplicai os vossos corações aos vossos caminhos.",
        "6": "Semeais muito, e recolheis pouco; comeis, mas não vos fartais; bebeis, mas não vos saciais; vestis-vos, mas ninguém se aquece: e o que recebe salário, recebe salário num saco furado.",
        "7": "Assim diz o Senhor dos Exércitos: Aplicai os vossos corações aos vossos caminhos.",
        "8": "Subi ao monte, e trazei madeira, e edificai a casa, e dela me agradarei; e eu serei glorificado, diz o Senhor.",
        "9": "Olhastes para muito, mas eis que alcançastes pouco; e esse pouco, quando o trouxestes para casa, eu lhe assoprei. Por que causa? disse o Senhor dos Exércitos; por causa da minha casa, que está deserta, e cada um de vós corre à sua própria casa.",
        "10": "Por isso, retêm os céus o seu orvalho, e a terra retém os seus frutos.",
        "11": "E fiz vir a seca sobre a terra, e sobre os montes, e sobre o trigo, e sobre o mosto, e sobre o azeite, e sobre o que a terra produz; como também sobre os homens, e sobre os animais, e sobre todo o trabalho das mãos.",
        "12": "Então ouviu Zorobabel, filho de Sealtiel, e Josué, filho de Josadac, sumo sacerdote, e todo o resto do povo, a voz do Senhor, seu Deus, e as palavras do profeta Ageu, como o Senhor, seu Deus, o tinha enviado; e temeu o povo diante do Senhor.",
        "13": "Então Ageu, o embaixador do Senhor, falou ao povo, conforme a mensagem do Senhor, dizendo: Eu sou convosco, diz o Senhor.",
        "14": "E o Senhor levantou o espírito de Zorobabel, filho de Sealtiel, príncipe de Judá, e o espírito de Josué, filho de Josadac, sumo sacerdote, e o espírito do resto de todo o povo; e vieram, e trabalharam na casa do Senhor dos Exércitos, seu Deus.",
        "15": "Ao vigésimo quarto dia do sexto mês, no segundo ano do rei Dario."
    },
    "2": {
        "1": "NO sétimo mês, ao vigésimo primeiro do mês, veio a palavra do Senhor, pelo ministério do profeta Ageu, dizendo:",
        "2": "Fala agora a Zorobabel, filho de Sealtiel, príncipe de Judá, e a Josué, filho de Josadac, sumo sacerdote, e ao resto do povo, dizendo:",
        "3": "Quem há entre vós que, tendo ficado, viu esta casa na sua primeira glória? e como a vedes agora? não é esta como nada em vossos olhos, comparada com aquela?",
        "4": "Ora, pois, esforça-te, Zorobabel, diz o Senhor, e esforça-te, Josué, filho de Josadac, sumo sacerdote, e esforçai-vos, todo o povo da terra, diz o Senhor, e trabalhai; porque eu sou convosco, diz o Senhor dos Exércitos.",
        "5": "Segundo a palavra que concertei convosco, quando saístes do Egito e o meu Espírito habitava no meio de vós: não temais.",
        "6": "Porque, assim diz o Senhor dos Exércitos: Ainda uma vez, daqui a pouco, e farei tremer os céus, e a terra, e o mar, e a terra seca;",
        "7": "E farei tremer todas as nações, e virá o Desejado de todas as nações, e encherei esta casa de glória, diz o Senhor dos Exércitos.",
        "8": "Minha é a prata, e meu é o ouro, disse o Senhor dos Exércitos.",
        "9": "A glória desta última casa será maior do que a da primeira, diz o Senhor dos Exércitos, e neste lugar darei a paz, diz o Senhor dos Exércitos.",
        "10": "Ao vigésimo quarto dia do mês nono, no segundo ano de Dario, veio a palavra do Senhor, pelo ministério do profeta Ageu, dizendo:",
        "11": "Assim diz o Senhor dos Exércitos: Pergunta agora aos sacerdotes, acerca da lei, dizendo:",
        "12": "Se alguém leva carne santa na aba do seu vestido, e com a sua aba tocar no pão, ou no guisado, ou no vinho, ou no azeite, ou em qualquer outro mantimento, ficará este santificado? E os sacerdotes, respondendo, diziam: Não.",
        "13": "E disse Ageu: Se alguém, que se tinha tornado impuro pelo contacto com um corpo morto, tocar nalguma destas coisas, ficará isso imundo? E os sacerdotes, respondendo, diziam: Ficará imundo.",
        "14": "Então respondeu Ageu, e disse: Assim é este povo, e assim é esta nação, diante do meu rosto, disse o Senhor; e assim é toda a obra das suas mãos; e tudo o que ali oferecem, imundo é.",
        "15": "Agora, pois, aplicai o vosso coração a isto, desde este dia em diante, antes de pordes pedra sobre pedra no templo do Senhor.",
        "16": "Depois daquele tempo, veio alguém a um monte de vinte medidas, e havia somente dez; vindo ao lagar, para tirar cinquenta, havia somente vinte.",
        "17": "Feri-vos com queimadura, e com ferrugem, e com saraiva, em toda a obra das vossas mãos: e não houve entre vós quem voltasse para mim, diz o Senhor.",
        "18": "Ponde, pois, eu vos rogo, desde este dia em diante, desde o vigésimo quarto dia do mês nono, desde o dia em que se fundou o templo do Senhor, ponde o vosso coração nestas coisas.",
        "19": "Há ainda semente no celeiro? nem a videira, nem a figueira, nem a romeira, nem a oliveira, tem dado os seus frutos; mas, desde este dia, vos abençoarei.",
        "20": "E veio a palavra do Senhor, segunda vez, a Ageu, aos vinte e quatro do mês, dizendo:",
        "21": "Fala a Zorobabel, príncipe de Judá, dizendo: Farei tremer os céus e a terra:",
        "22": "E derrubarei o trono dos reinos, e destruirei a força dos reinos das nações; e destruirei o carro e os que nele se assentam; e os cavalos e os que andam montados neles cairão, cada um pela espada do seu irmão.",
        "23": "Naquele dia, diz o Senhor dos Exércitos, te tomarei, ó Zorobabel, filho de Sealtiel, servo meu, diz o Senhor, e te farei como um anel de selar; porque te escolhi, diz o Senhor dos Exércitos."
    }
}