{
    "1": {
        "1": "NO oitavo mês, do segundo ano de Dario, veio a palavra do Senhor ao profeta Zacarias, filho de Baraquias, filho de Ido, dizendo:",
        "2": "O Senhor tem estado em extremo desgostoso com os vossos pais.",
        "3": "Portanto, dize-lhes: Assim diz o Senhor dos Exércitos: Tornai para mim, diz o Senhor dos Exércitos, e eu tornarei para vós, diz o Senhor dos Exércitos.",
        "4": "E não sejais como os vossos pais, aos quais clamavam os primeiros profetas, dizendo: Assim diz o Senhor dos Exércitos: Convertei-vos agora dos vossos maus caminhos, e das vossas más obras; mas não ouviram, nem me escutaram, diz o Senhor.",
        "5": "Vossos pais, onde estão eles? e os profetas, viverão eles para sempre?",
        "6": "Contudo, as minhas palavras e os meus estatutos, que eu mandei pelos profetas, meus servos, não alcançaram a vossos pais? E eles tornaram e disseram: Assim como o Senhor dos Exércitos fez tenção de nos tratar, segundo os nossos caminhos, e segundo as nossas obras, assim ele nos tratou.",
        "7": "Aos vinte e quatro dias do mês undécimo (que é o mês de Sebat), no segundo ano de Dario, veio a palavra do Senhor ao profeta Zacarias, filho de Baraquias, filho de Ido, dizendo:",
        "8": "Olhei de noite, e vi um homem montado num cavalo vermelho, e parava entre as murtas, que estavam na profundeza, e atrás dele estavam cavalos vermelhos, morenos e brancos.",
        "9": "E eu disse: Senhor meu, quem são estes? E disse-me o anjo que falava comigo: Eu te mostrarei quem estes são.",
        "10": "Então respondeu o homem que estava entre as murtas, e disse: Estes são os que o Senhor tem enviado para andarem pela terra.",
        "11": "E eles responderam ao anjo do Senhor, que estava entre as murtas, e disseram: Nós já andámos pela terra, e eis que toda a terra está tranquila e em descanso.",
        "12": "Então o anjo do Senhor respondeu, e disse: Ó Senhor dos Exércitos, até quando não terás compaixão de Jerusalém, e das cidades de Judá, contra as quais estiveste irado estes setenta anos?",
        "13": "E respondeu o Senhor ao anjo, que falava comigo, palavras boas, palavras consoladoras.",
        "14": "E o anjo que falava comigo me disse: Clama, dizendo: Assim diz o Senhor dos Exércitos: Com grande zelo estou zelando por Jerusalém e por Sião.",
        "15": "E com grandíssima ira estou irado contra as nações em descanso; porque, estando eu um pouco desgostoso, eles auxiliaram no mal.",
        "16": "Portanto, o Senhor diz assim: Voltei-me para Jerusalém com misericórdia; a minha casa nela será edificada, diz o Senhor dos Exércitos, e o cordel será estendido sobre Jerusalém.",
        "17": "Clama outra vez, dizendo: Assim diz o Senhor dos Exércitos: As minhas cidades ainda aumentarão e prosperarão; porque o Senhor ainda consolará a Sião, e ainda escolherá a Jerusalém.",
        "18": "E levantei os meus olhos, e olhei, e vi quatro chifres.",
        "19": "E eu disse ao anjo que falava comigo: Que é isto? E ele me disse: Estes são os poderes que dispersaram a Judá, a Israel e a Jerusalém.",
        "20": "E o Senhor me mostrou quatro ferreiros.",
        "21": "Então eu disse: Que vêm estes fazer? E ele falou, dizendo: Estes são os poderes que dispersaram Judá, de maneira que ninguém pôde levantar a sua cabeça; estes, pois, vieram para os amedrontarem, para derribarem os poderes das nações que levantaram o seu poder contra a terra de Judá, para a espalharem."
    },
    "2": {
        "1": "TORNEI a levantar os meus olhos, e olhei, e vi um homem em cuja mão estava um cordel de medir.",
        "2": "E eu disse: Para onde vais tu? E ele me disse: Medir Jerusalém, para ver qual é a sua largura e qual o seu comprimento.",
        "3": "E eis que saiu o anjo que falava comigo, e outro anjo lhe saiu ao encontro,",
        "4": "E lhe disse: Corre, fala a este mancebo, dizendo: Jerusalém será habitada, como as aldeias sem muros, por causa da multidão nela, dos homens e dos animais.",
        "5": "E eu, diz o Senhor, serei para ela um muro de fogo em redor, e eu mesmo serei, no meio dela, a sua glória.",
        "6": "Olá, oh! fugi agora da terra do norte, diz o Senhor, porque vos espalhei como os quatro ventos do céu, diz o Senhor.",
        "7": "Oh! Sião! livra-te tu, que habitas com a filha de Babilónia.",
        "8": "Porque, assim diz o Senhor dos Exércitos: Depois da glória, ele me enviou às nações que vos despojaram; porque, aquele que tocar em vós toca na menina do seu olho.",
        "9": "Porque, eis aí levantarei a minha mão sobre eles, e eles virão a ser a presa daqueles que os serviram: assim sabereis vós que o Senhor dos Exércitos me enviou.",
        "10": "Exulta e alegra-te, ó filha de Sião, porque eis que venho, e habitarei no meio de ti, diz o Senhor.",
        "11": "E, naquele dia, muitas nações se ajuntarão ao Senhor, e serão o meu povo, e habitarei no meio de ti, e saberás que o Senhor dos Exércitos me enviou a ti.",
        "12": "Então o Senhor possuirá a Judá como sua porção na terra santa, e ainda escolherá a Jerusalém.",
        "13": "Cale-se, toda a carne, diante do Senhor, porque ele despertou na sua santa morada."
    },
    "3": {
        "1": "E ME mostrou o sumo sacerdote Josué, o qual estava diante do Anjo do Senhor, e Satanás estava à sua mão direita, para se lhe opor.",
        "2": "Mas o Senhor disse a Satanás: O Senhor te reprenda, ó Satanás; sim, o Senhor, que escolheu Jerusalém, te repreenda; não é este um tição tirado do fogo?",
        "3": "Ora Josué, vestido de vestidos sujos, estava diante do anjo.",
        "4": "Então, falando, ordenou aos que estavam diante dele, dizendo: Tirai-lhe estes vestidos sujos. E a ele lhe disse: Eis que tenho feito com que passe de ti a tua iniquidade, e te vestirei de vestidos novos.",
        "5": "E disse eu: Ponham-lhe uma mitra limpa sobre a sua cabeça. E puseram uma mitra limpa sobre a sua cabeça, e o vestiram de vestidos: e o anjo do Senhor estava ali.",
        "6": "E o anjo do Senhor protestou a Josué, dizendo:",
        "7": "Assim diz o Senhor dos Exércitos: Se andares nos meus caminhos, e se observares as minhas ordenanças, também tu julgarás a minha casa, e também guardarás os meus átrios, e te darei lugar entre os que estão aqui.",
        "8": "Ouve, pois, Josué, sumo sacerdote, tu e os teus companheiros que se assentam diante de ti, porque são homens portentosos: eis que eu farei vir o meu servo, o Renovo.",
        "9": "Porque eis aqui a pedra que pus diante de Josué; sobre esta pedra única estão sete olhos: eis que eu esculpirei a sua escultura, diz o Senhor dos Exércitos, e tirarei a iniquidade desta terra num dia.",
        "10": "Naquele dia, diz o Senhor dos Exércitos, cada um de vós convidará o seu companheiro para debaixo da videira e para debaixo da figueira."
    },
    "4": {
        "1": "E TORNOU o anjo que falava comigo e me despertou, como a um homem que é despertado do seu sono,",
        "2": "E me disse: Que vês? E eu disse: Olho, e eis um castiçal todo de ouro e um vaso de azeite no cimo, com as suas sete lâmpadas; e cada lâmpada posta no cimo tinha sete canudos.",
        "3": "E, por cima dele, duas oliveiras, uma à direita do vaso de azeite, e outra à sua esquerda.",
        "4": "Respondi e falei, ao anjo que falava comigo, dizendo: Senhor meu, que é isto?",
        "5": "Então respondeu o anjo que falava comigo, e me disse: Não sabes tu o que isto é? E eu disse: Não, Senhor meu.",
        "6": "E respondeu e me falou, dizendo: Esta é a palavra do Senhor a Zorobabel, dizendo: Não por força, nem por violência, mas pelo meu Espírito, diz o Senhor dos Exércitos.",
        "7": "Quem és tu, ó monte grande? diante de Zorobabel serás uma campina; porque ele trará a primeira pedra, com aclamações: Graça, graça a ela.",
        "8": "E a palavra do Senhor veio de novo a mim, dizendo:",
        "9": "As mãos de Zorobabel têm fundado esta casa, também as suas mãos a acabarão, para que saibais que o Senhor dos Exércitos me enviou a vós.",
        "10": "Porque, quem despreza o dia das coisas pequenas? pois esses se alegrarão, vendo o prumo na mão de Zorobabel: os sete olhos do Senhor, que discorrem por toda a terra.",
        "11": "Falei mais, e disse-lhe: Que são as duas oliveiras à direita do castiçal e à sua esquerda?",
        "12": "E, falando-lhe outra vez, disse: Que são aqueles dois raminhos de oliveira, que estão junto aos dois tubos de ouro, e que vertem de si ouro?",
        "13": "E ele me respondeu, dizendo: Não sabes o que é isto? E eu disse: Não, Senhor meu.",
        "14": "Então ele disse: Estes são os dois filhos do óleo, que estão diante do Senhor de toda a terra."
    },
    "5": {
        "1": "E OUTRA vez levantei os meus olhos, e olhei, e vi um rolo volante.",
        "2": "E ele me disse: Que vês? E eu disse: Vejo um rolo volante, que tem vinte côvados de comprido e dez côvados de largo.",
        "3": "Então me disse: Esta é a maldição que sairá pela face de toda a terra; porque, qualquer que furtar será desarraigado, conforme a maldição de um lado; e, qualquer que jurar falsamente será desarraigado, conforme a maldição do outro lado.",
        "4": "Eu a trarei, disse o Senhor dos Exércitos, e a farei entrar na casa do ladrão, e na casa do que jurar falsamente pelo meu nome; e pernoitará no meio da sua casa, e a consumirá a ela com a sua madeira e com as suas pedras.",
        "5": "E saiu o anjo que falava comigo, e me disse: Levanta agora os teus olhos, e vê que é isto que sai.",
        "6": "E eu disse: Que é isto? E ele disse: Isto é um efa que sai. Mais disse: Esta é a semelhança deles em toda a terra.",
        "7": "E eis que foi levantado um talento de chumbo, e uma mulher estava assentada no meio do efa.",
        "8": "E ele disse: Esta é a impiedade. E a lançou dentro do efa; e pôs sobre a boca dele o peso de chumbo.",
        "9": "E levantei os meus olhos, e olhei, e eis que duas mulheres saíram, agitando o ar com as suas asas, pois tinham asas como as da cegonha; e levantaram o efa entre a terra e o céu.",
        "10": "Então eu disse ao anjo que falava comigo: Para onde levam estas o efa?",
        "11": "E ele me disse: Para lhe edificarem uma casa, na terra de Sinear, e, estando ela acabada, ele será posto ali, em seu próprio lugar."
    },
    "6": {
        "1": "E OUTRA vez levantei os meus olhos, e olhei e vi quatro carros que saíram de entre dois montes, e estes montes eram montes de metal.",
        "2": "No primeiro carro, eram os cavalos vermelhos, e no segundo carro, cavalos pretos,",
        "3": "E no terceiro carro, cavalos brancos, e no quarto carro, cavalos grisalhos fortes.",
        "4": "E respondi e disse ao anjo que falava comigo: Que é isto, Senhor meu?",
        "5": "E o anjo respondeu, e me disse: Estes são os quatro ventos do céu, saindo de onde estavam perante o Senhor de toda a terra.",
        "6": "O carro em que estão os cavalos pretos sai para a terra do norte, e os brancos saem atrás deles, e os grisalhos saem para a terra do sul.",
        "7": "E os cavalos fortes saíam, e procuravam ir por diante, para andarem pela terra. E ele disse: Ide, andai pela terra. E andavam pela terra.",
        "8": "E me chamou e me falou, dizendo: Eis que aqueles que saíram para a terra do norte fizeram repousar o meu Espírito na terra do norte.",
        "9": "E a palavra do Senhor veio a mim, dizendo:",
        "10": "Recebe dos que foram levados cativos: de Heldai, de Tobias, e de Jedaia (e vem naquele dia, e entra na casa de Josias, filho de Sofonias), os quais vieram de Babilónia.",
        "11": "Recebe, digo, prata e ouro, e faze coroas, e põe-nas na cabeça de Josué, filho de Josadac, sumo sacerdote.",
        "12": "E fala-lhe, dizendo: Assim fala e diz o Senhor dos Exércitos: Eis aqui o homem cujo nome é Renovo: ele brotará do seu lugar, e edificará o templo do Senhor.",
        "13": "Ele mesmo edificará o templo do Senhor, e levará a glória, e assentar-se-á, e dominará no seu trono, e será sacerdote no seu trono, e conselho de paz haverá entre eles ambos.",
        "14": "E estas coroas serão de Helem, e de Tobias, e de Jedaia, e de Chen, filho de Sofonias, como um memorial no templo do Senhor.",
        "15": "E aqueles que estão longe virão, e edificarão no templo do Senhor, e vós sabereis que o Senhor dos Exércitos me tem enviado a vós; e isto acontecerá, se ouvirdes mui atentos a voz do Senhor, vosso Deus."
    },
    "7": {
        "1": "ACONTECEU pois, no ano quarto do rei Dario, que a palavra do Senhor veio a Zacarias, no dia quarto do nono mês, em Quisleu.",
        "2": "Quando de Betel foram enviados Saresar, e Regemelech, e os seus homens, para suplicarem o favor do Senhor,",
        "3": "Disseram aos sacerdotes que estavam na casa do Senhor dos Exércitos, e aos profetas: Chorarei eu no quinto mês, separando-me, como o tenho feito, por tantos anos?",
        "4": "Então a palavra do Senhor dos Exércitos veio a mim, dizendo:",
        "5": "Fala a todo o povo desta terra, e aos sacerdotes, dizendo: Quando jejuastes, e pranteastes, no quinto e no sétimo mês, durante estes setenta anos, jejuastes vós para mim, mesmo para mim?",
        "6": "Ou, quando comestes, e quando bebestes, não foi para vós mesmos que comestes e bebestes?",
        "7": "Não ouvistes vós as palavras que o Senhor pregou pelo ministério dos profetas precedentes, quando Jerusalém estava habitada e quieta, com as suas cidades ao redor dela, e o sul e a campina eram habitados?",
        "8": "E a palavra do Senhor veio a Zacarias, dizendo:",
        "9": "Assim falou o Senhor dos Exércitos, dizendo: Executai juízo verdadeiro, mostrai piedade e misericórdia, cada um a seu irmão;",
        "10": "E não oprimais a viúva, nem o órfão, nem o estrangeiro, nem o pobre, nem intente o mal, cada um contra o seu irmão, no seu coração.",
        "11": "Eles, porém, não quiseram escutar, e me deram o ombro rebelde, e ensurdeceram os seus ouvidos, para que não ouvissem.",
        "12": "Sim, fizeram os seus corações duros como diamante, para que não ouvissem a lei, nem as palavras que o Senhor dos Exércitos enviara pelo seu Espírito, mediante os profetas precedentes; de onde veio a grande ira do Senhor dos Exércitos.",
        "13": "E aconteceu que, como ele clamou, e eles não ouviram, assim também eles clamarão, mas eu não ouvirei, diz o Senhor dos Exércitos.",
        "14": "E os espalharei com tempestade entre todas as nações, que eles não conheceram, e a terra será assolada atrás deles, de sorte que ninguém passará por ela, nem se voltará; porque têm feito da terra desejada uma desolação."
    },
    "8": {
        "1": "DEPOIS veio a mim a palavra do Senhor dos Exércitos, dizendo:",
        "2": "Assim diz o Senhor dos Exércitos: Zelei por Sião com grande zelo, e com grande indignação zelei por ela.",
        "3": "Assim diz o Senhor: Voltarei para Sião, e habitarei no meio de Jerusalém; e Jerusalém chamar-se-á a cidade de verdade, e o monte do Senhor dos Exércitos monte de santidade.",
        "4": "Assim diz o Senhor dos Exércitos: Ainda nas praças de Jerusalém habitarão velhos e velhas, levando cada um na mão o seu bordão, por causa da sua muita idade.",
        "5": "E as ruas da cidade se encherão de meninos e meninas, que nelas brincarão.",
        "6": "Assim diz o Senhor dos Exércitos: Se isto for maravilhoso aos olhos do resto deste povo, naqueles dias, será, também, maravilhoso aos meus olhos? diz o Senhor dos Exércitos.",
        "7": "Assim diz o Senhor dos Exércitos: Eis que salvarei o meu povo, da terra do oriente e da terra do ocidente;",
        "8": "E trá-los-ei, e habitarão no meio de Jerusalém; e serão o meu povo, e eu serei o seu Deus, em verdade e em justiça.",
        "9": "Assim diz o Senhor dos Exércitos: Esforcem-se as mãos de todos vós, que nestes dias ouvistes estas palavras da boca dos profetas, que estiveram no dia em que foi posto o fundamento da casa do Senhor dos Exércitos, para que o templo fosse edificado.",
        "10": "Porque, antes destes dias, não houve aluguer de homens, nem aluguer de animais; nem havia paz para o que entrava nem para o que saía, por causa do inimigo, porque eu incitei a todos os homens, cada um contra o seu companheiro.",
        "11": "Mas, agora, não serei para com o resto deste povo como nos primeiros dias, diz o Senhor dos Exércitos.",
        "12": "Porque a semente prosperará, a vide dará o seu fruto, e a terra dará a sua novidade, e os céus darão o seu orvalho; e farei que o resto deste povo herde tudo isto.",
        "13": "E há de acontecer, ó casa de Judá, e ó casa de Israel, que, assim como fostes uma maldição entre as nações, assim vos salvarei, e sereis uma bênção: não temais, esforcem-se as vossas mãos.",
        "14": "Porque, assim diz o Senhor dos Exércitos: Assim como pensei fazer-vos mal, quando vossos pais me provocaram à ira, diz o Senhor dos Exércitos, e não me arrependi,",
        "15": "Assim pensei de novo em fazer bem a Jerusalém e à casa de Judá, nestes dias; não temais.",
        "16": "Eis as coisas que deveis fazer: Falai verdade, cada um com o seu companheiro; executai juízo de verdade e de paz nas vossas portas;",
        "17": "E nenhum de vós pense mal no seu coração contra o seu companheiro, nem ame o juramento falso; porque a todas estas coisas eu aborreço, diz o Senhor.",
        "18": "E a palavra do Senhor dos Exércitos veio a mim, dizendo:",
        "19": "Assim diz o Senhor dos Exércitos: O jejum do quarto mês, e o jejum do quinto, e o jejum do sétimo, e o jejum do décimo mês será para a casa de Judá gozo, e alegria, e festividades solenes: amai, pois, a verdade e a paz.",
        "20": "Assim diz o Senhor dos Exércitos: Ainda sucederá que virão povos e habitantes de muitas cidades;",
        "21": "E os habitantes de uma cidade irão a outra, dizendo: Vamos depressa suplicar o favor do Senhor, e buscar o Senhor dos Exércitos; eu também irei.",
        "22": "Assim virão muitos povos, e poderosas nações, buscar em Jerusalém o Senhor dos Exércitos, e suplicar a bênção do Senhor.",
        "23": "Assim diz o Senhor dos Exércitos: Naquele dia sucederá que pegarão dez homens, de todas as línguas das nações, pegarão, sim, na orla do vestido de um judeu, dizendo: Iremos convosco, porque temos ouvido que Deus está convosco."
    },
    "9": {
        "1": "PESO da palavra do Senhor contra a terra de Haldrach, e Damasco, o seu repouso; porque o olhar do homem, e de todas as tribos de Israel se volta para o Senhor.",
        "2": "E também Hamath, nela terá termo; e Tiro e Sídon, ainda que sejam mui sábias.",
        "3": "E Tiro edificou para si fortalezas, e amontoou prata como o pó, e ouro fino como a lama das ruas.",
        "4": "Eis que o Senhor a despojará, e ferirá no mar a sua força, e ela será consumida pelo fogo.",
        "5": "Ascalon o verá e temerá, também Gaza, e terá grande dor; igualmente Ecron, porque a sua esperança será iludida; e o rei de Gaza perecerá, e Ascalon não será habitada.",
        "6": "E um bastardo habitará em Asdod e exterminarei a soberba dos filisteus.",
        "7": "E da sua boca tirarei o seu sangue, e de entre os seus dentes as suas abominações; e ele também ficará como um resto para o nosso Deus; e será como príncipe em Judá, e Ecron como um jebuseu.",
        "8": "E me acamparei ao redor da minha casa contra o exército, para que ninguém passe e para que ninguém volte, para que não passe mais sobre eles o exator; porque agora vi com os meus olhos.",
        "9": "Alegra-te muito, ó filha de Sião; exulta, ó filha de Jerusalém: eis que o teu rei virá a ti, justo e Salvador, pobre, e montado sobre um jumento, sobre um asninho, filho de jumenta.",
        "10": "E destruirei os carros de Efraim e os cavalos de Jerusalém, e o arco de guerra será destruído; e ele anunciará paz às nações: e o seu domínio se estenderá de um mar a outro mar, e desde o rio até às extremidades da terra.",
        "11": "Ainda quanto a ti, por causa do sangue do teu concerto, tirei os teus presos da cova em que não havia água.",
        "12": "Voltai à fortaleza, ó presos de esperança; também hoje vos anuncio que vos recompensarei em dobro.",
        "13": "Porque curvei Judá para mim, enchi com Efraim o arco; suscitarei os teus filhos, ó Sião, contra os teus filhos, ó Grécia! e pôr-te-ei como a espada de um valente.",
        "14": "E o Senhor será visto sobre eles, e as suas frechas sairão como o relâmpago; e o Senhor Jeová fará soar a trombeta, e irá com os redemoinhos do sul.",
        "15": "O Senhor dos Exércitos os amparará; e comerão, depois que os tiverem sujeitado com as pedras da funda; também beberão e farão barulho como excitados pelo vinho; e encher-se-ão como taças, como os cantos do altar.",
        "16": "E o Senhor, seu Deus, naquele dia os salvará, como ao rebanho do seu povo; porque, como as pedras de uma coroa, eles serão exaltados na sua terra.",
        "17": "Porque, quão grande é a sua bondade! e quão grande é a sua formosura! o trigo fará florescer os mancebos, e o mosto as donzelas."
    },
    "10": {
        "1": "PEDI ao Senhor chuva, no tempo da chuva serôdia; o Senhor, que faz os relâmpagos, lhes dará chuveiro de água e erva no campo a cada um.",
        "2": "Porque os terafins têm falado vaidade, e os adivinhos têm visto mentira e descrito sonhos vãos; com vaidade consolam; por isso, vão como ovelhas, estão aflitos, porque não há pastor.",
        "3": "Contra os pastores se acendeu a minha ira, e castigarei os bodes; mas o Senhor dos Exércitos visitará o seu rebanho, a casa de Judá, e os fará como o seu cavalo de honra na peleja.",
        "4": "Dele a pedra de esquina, dele a estaca, dele o arco de guerra, dele juntamente sairão todos os exatores.",
        "5": "E serão como valentes que, pelo lodo das ruas, entram na peleja, esmagando os inimigos; porque o Senhor estará com eles, e eles envergonharão os que andam montados em cavalos.",
        "6": "E fortalecerei a casa de Judá, e salvarei a casa de José, e tornarei a plantá-los, porque me apiedei deles; e serão como se os não tivera rejeitado, porque eu sou o Senhor, seu Deus, e os ouvirei.",
        "7": "E os de Efraim serão como um valente, e o seu coração se alegrará como pelo vinho, e seus filhos o verão e se alegrarão; o seu coração se regozijará no Senhor.",
        "8": "Eu lhes assobiarei e os ajuntarei, porque os tenho remido, e multiplicar-se-ão como se tinham multiplicado.",
        "9": "E eu os semearei entre os povos, e lembrar-se-ão de mim em lugares remotos; e viverão com seus filhos, e voltarão.",
        "10": "Porque eu os farei voltar da terra do Egito, e os congregarei da Assíria; e trá-los-ei à terra de Gilead, e do Líbano, e não se achará lugar para eles.",
        "11": "E ele passará o mar com angústia, e ferirá as ondas do mar, e todas as profundezas dos rios se secarão: então será derribada a soberba da Assíria, e o cetro do Egito se retirará.",
        "12": "E eu os fortalecerei no Senhor, e andarão no seu nome, diz o Senhor."
    },
    "11": {
        "1": "ABRE, ó Líbano, as tuas portas, para que o fogo consuma os cedros.",
        "2": "Gemei, faias, porque os cedros caíram, porque os mais excelentes são destruídos; gemei, ó carvalhos de Basan, porque o bosque forte é derribado.",
        "3": "Voz de uivo dos pastores! porque a sua glória é destruída; voz de bramido dos filhos de leões! porque foi destruída a soberba do Jordão.",
        "4": "Assim diz o Senhor, meu Deus: Apascenta as ovelhas da matança,",
        "5": "Cujos possuidores as matam e não se têm por culpados; e cujos vendedores dizem: Louvado seja o Senhor, porque hei enriquecido; e os seus pastores não têm piedade delas.",
        "6": "Certamente não terei mais piedade dos moradores desta terra, diz o Senhor, mas eis que entregarei os homens, cada um na mão do seu companheiro e na mão do seu rei; eles ferirão a terra, e eu não os livrarei da sua mão.",
        "7": "E eu apascentarei as ovelhas da matança, as pobres ovelhas do rebanho. E tomei para mim duas varas: a uma chamei Suavidade, e à outra chamei Laços; e apascentei as ovelhas.",
        "8": "E destruí os três pastores, num mês, porque se angustiou deles a minha alma, e também a sua alma teve fastio de mim.",
        "9": "E eu disse: Não vos apascentarei mais: o que morrer, morra; e o que for destruído, seja; e as que restarem comam, cada uma, a carne da sua companheira.",
        "10": "E tomei a minha vara Suavidade e a quebrei, para desfazer o meu concerto, que tinha estabelecido com todos estes povos.",
        "11": "E foi quebrada naquele dia; e conheceram assim os pobres do rebanho, que me aguardavam, que isto era palavra do Senhor.",
        "12": "E eu disse-lhes: Se parece bem aos vossos olhos, dai-me o que me é devido, e, se não, deixai-o. E pesaram o meu salário, trinta moedas de prata.",
        "13": "O Senhor pois me disse: Arroja isso ao oleiro, esse belo preço em que fui avaliado por eles. E tomei as trinta moedas de prata, e as arrojei ao oleiro, na casa do Senhor.",
        "14": "Então quebrei a minha segunda vara Laços, para romper a irmandade entre Judá e Israel.",
        "15": "E o Senhor me disse: Toma ainda para ti o instrumento de um pastor insensato.",
        "16": "Porque, eis que levantei um pastor na terra, que não visitará as que estão perecendo, não buscará a desgarrada, e não sarará a doente, nem apascentará a sã; mas comerá a carne da gorda, e lhe despedaçará as unhas.",
        "17": "Ai do pastor inútil, que abandona o rebanho; a espada cairá sobre o seu braço e sobre o seu olho direito; o seu braço completamente se secará, e o seu olho direito completamente se escurecerá."
    },
    "12": {
        "1": "PESO da palavra do Senhor sobre Israel: Fala o Senhor, o que estende o céu, e que funda a terra, e que forma o espírito do homem dentro dele.",
        "2": "Eis que eu porei a Jerusalém como um copo de tremor para todos os povos em redor, e também para Judá, quando do cerco contra Jerusalém.",
        "3": "E acontecerá, naquele dia, que farei de Jerusalém uma pedra pesada para todos os povos; todos os que carregarem com ela certamente serão despedaçados, e ajuntar-se-ão contra ela todas as nações da terra.",
        "4": "Naquele dia, diz o Senhor, ferirei de espanto a todos os cavalos, e de loucura os que montam neles; e sobre a casa de Judá abrirei os meus olhos, e ferirei de cegueira a todos os cavalos dos povos.",
        "5": "Então os chefes de Judá dirão no seu coração: A minha força são os habitantes de Jerusalém e o Senhor dos Exércitos, seu Deus.",
        "6": "Naquele dia, porei os chefes de Judá como uma brasa ardente debaixo da lenha, e como um facho entre gavelas; e à direita e à esquerda consumirão a todos os povos em redor, e Jerusalém será habitada, outra vez, no seu próprio lugar, mesmo em Jerusalém.",
        "7": "E o Senhor primeiramente salvará as tendas de Judá, para que a glória da casa de David e a glória dos habitantes de Jerusalém não seja exaltada acima de Judá.",
        "8": "Naquele dia, o Senhor amparará os habitantes de Jerusalém; e o que de entre eles tropeçar, naquele dia, será como David, e a casa de David será como Deus, como o anjo do Senhor diante deles.",
        "9": "E acontecerá, naquele dia, que procurarei destruir todas as nações que vieram contra Jerusalém;",
        "10": "E sobre a casa de David, e sobre os habitantes de Jerusalém, derramarei o Espírito de graça e de súplicas; e olharão para mim, a quem traspassaram; e o prantearão, como quem pranteia por um unigénito; e chorarão amargamente por ele, como se chora amargamente pelo primogénito.",
        "11": "Naquele dia será grande o pranto em Jerusalém, como o pranto de Hadadrimon no vale de Megidon.",
        "12": "E a terra pranteará, cada linhagem à parte: a linhagem da casa de David à parte, e suas mulheres à parte, e a linhagem da casa de Natan à parte, e suas mulheres à parte:",
        "13": "A linhagem da casa de Levi à parte, e suas mulheres à parte; a linhagem de Simei à parte, e suas mulheres à parte.",
        "14": "Todas as mais linhagens, cada linhagem à parte, e suas mulheres à parte."
    },
    "13": {
        "1": "NAQUELE dia haverá uma fonte aberta para a casa de David, e para os habitantes de Jerusalém, contra o pecado e contra a impureza.",
        "2": "E acontecerá, naquele dia, diz o Senhor dos Exércitos, que tirarei da terra os nomes dos ídolos, e deles não haverá mais memória; e também farei sair da terra os profetas e o espírito da impureza.",
        "3": "E será que, quando alguém ainda profetizar, seu pai e sua mãe, que o geraram, lhe dirão: Não viverás, porque mentirosamente falaste em nome do Senhor; e seu pai e sua mãe, que o geraram, o traspassarão quando profetizar.",
        "4": "E acontecerá, naquele dia, que os profetas se envergonharão, cada um da sua visão, quando profetizarem; nem mais se vestirão de manto de pelos, para mentirem.",
        "5": "Mas dirão: Não sou profeta, sou lavrador da terra; porque tenho sido servo, desde a minha mocidade.",
        "6": "E se alguém lhe disser: Que feridas são essas nas tuas mãos? Dirá ele: São as feridas com que fui ferido em casa dos meus amigos.",
        "7": "Ó espada, ergue-te contra o meu Pastor e contra o varão que é o meu companheiro, diz o Senhor dos Exércitos: fere o Pastor, e espalhar-se-ão as ovelhas; mas volverei a minha mão para os pequenos.",
        "8": "E acontecerá em toda a terra, diz o Senhor, que as duas partes dela serão extirpadas e expirarão; mas a terceira parte restará nela.",
        "9": "E farei passar esta terceira parte pelo fogo, e a purificarei, como se purifica a prata, e a provarei, como se prova o ouro: ela invocará o meu nome, e eu a ouvirei; direi: É meu povo; e ela dirá: O Senhor é meu Deus."
    },
    "14": {
        "1": "EIS que vem um dia do Senhor, em que os teus despojos se repartirão no meio de ti.",
        "2": "Porque eu ajuntarei todas as nações para a peleja contra Jerusalém; e a cidade será tomada, e as casas serão saqueadas, e as mulheres forçadas; e metade da cidade sairá para o cativeiro, mas o resto do povo não será expulso da cidade.",
        "3": "E o Senhor sairá e pelejará contra estas nações, como no dia em que pelejou no dia da batalha.",
        "4": "E, naquele dia, estarão os seus pés sobre o monte das Oliveiras, que está defronte de Jerusalém, para o oriente; e o monte das Oliveiras será fendido pelo meio, para o oriente e para o ocidente, e haverá um vale muito grande; e metade do monte se apartará para o norte, e a outra metade dele para o sul.",
        "5": "E fugireis pelo vale dos meus montes (porque o vale dos montes chegará até Asel), e fugireis, assim como fugistes do terramoto, nos dias de Uzias, rei de Judá; então virá o Senhor, meu Deus, e todos os santos contigo, ó Senhor.",
        "6": "E acontecerá, naquele dia, que não haverá preciosa luz, nem espessa escuridão.",
        "7": "Mas será um dia conhecido do Senhor; nem dia nem noite será: e acontecerá que, no tempo da tarde, haverá luz.",
        "8": "Naquele dia, também, acontecerá que correrão de Jerusalém águas vivas, metade delas para o mar oriental, e metade delas até ao mar ocidental: no estio e no inverno sucederá isto.",
        "9": "E o Senhor será rei sobre toda a terra: naquele dia, um será o Senhor, e um será o seu nome.",
        "10": "Toda a terra em redor se tornará em planície, desde Geba até Rimon, ao sul de Jerusalém; ela será exalçada, e habitada no seu lugar, desde a porta de Benjamim até ao lugar da primeira porta, até à porta da esquina, e desde a torre de Hananeel até aos lagares do rei.",
        "11": "E habitarão nela, e não haverá mais anátema, porque Jerusalém habitará segura.",
        "12": "E esta será a praga com que o Senhor ferirá a todos os povos que guerrearam contra Jerusalém: a sua carne será consumida, estando eles de pé, e lhes apodrecerão os olhos nas suas órbitas, e lhes apodrecerá a língua na sua boca.",
        "13": "Naquele dia, também acontecerá que haverá uma grande perturbação do Senhor entre eles; porque pegará cada um na mão do seu companheiro, e alçar-se-á a mão de cada um contra a mão do seu companheiro.",
        "14": "E também Judá pelejará em Jerusalém, e se ajuntarão em redor as riquezas de todas as nações, ouro e prata, e vestidos em grande abundância.",
        "15": "E será a praga dos cavalos, dos machos, dos camelos e dos jumentos, e de todos os animais que estiverem naqueles exércitos, como foi a praga deles.",
        "16": "E acontecerá que, todos os que restarem, de todas as nações que vieram contra Jerusalém, subirão de ano em ano para adorarem o Rei, o Senhor dos Exércitos, e celebrarem a festa das cabanas.",
        "17": "E acontecerá que, se alguma das famílias da terra não subir a Jerusalém, para adorar o Rei, o Senhor dos Exércitos, não virá sobre ela a chuva.",
        "18": "E, se a família dos egípcios não subir, nem vier, virá sobre eles a praga com que o Senhor ferirá as nações que não subirem a celebrar a festa das cabanas.",
        "19": "Este será o castigo dos egípcios e o castigo de todas as nações que não subirem a celebrar a festa das cabanas.",
        "20": "Naquele dia se gravará sobre as campainhas dos cavalos: Santidade ao Senhor: e as panelas na casa do Senhor serão como as bacias diante do altar.",
        "21": "E todas as panelas em Jerusalém e Judá serão consagradas ao Senhor dos Exércitos, e todos os que sacrificarem virão, e delas tomarão, e nelas cozerão: e não haverá mais cananita na casa do Senhor dos Exércitos, naquele dia."
    }
}