{
    "1": {
        "1": "PAULO, apóstolo de Jesus Cristo, pela vontade de Deus, e o irmão Timóteo:",
        "2": "Aos santos e irmãos fiéis em Cristo, que estão em Colossos. Graça a vós, e paz, da parte de Deus, nosso Pai e da do Senhor Jesus Cristo!",
        "3": "Graças damos a Deus, Pai do nosso Senhor Jesus Cristo, orando sempre por vós,",
        "4": "Porquanto ouvimos da vossa fé em Cristo Jesus, e do amor que tendes para com todos os santos;",
        "5": "Por causa da esperança que vos está reservada nos céus, da qual já antes ouvistes, pela palavra da verdade do evangelho,",
        "6": "Que já chegou a vós, como também está em todo o mundo; e já vai frutificando, como também entre vós, desde o dia em que ouvistes e conhecestes a graça de Deus em verdade;",
        "7": "Como aprendestes de Epáfras, nosso amado conservo, que para vós é um fiel ministro de Cristo,",
        "8": "O qual nos declarou, também, o vosso amor no Espírito.",
        "9": "Por esta razão, nós, também, desde o dia em que o ouvimos, não cessámos de orar por vós, e de pedir que sejais cheios do conhecimento da sua vontade, em toda a sabedoria e inteligência espiritual;",
        "10": "Para que possais andar dignamente diante do Senhor, agradando-lhe em tudo, frutificando em toda a boa obra, e crescendo no conhecimento de Deus;",
        "11": "Corroborados em toda a fortaleza, segundo a força da sua glória, em toda a paciência e longanimidade, com gozo;",
        "12": "Dando graças ao Pai, que nos fez idóneos para participar da herança dos santos na luz;",
        "13": "O qual nos tirou da potestade das trevas, e nos transportou para o reino do Filho do seu amor;",
        "14": "Em quem temos a redenção pelo seu sangue, a saber, a remissão dos pecados;",
        "15": "O qual é a imagem do Deus invisível, o primogénito de toda a criação;",
        "16": "Porque nele foram criadas todas as coisas que há, nos céus e na terra, visíveis e invisíveis, sejam tronos, sejam dominações, sejam principados, sejam potestades: tudo foi criado por ele e para ele;",
        "17": "E ele é antes de todas as coisas, e todas as coisas subsistem por ele;",
        "18": "E ele é a cabeça do corpo da igreja, é o princípio e o primogénito de entre os mortos, para que em tudo tenha a preeminência.",
        "19": "Porque foi do agrado do Pai que toda a plenitude nele habitasse,",
        "20": "E que, havendo por ele feito a paz, pelo sangue da sua cruz, por meio dele reconciliasse consigo mesmo todas as coisas, tanto as que estão na terra, como as que estão nos céus.",
        "21": "A vós, também, que noutro tempo éreis estranhos e inimigos no entendimento, pelas vossas obras más, agora, contudo, vos reconciliou",
        "22": "No corpo da sua carne, pela morte, para perante ele vos apresentar santos, e irrepreensíveis, e inculpáveis,",
        "23": "Se, na verdade, permanecerdes fundados e firmes na fé, e não vos moverdes da esperança do evangelho que tendes ouvido, o qual foi pregado a toda a criatura que há debaixo do céu, e do qual eu, Paulo, estou feito ministro.",
        "24": "Regozijo-me agora no que padeço por vós, e na minha carne cumpro o resto das aflições de Cristo, pelo seu corpo, que é a igreja;",
        "25": "Da qual eu estou feito ministro, segundo a dispensação de Deus, que me foi concedida para convosco, para cumprir a palavra de Deus;",
        "26": "O mistério que esteve oculto desde todos os séculos, e em todas as gerações, e que agora foi manifesto aos seus santos;",
        "27": "Aos quais Deus quis fazer conhecer quais são as riquezas da glória deste mistério entre os gentios, que é Cristo em vós, esperança da glória;",
        "28": "A quem anunciamos, admoestando a todo o homem, e ensinando a todo o homem, em toda a sabedoria, para que apresentemos todo o homem perfeito em Jesus Cristo;",
        "29": "E para isto também trabalho, combatendo segundo a sua eficácia, que obra em mim poderosamente."
    },
    "2": {
        "1": "PORQUE quero que saibais quão grande combate tenho por vós, e pelos que estão em Laodiceia, e por quantos não viram o meu rosto em carne;",
        "2": "Para que os seus corações sejam consolados, e estejam unidos em amor, e enriquecidos da plenitude da inteligência, para conhecimento do mistério de Deus — Cristo,",
        "3": "Em quem estão escondidos todos os tesouros da sabedoria e da ciência.",
        "4": "E digo isto, para que ninguém vos engane com palavras persuasivas.",
        "5": "Porque, ainda que esteja ausente quanto ao corpo, contudo, em espírito, estou convosco, regozijando-me, e vendo a vossa ordem, e a firmeza da vossa fé em Cristo.",
        "6": "Como, pois, recebestes o Senhor Jesus Cristo, assim, também, andai nele,",
        "7": "Arraigados e sobreedificados nele, e confirmados na fé, assim como fostes ensinados, abundando em ação de graças.",
        "8": "Tendo cuidado, para que ninguém vos faça presa sua, por meio de filosofias e vãs subtilezas, segundo a tradição dos homens, segundo os rudimentos do mundo, e não segundo Cristo;",
        "9": "Porque nele habita, corporalmente, toda a plenitude da divindade;",
        "10": "E estais perfeitos nele, que é a cabeça de todo o principado e potestade;",
        "11": "No qual, também, estais circuncidados, com a circuncisão não feita por mão, no despojo do corpo da carne, a circuncisão de Cristo;",
        "12": "Sepultados com ele no batismo, nele, também, ressuscitastes pela fé no poder de Deus, que o ressuscitou dos mortos.",
        "13": "E, quando vós estáveis mortos nos pecados, e na incircuncisão da vossa carne, vos vivificou, juntamente com ele, perdoando-vos todas as ofensas,",
        "14": "Havendo riscado a cédula que era contra nós, nas suas ordenanças, a qual de alguma maneira nos era contrária, e a tirou do meio de nós, cravando-a na cruz.",
        "15": "E, despojando os principados e potestades, os expôs publicamente, e deles triunfou em si mesmo.",
        "16": "Portanto, ninguém vos julgue pelo comer, ou pelo beber, ou por causa dos dias de festa, ou da lua nova, ou dos sábados,",
        "17": "Que são sombras das coisas futuras, mas o corpo é de Cristo.",
        "18": "Ninguém vos domine a seu bel-prazer, com pretexto de humildade e culto dos anjos, metendo-se em coisas que não viu, estando debalde inchado na sua carnal compreensão,",
        "19": "E não ligado à cabeça, da qual todo o corpo, provido e organizado pelas juntas e ligaduras, vai crescendo em aumento de Deus.",
        "20": "Se, pois, estais mortos com Cristo, quanto aos rudimentos do mundo, por que vos carregam ainda de ordenanças, como se vivêsseis no mundo,",
        "21": "Tais como: não toques, não proves, não manuseies?",
        "22": "As quais coisas todas perecem, pelo uso, segundo os preceitos e doutrinas dos homens;",
        "23": "As quais têm, na verdade, alguma aparência de sabedoria, em devoção voluntária, humildade, e em disciplina do corpo, mas não são de valor algum, senão para a satisfação da carne."
    },
    "3": {
        "1": "PORTANTO, se já ressuscitastes com Cristo, buscai as coisas que são de cima, onde Cristo está assentado à dextra de Deus.",
        "2": "Pensai nas coisas que são de cima, e não nas que são da terra;",
        "3": "Porque já estais mortos, e a vossa vida está escondida com Cristo, em Deus.",
        "4": "Quando Cristo, que é a nossa vida, se manifestar, então também vós vos manifestareis, com ele, em glória.",
        "5": "Mortificai, pois, os vossos membros, que estão sobre a terra; a prostituição, a impureza, o apetite desordenado, a vil concupiscência e a avareza, que é idolatria;",
        "6": "Pelas quais coisas vem a ira de Deus sobre os filhos da desobediência;",
        "7": "Nas quais, também, em outro tempo andastes, quando vivíeis nelas.",
        "8": "Mas, agora, despojai-vos também de tudo: da ira, da cólera, da malícia, da maledicência, das palavras torpes da vossa boca.",
        "9": "Não mintais uns aos outros, pois que já vos despistes do velho homem com os seus feitos,",
        "10": "E vos vestistes do novo, que se renova para o conhecimento, segundo a imagem daquele que o criou;",
        "11": "Onde não há grego nem judeu, circuncisão nem incircuncisão, bárbaro, cita, servo ou livre; mas Cristo é tudo, em todos.",
        "12": "Revesti-vos, pois, como eleitos de Deus, santos e amados, de entranhas de misericórdia, de benignidade, humildade, mansidão, longanimidade,",
        "13": "Suportando-vos uns aos outros, e perdoando-vos uns aos outros, se algum tiver queixa contra outro; assim como Cristo vos perdoou, assim fazei vós, também.",
        "14": "E, sobre tudo isto, revesti-vos de amor, que é o vínculo da perfeição.",
        "15": "E a paz de Deus, para a qual também fostes chamados em um corpo, domine nos vossos corações; e sede agradecidos.",
        "16": "A palavra de Cristo habite em vós abundantemente, em toda a sabedoria, ensinando-vos e admoestando-vos uns aos outros, com salmos, hinos e cânticos espirituais, cantando ao Senhor com graça em vosso coração.",
        "17": "E, quanto fizerdes, por palavra ou por obras, fazei tudo em nome do Senhor Jesus, dando por ele graças a Deus Pai.",
        "18": "Vós, mulheres, estai sujeitas aos vossos próprios maridos, como convém no Senhor.",
        "19": "Vós, maridos, amai as vossas mulheres, e não vos irriteis contra elas.",
        "20": "Vós, filhos, obedecei em tudo aos vossos pais, porque isto é agradável ao Senhor.",
        "21": "Vós, pais, não irriteis os vossos filhos, para que não percam o ânimo.",
        "22": "Vós, servos, obedecei em tudo os vossos senhores segundo a carne, não servindo só na aparência, como para agradar aos homens, mas em simplicidade de coração, temendo a Deus.",
        "23": "E, tudo quanto fizerdes, fazei-o de todo o coração, como ao Senhor, e não aos homens,",
        "24": "Sabendo que recebereis do Senhor o galardão da herança, porque a Cristo, o Senhor, servis.",
        "25": "Mas, quem fizer agravo receberá o agravo que fizer; pois não há distinção de pessoas."
    },
    "4": {
        "1": "VÓS, senhores, fazei o que for de justiça e equidade aos vossos servos, sabendo que também tendes um Senhor nos céus.",
        "2": "Perseverai em oração, velando nela com ação de graças;",
        "3": "Orando, também, juntamente, por nós, para que Deus nos abra a porta da palavra, a fim de falarmos do mistério de Cristo, pelo qual estou também preso;",
        "4": "Para que o manifeste, como me convém falar.",
        "5": "Andai com sabedoria para com os que estão de fora, remindo o tempo.",
        "6": "A vossa palavra seja sempre agradável, temperada com sal, para que saibais como vos convém responder a cada um.",
        "7": "Tíquico, irmão amado e fiel ministro, e conservo no Senhor, vos fará saber o meu estado;",
        "8": "O qual vos enviei para o mesmo fim, para que saiba do vosso estado e console os vossos corações;",
        "9": "Juntamente com Onésimo, amado e fiel irmão, que é dos vossos; eles vos farão saber tudo o que por aqui se passa.",
        "10": "Aristarco, que está preso comigo, vos saúda, e Marcos, o sobrinho de Barnabé, acerca do qual já recebestes mandamentos; se ele for ter convosco, recebei-o;",
        "11": "E Jesus, chamado Justo; os quais são da circuncisão; são estes unicamente os meus cooperadores no reino de Deus; e para mim têm sido consolação.",
        "12": "Saúda-vos Epáfras, que é dos vossos, servo de Cristo, combatendo sempre por vós, em orações, para que vos conserveis firmes, perfeitos e consumados, em toda a vontade de Deus.",
        "13": "Pois eu lhe dou testemunho de que tem grande zelo por vós, e pelos que estão em Laodiceia, e pelos que estão em Hierápolis.",
        "14": "Saúda-vos Lucas, o médico amado, e Demas.",
        "15": "Saudai aos irmãos que estão em Laodiceia, e a Ninfa e à igreja que está em sua casa.",
        "16": "E, quando esta epístola tiver sido lida entre vós, fazei que também o seja na igreja dos laodicenses, e a que veio da Laodiceia, lede-a vós, também.",
        "17": "E dizei a Arquipo: Atenta para o ministério que recebeste no Senhor, para que o cumpras.",
        "18": "Saudação de meu punho, de Paulo. Lembrai-vos das minhas prisões. A graça seja convosco! Ámen."
    }
}