{
    "1": {
        "1": "PAULO, apóstolo de Jesus Cristo, pela vontade de Deus, segundo a promessa da vida que está em Cristo Jesus,",
        "2": "A Timóteo, meu amado filho: graça, misericórdia, e paz, da parte de Deus Pai, e da de Cristo Jesus, Senhor nosso.",
        "3": "Dou graças a Deus, a quem desde os meus antepassados sirvo com uma consciência pura, de que, sem cessar, faço memória de ti nas minhas orações, noite e dia,",
        "4": "Desejando muito ver-te, lembrando-me das tuas lágrimas, para me encher de gozo,",
        "5": "Ao recordar a fé não fingida que em ti há, a qual habitou primeiro na tua avó Lóide, na tua mãe Eunice, e estou certo de que, também, habita em ti.",
        "6": "Por cujo motivo te lembro que despertes o dom de Deus, que existe em ti pela imposição das minhas mãos;",
        "7": "Porque Deus não nos deu o espírito de temor, mas de fortaleza, e de amor, e de moderação.",
        "8": "Portanto, não te envergonhes do testemunho do nosso Senhor, nem de mim, que sou prisioneiro seu, antes participa das aflições do evangelho, segundo o poder de Deus,",
        "9": "Que nos salvou, e chamou com uma santa vocação, não segundo as nossas obras, mas segundo o seu próprio propósito e graça, que nos foi dada em Cristo Jesus, antes dos tempos dos séculos,",
        "10": "E que é manifesta agora, pela aparição do nosso Salvador, Jesus Cristo, o qual aboliu a morte, e trouxe à luz a vida e a incorrupção pelo evangelho;",
        "11": "Para o que fui constituído pregador e apóstolo, e doutor dos gentios.",
        "12": "Por cuja causa, padeço também isto, mas não me envergonho, porque eu sei em quem tenho crido, e estou certo de que é poderoso para guardar o meu depósito, até àquele dia.",
        "13": "Conserva o modelo das sãs palavras, que de mim tens ouvido, na fé e no amor que há em Cristo Jesus.",
        "14": "Guarda o bom depósito, pelo Espírito Santo que habita em nós.",
        "15": "Bem sabes isto, que os que estão na Ásia todos se apartaram de mim, entre os quais foram Figelo e Hermógenes.",
        "16": "O Senhor conceda misericórdia à casa de Onesíforo, porque muitas vezes me recreou, e não se envergonhou das minhas cadeias,",
        "17": "Antes, vindo ele a Roma, com muito cuidado me procurou e me achou.",
        "18": "O Senhor lhe conceda que, naquele dia, ache misericórdia diante do Senhor. E, quanto me ajudou em Éfeso, melhor o sabes tu."
    },
    "2": {
        "1": "TU, pois, meu filho, fortifica-te na graça que há em Cristo Jesus;",
        "2": "E o que de mim, entre muitas testemunhas, ouviste, confia-o a homens fiéis, que sejam idóneos, para também ensinarem os outros.",
        "3": "Sofre, pois, comigo, as aflições, como bom soldado de Jesus Cristo.",
        "4": "Ninguém que milita se embaraça com negócios desta vida, a fim de agradar àquele que o alistou para a guerra;",
        "5": "E, se alguém também milita, não é coroado se não militar legitimamente;",
        "6": "O lavrador que trabalha deve ser o primeiro a gozar dos frutos.",
        "7": "Considera o que digo, porque o Senhor te dará entendimento em tudo.",
        "8": "Lembra-te de que Jesus Cristo, que é da descendência de David, ressuscitou dos mortos, segundo o meu evangelho;",
        "9": "Pelo que sofro trabalhos e até prisões, como um malfeitor; mas a palavra de Deus não está presa.",
        "10": "Portanto, tudo sofro, por amor dos escolhidos, para que, também, eles alcancem a salvação que está em Cristo Jesus, com glória eterna.",
        "11": "Palavra fiel é esta: que, se morrermos com ele, também com ele viveremos;",
        "12": "Se sofrermos, também com ele reinaremos; se o negarmos, também ele nos negará;",
        "13": "Se formos infiéis, ele permanece fiel; não pode negar-se a si mesmo.",
        "14": "Traze estas coisas à memória, ordenando-lhes, diante do Senhor, que não tenham contendas de palavras, que para nada aproveitam e são para perversão dos ouvintes.",
        "15": "Procura apresentar-te a Deus, aprovado, como obreiro que não tem de que se envergonhar, que maneja bem a palavra da verdade;",
        "16": "Mas evita os falatórios profanos, porque produzirão maior impiedade.",
        "17": "E a palavra desses roerá como gangrena; entre os quais são Himeneu e Fileto;",
        "18": "Os quais se desviaram da verdade, dizendo que a ressurreição era já feita, e perverteram a fé de alguns.",
        "19": "Todavia, o fundamento de Deus fica firme, tendo este selo: O Senhor conhece os que são seus e, qualquer que profere o nome de Cristo, aparte-se da iniquidade.",
        "20": "Ora, numa grande casa, não somente há vasos de ouro e de prata, mas também de pau e de barro; uns para honra, outros, porém, para desonra.",
        "21": "De sorte que, se alguém se purificar destas coisas, será vaso para honra, santificado e idóneo para uso do Senhor, e preparado para toda a boa obra.",
        "22": "Foge, também, dos desejos da mocidade; e segue a justiça, a fé, o amor e a paz com os que, com um coração puro, invocam o Senhor;",
        "23": "E rejeita as questões loucas, e sem instrução, sabendo que produzem contendas.",
        "24": "E ao servo do Senhor não convém contender, mas, sim, ser manso para com todos, apto para ensinar, sofredor;",
        "25": "Instruindo com mansidão os que resistem, a ver se, porventura, Deus lhes dará arrependimento, para conhecerem a verdade,",
        "26": "E tornarem a despertar, desprendendo-se dos laços do diabo, em que, à vontade dele, estão presos."
    },
    "3": {
        "1": "SABE, porém, isto; que, nos últimos dias, sobrevirão tempos trabalhosos;",
        "2": "Porque haverá homens amantes de si mesmos, avarentos, presunçosos, soberbos, blasfemos, desobedientes a pais e mães, ingratos, profanos,",
        "3": "Sem afeto natural, irreconciliáveis, caluniadores, incontinentes, cruéis, sem amor para com os bons,",
        "4": "Traidores, obstinados, orgulhosos, mais amigos dos deleites do que amigos de Deus,",
        "5": "Tendo aparência de piedade, mas negando a eficácia dela. Destes afasta-te.",
        "6": "Porque deste número são os que se introduzem pelas casas, e levam cativas mulheres néscias, carregadas de pecados, levadas de várias concupiscências;",
        "7": "Que aprendem sempre, e nunca podem chegar ao conhecimento da verdade.",
        "8": "E, como Janes e Jambres resistiram a Moisés, assim, também, estes resistem à verdade, sendo homens corruptos de entendimento e réprobos quanto à fé.",
        "9": "Não irão, porém, avante; porque a todos será manifesto o seu desvario, como, também, o foi o daqueles.",
        "10": "Tu, porém, tens seguido a minha doutrina, modo de viver, intenção, fé, longanimidade, amor, paciência,",
        "11": "Perseguições e aflições, tais quais me aconteceram em Antioquia, em Icónio e em Listra; quantas perseguições sofri, e o Senhor de todas me livrou;",
        "12": "E, também, todos os que piamente querem viver em Cristo Jesus, padecerão perseguições.",
        "13": "Mas os homens maus e enganadores irão de mal para pior, enganando e sendo enganados.",
        "14": "Tu, porém, permanece naquilo que aprendeste, e de que foste inteirado, sabendo de quem o tens aprendido.",
        "15": "E que, desde a tua meninice, sabes as sagradas letras, que podem fazer-te sábio para a salvação, pela fé que há em Cristo Jesus.",
        "16": "Toda a Escritura, divinamente inspirada, é proveitosa para ensinar, para redarguir, para corrigir, para instruir em justiça;",
        "17": "Para que o homem de Deus seja perfeito, e perfeitamente instruído para toda a boa obra."
    },
    "4": {
        "1": "CONJURO -TE, pois, diante de Deus, e do Senhor Jesus Cristo, que há de julgar os vivos e os mortos, na sua vinda e no seu reino,",
        "2": "Que pregues a palavra, instes, a tempo e fora de tempo, redarguas, repreendas, exortes, com toda a longanimidade e doutrina;",
        "3": "Porque virá tempo em que não sofrerão a sã doutrina; mas, tendo comichão nos ouvidos, amontoarão para si doutores, conforme as suas próprias concupiscências;",
        "4": "E desviarão os ouvidos da verdade, voltando às fábulas.",
        "5": "Mas tu, sê sóbrio em tudo, sofre as aflições, faze a obra de um evangelista, cumpre o teu ministério.",
        "6": "Porque eu já estou sendo oferecido por aspersão de sacrifício, e o tempo da minha partida está próximo.",
        "7": "Combati o bom combate, acabei a carreira, guardei a fé.",
        "8": "Desde agora, a coroa da justiça me está guardada, a qual o Senhor, justo juiz, me dará naquele dia; e não somente a mim, mas, também, a todos os que amarem a sua vinda.",
        "9": "Procura vir ter comigo depressa,",
        "10": "Porque Demas me desamparou, amando o presente século, e foi para Tessalónica, Crescente para Galácia, Tito para Dalmácia;",
        "11": "Só Lucas está comigo. Toma Marcos, e traze-o contigo, porque me é muito útil para o ministério.",
        "12": "Também enviei Tíquico a Éfeso.",
        "13": "Quando vieres, traze a capa que deixei em Troade, em casa de Carpo, e os livros, principalmente os pergaminhos.",
        "14": "Alexandre, o latoeiro, causou-me muitos males; o Senhor lhe pague, segundo as suas obras.",
        "15": "Tu, guarda-te, também, dele, porque resistiu muito às nossas palavras.",
        "16": "Ninguém me assistiu na minha primeira defesa, antes, todos me desampararam. Que isto lhes não seja imputado.",
        "17": "Mas o Senhor assistiu-me e fortaleceu-me, para que por mim fosse cumprida a pregação, e todos os gentios a ouvissem: e fiquei livre da boca do leão.",
        "18": "E o Senhor me livrará de toda a má obra, e guardar-me-á para o seu reino celestial; a quem seja dada glória, para todo o sempre. Ámen.",
        "19": "Sauda a Prisca e a Áquila, e à casa de Onesíforo.",
        "20": "Erasto ficou em Corinto, e deixei Trófimo doente em Mileto.",
        "21": "Procura vir antes do inverno. Eubulo, e Pudens, e Lino, e Cláudia, e todos os irmãos te saúdam.",
        "22": "O Senhor Jesus Cristo seja com o teu espírito. A graça seja convosco! Ámen."
    }
}