{
    "1": {
        "1": "O ANCIÃO à senhora eleita, e aos seus filhos, aos quais amo, na verdade, e não somente eu, mas, também, todos os que têm conhecido a verdade,",
        "2": "Por amor da verdade que está em nós, e para sempre estará connosco:",
        "3": "Graça, misericórdia e paz, da parte de Deus Pai e da do Senhor Jesus Cristo, o Filho do Pai, seja convosco, na verdade e amor!",
        "4": "Muito me alegro por achar que alguns dos teus filhos andam na verdade, assim como temos recebido o mandamento do Pai.",
        "5": "E agora, senhora, rogo-te, não como escrevendo-te um novo mandamento, mas aquele mesmo que, desde o princípio, tivemos: que nos amemos uns aos outros.",
        "6": "E o amor é este: que andemos segundo os seus mandamentos. Este é o mandamento, como já desde o princípio ouvistes: que andeis nele.",
        "7": "Porque já muitos enganadores entraram no mundo, os quais não confessam que Jesus Cristo veio em carne. Este tal é o enganador e o anticristo.",
        "8": "Olhai por vós mesmos, para que não percamos o que temos ganho, antes recebamos o inteiro galardão.",
        "9": "Todo aquele que prevarica, e não persevera na doutrina de Cristo, não tem Deus; quem persevera na doutrina de Cristo, esse tem tanto o Pai como o Filho.",
        "10": "Se alguém vem ter convosco, e não traz esta doutrina, não o recebais em casa, nem tão-pouco o saudeis.",
        "11": "Porque, quem o saúda tem parte nas suas más obras.",
        "12": "Tendo muito que escrever-vos, não quis fazê-lo com papel e tinta; mas espero ir ter convosco e falar de boca a boca, para que o nosso gozo seja cumprido.",
        "13": "Saúdam-te os filhos da tua irmã, a eleita. Ámen."
    }
}