{
    "1": {
        "1": "О, як сумуе адзінокі горад, калісь такі людны, стаўся ён быццам удавою, валадар народаў; князь над правінцыямі, апынуўся ён пад данінаю.",
        "2": "Горка ён плача ўсю ноч, і слёзы яго на шчаках яго, няма каму яго суцешыць з усіх прыяцеляў яго: усе сябры яго адвярнуліся ад яго, сталіся яму ворагамі.",
        "3": "Пайшоў на выгнанне Юда з прычыны прыцяснення і вялікай няволі; жыве ён між народамі, не знаходзіць супакою, усе пераследнікі яго ловяць яго сярод прыцясненняў.",
        "4": "Дарогі Сіёна пустуюць, бо няма нікога, хто б пайшоў на святы; усе брамы яго панішчаны, войкаюць святары ў смутку, дзяўчаты яго зняважаны, і сам ён горыччу прыгнечаны.",
        "5": "Ворагі сталі на чале яго, непрыяцелі яго жывуць бяспечна, Госпад бо яго прыціснуў моцна за многія яго злачынствы. Дзяцей яго вядуць нявольнікамі пад наглядам крыўдзіцеля.",
        "6": "І страціла дачка Сіёна ўсю дастойнасць сваю, кіраўнікі яе — як алені, не знаходзячыя пашы сабе; валакуцца зняможаныя на вачах пераследніка.",
        "7": "Успомніў Ерузалім дні гора свайго і выгнання, усе каштоўнасці свае, якія меў у даўнасці, пакуль не ўпаў народ яго ў рукі варожыя і ніхто яму не дапамог; бачылі яго ворагі і насміхаліся з загубы яго.",
        "8": "Зграшыў цяжка Ерузалім, таму стаўся абрыдлым для ўсіх; усе, хто ганарыліся ім, пагардзілі ім, бо бачылі подласць яго: сам ён, уздыхаючы, павярнуўся назад.",
        "9": "На краях шатаў яго — бруд, не ўспамінае ён пра будучыню сваю, страшна зняважаны ён, не мае нікога, хто б пацешыў. «Пабач, Госпадзе, гора маё, бо перамогу бярэ вораг».",
        "10": "Вораг працягнуў руку сваю на ўсе яго каштоўнасці, а ён глядзеў на паганаў, як уварваліся ў святыню яго, хоць забараніў Ты ім уваходзіць на сход Твой.",
        "11": "Увесь народ яго стогне, шукаючы хлеба, на ежу выдалі каштоўнасці свае, каб ажывіць душу: «Зірні, Госпадзе, і ўзваж, бо стаўся я нікчэмны!",
        "12": "О вы ўсе, што ідзяце дарогаю, прыгледзьцеся і пабачце, ці ёсць пакута, як мая пакута, якую прыгатаваў мне, якою прыціснуў мяне Госпад у дзень, калі ўзгарэўся гнеў Яго.",
        "13": "З гары агонь саслаў Ён, запусціў яго ў косці мае; раскінуў сець на ногі мае, павярнуў Ён мяне назад: пакінуў мяне адзінокага, апанаванага тугой увесь дзень.",
        "14": "Сачыў Ён за маімі злачынствамі, рукой Яго згорнуты яны ды ўскладзены на шыю маю, аслабіў Ён сілу маю. Аддаў мяне Госпад у руку, з якой не змагу ніяк падняцца.",
        "15": "Выдаліў спасярод мяне Госпад усіх волатаў маіх, зборышча прызваў супраць мяне, каб знішчыць юнакоў маіх, як вінатокам, стаптаў Госпад дзеву, дачку Юды.",
        "16": "Таму я і плачу, ды вока маё цячэ слязой, бо далёкім ад мяне стаўся Суцяшальнік, Той, Хто ажыўляе душу маю; сыны мае прапалі, бо перамог вораг».",
        "17": "Распасцёр Сіён рукі свае — няма каму яго суцяшаць, Госпад даў загад супраць Якуба, ворагі яго акружылі, стаўся Ерузалім, як спаганены нячыстасцю між імі.",
        "18": "«Справядлівы ёсць Госпад, бо супрацівіўся я слову вуснаў Яго. Слухайце, малю, усенькія народы, ды паглядзіце на боль мой: дзяўчаты мае і юнакі мае пайшлі ў няволю.",
        "19": "Клікаў я прыяцеляў сваіх, але яны мяне падманулі, святары мае і старэйшыны мае прапалі ў горадзе, бо шукалі харчоў сабе, каб ажывіць душу сваю.",
        "20": "Зірні, Госпадзе, бо я пакутую; трасецца нутро маё, сціскаецца сэрца маё ўва мне, бо я быў надзвычай праціўны Табе, на дварэ пагражае мне меч, а дома — смерць.",
        "21": "Паслухай, як я ўздыхаю, — ды няма каму мяне пацешыць; усе ворагі мае, пачуўшы аб няшчасці маім, цешацца, бо Ты гэта зрабіў. Прывядзі той дзень, які Ты прадказаў, каб сталіся яны падобнымі да мяне.",
        "22": "Няхай уся іх ліхота выйдзе перад аблічча Тваё, і ім зрабі так, як мне зрабіў дзеля ўсялякіх злачынстваў маіх; вялікія бо стагнанні мае і сэрца маё сумуе»."
    },
    "2": {
        "1": "О, як зацямніў Госпад у гневе Сваім дачку Сіёна! Скінуў з неба на зямлю славу Ізраэля і не прыпомніў падножжа ног Сваіх у дзень гневу Свайго.",
        "2": "Спустошыў Госпад, не пашкадаваў усе выганы Якуба; разваліў у гневе Сваім умацаванні дачкі Юды; скінуў на зямлю і спаганіў валадарства і князёў яго.",
        "3": "Зламаў у разгары гневу Свайго усе рогі Ізраэля; адвярнуў ад аблічча ворага правіцу Сваю, а ў Якубе распаліў нібыта полымя агню, які паглынае ўсё навокал.",
        "4": "Напяў лук Свой, як непрыяцель, умацаваў руку Сваю, як вораг, і забіў усё, што прыгожым было на віду ў палатцы дачкі Сіёна; выліў, быццам агонь, гнеў Свой.",
        "5": "Госпад стаўся як вораг, праглынуў Ізраэля, праглынуў усе пабудовы яго, знішчыў вежы яго ды памножыў у дачкі Юды боль і смутак.",
        "6": "І знішчыў сваю агароджу, як сад, палатку Сваю разбурыў. У няпамяць аддаў Госпад на Сіёне ўрачыстасць і шабат і ў запале гневу Свайго пагардзіў царом і святаром.",
        "7": "Адпіхнуў Госпад ахвярнік Свой, ухіліў пашану ад святыні Сваёй, аддаў у рукі ворага муры дамоў Сваіх. Паднялі крык у доме Госпадавым, як у дзень урачыстасці.",
        "8": "Задумаў Госпад разбурыць муры дачкі Сіёна; выцягнуў вяроўку, не адвярнуў рукі Сваёй ад знішчэння ды ў смутак прывёў; падмурак і мур сумесна заваліліся.",
        "9": "Упалі на зямлю і брамы яго, знішчыў і паламаў запоры яго, яго цар і князі ў паганаў, не існуе закон, ды прарокі яго не атрымліваюць аб’яў ад Госпада.",
        "10": "Селі моўчкі на зямлі старэйшыя дочкі Сіёна, попелам пасыпалі галовы свае, адзеліся ў зрэбніцы, пахілілі галовы свае да зямлі дзяўчаты ерузалімскія.",
        "11": "Змарнелі вочы мае ад слёз, трасецца нутро маё; вылілася на зямлю жоўць мая дзеля гора дачкі «народа Майго», калі памлелі дзіця і немаўля на плошчах горада.",
        "12": "У маці сваіх пыталі: «Дзе пшаніца і віно?» Калі самлелі, быццам пакалечаныя, на плошчах горада, калі выпускалі душы свае на грудзях маці сваіх.",
        "13": "Каму прымяркую цябе або з кім параўнаю цябе, дачка Ерузаліма? Да каго прыпадобню цябе, каб пацешыць цябе, дзяўчына, дачка Сіёна? Вялікай бо ёсць, як мора, загуба твая; хто цябе вылечыць?",
        "14": "Прарокі твае мелі бачанні для цябе пустыя і недарэчныя, не адкрывалі тваю правіннасць, каб змяніць лёс твой, адкрывалі ж яны табе прароцтвы зманныя і зводныя.",
        "15": "Пляскалі ў далоні дзеля цябе ўсе праходзячыя дарогай; свісталі ды ківалі галовамі сваімі дзеля дачкі Ерузаліма: «Дык гэта мае быць горад, які называлі цудам прыгажосці, радасцю ўсяго свету?»",
        "16": "Раскрылі на цябе вусны свае ўсе твае ворагі; свісталі, скрыгаталі зубамі ды казалі: «Праглынулі мы, вось жа ёсць дзень, якога мы чакалі: дасягнулі яго, бачым».",
        "17": "Здзейсніў Госпад, што намеціў; споўніў слова сваё, што прадказваў у днях даўнасці: знішчыў, не пашкадаваў. І парадаваў ворага праз цябе, і павысіў рог ворагаў тваіх.",
        "18": "Хай кліча сэрца тваё да Госпада над мурамі дачкі Сіёна; вылівай слёзы, быццам ручай, днём і ноччу, не давай сабе супакою, ды хай не маўчыць зрэнка вока твайго.",
        "19": "Паўстань, лямантуй уночы, на пачатку варты ранняй, вылівай, як ваду, сэрца сваё ў прысутнасці Госпада; падымай да Яго рукі свае, за душу дзетак тваіх, якія млелі ад голаду на рагу вуліц усіх.",
        "20": "«Зірні, Госпадзе, і ўзваж, каму ты калі так зрабіў: ці жанчыны маюць есці плод лона свайго — пешчаных рупліва немаўлят? Ці ў святыні Госпадавай мае быць забіты святар ды прарок?",
        "21": "Ляжалі на зямлі звонку юнак і старац, мае дзяўчаты і мае юнакі палі ад меча; забіў Ты іх у дзень Свайго гневу, знішчыў іх і не пашкадаваў.",
        "22": "Склікаў я, быццам на свята, тых, што трывожылі мяне навокал. Ніхто ў дзень гневу Госпадава не ўцёк, не застаўся ніхто: каго песціў я і гадаваў — вораг Мой знішчыў іх»."
    },
    "3": {
        "1": "Я чалавек, які ведае нядолю сваю ад дубца гневу Яго.",
        "2": "Ён мяне падганяў і завёў у цемру, а не ў святло.",
        "3": "Толькі на мяне ўвесь дзень звяртаў руку Сваю.",
        "4": "Вынішчыў скуру маю і цела маё, сцёр косці мае.",
        "5": "Убудаваў у коле маім і акружыў мяне горыччу і мукай.",
        "6": "Памясціў мяне ў цемры, быццам мёртвых, на вечнасць.",
        "7": "Аббудаваў мяне кругом, каб я не выйшаў, абцяжарыў мае кандалы.",
        "8": "Але і калі б я крычаў і прасіў, зацішыў маю малітву.",
        "9": "Чатырохкутнымі камянямі закрыў маю дарогу ды перакрыў сцежкі мае.",
        "10": "Стаўся Ён для мяне цікуючым мядзведзем і львом у сховішчы.",
        "11": "Сцежкі мае паблытаў і разбіў мяне, пакінуў мяне адзінокім.",
        "12": "Напяў лук Свой і паставіў мяне як прыцэл для стрэлаў.",
        "13": "Упусціў у ныркі мае стрэлы калчана Свайго.",
        "14": "Стаўся я на пасмяянне для ўсяго майго народа ды іх песенькай кплівай паўсядзённай.",
        "15": "Ён мяне перапоўніў гаркатою, ап’яніў мяне палыном.",
        "16": "Паламаў мне на жвіры зубы мае, пагрузіў мяне ў попел.",
        "17": "І душа мая пазбылася супакою, забыўся я пра добрае.",
        "18": "Дык сказаў: «Прапала дастойнасць мая, ды надзея мая ў Госпадзе.",
        "19": "Прыпамяні гора і пілігрымаванне маё — палын і атруту.",
        "20": "Памяць памятлівая, і нішчэе ўва мне душа мая.",
        "21": "Гэтак разважаць буду ў сэрцы сваім, дзеля таго буду мець надзею».",
        "22": "Ласка Госпада, што мы не папрападалі, бо не спынілася Яго літасцівасць.",
        "23": "Новая кожнай раніцы, вялікая вернасць твая.",
        "24": "«Частка мая — Госпад, — кажа душа мая, — таму і чакаць буду Яго».",
        "25": "Добры ёсць Госпад для тых, хто спадзяецца на Яго, для душы, што шукае Яго.",
        "26": "Добра ёсць моўчкі чакаць збаўлення Госпадава.",
        "27": "Добра чалавеку, калі б нёс ярмо ад сваёй маладосці.",
        "28": "Будзе сядзець адзінокі і маўчаць, калі гэта накладзена на яго.",
        "29": "Хай усуне вусны свае ў попел, калі яшчэ ёсць надзея.",
        "30": "Хай таму, хто б’е, падставіць шчаку, каб той напоўніўся ганьбаю.",
        "31": "Не адпіхне бо навечна Госпад.",
        "32": "Бо калі нават прынізіў, усё ж пашкадуе паводле мноства міласэрнасці Сваёй.",
        "33": "Не ад сэрца паніжае Ён і карае сыноў чалавечых.",
        "34": "Таптаць пад нагамі сваімі ўсіх палонных зямлі,",
        "35": "крывіць права чалавека на віду Найвышэйшага,",
        "36": "ашукваць чалавека на судзе сваім, — ці ж Госпад гэтага не ведае?",
        "37": "Хто ж ёсць такі, што сказаў — і сталася? Ці ж Госпад не загадаў?",
        "38": "Ці ж з вуснаў Найвышэйшага не выходзяць дабро і зло?",
        "39": "Як можа наракаць чалавек, які жыве, кожны за грахі свае?",
        "40": "Прасочым за дарогамі сваімі, разгледзім і навернемся да Госпада.",
        "41": "Падымем сэрцы нашы разам з рукамі да Госпада ў неба.",
        "42": "Мы паводзілі сябе ліха і былі бунтаўнікамі; таму і Ты неперамольны быў.",
        "43": "Адзеўся Ты ў гнеў і караў нас, забіваў, не шкадаваў.",
        "44": "Пакрыўся Ты хмараю, каб не дайшло маленне.",
        "45": "Выдаў нас на выкараненне, як агіду спаміж народаў.",
        "46": "Разявілі на нас свае вусны ўсе ворагі нашы.",
        "47": "Удзелам нашым сталіся: страх ды яма, знішчэнне ды разруха.",
        "48": "Ручаі слёз выпускае вока маё над знішчэннем дачкі «народа Майго».",
        "49": "Вока маё вылівае слёзы, не спыняецца, бо няма супакою.",
        "50": "Пакуль Госпад не зірне і не пабачыць з нябёсаў,",
        "51": "вока маё трывожыць душу маю дзеля ўсіх дачок горада майго.",
        "52": "Палявалі на мяне, як на птушку, надарма ворагі мае.",
        "53": "Губілі ў балоце жыццё маё ды кідалі ў мяне камяні.",
        "54": "Падымаліся воды над галавою маёй, я сказаў: «Прападаю».",
        "55": "Прызываў я імя Тваё, Госпадзе, з глыбіні ямы.",
        "56": "Чуў Ты мой крык: «Не адварочвай вуха Свайго ад майго плачу і ўмольванняў».",
        "57": "Ты наблізіўся ў той дзень, калі прызываў я Цябе, сказаў Ты: «Не бойся!»",
        "58": "Разбіраў Ты, Госпадзе, справу душы маёй: адкупіў Ты жыццё маё.",
        "59": "Бачыш, Госпадзе, гора маё, судзі справядліва мяне.",
        "60": "Ты бачыш усю злосць іх, усе іх намеры адносна мяне.",
        "61": "Ты чуеш знявагі іх, Госпадзе, усе іх намеры адносна мяне.",
        "62": "Вусны цікуючых на мяне і задумкі іх супраць мяне ўвесь дзень.",
        "63": "Зірні на іх сяданні і ўставанні, я — песенька іх.",
        "64": "Адгадзі ім, Госпадзе, па ўчынках рук іх.",
        "65": "Дай ім закамянеласць сэрца і праклён Твой.",
        "66": "Пераследуй іх у гневе і знішчы іх з-пад нябёс Тваіх, Госпадзе!"
    },
    "4": {
        "1": "О, як счарнела золата, змянілася найчысцейшае золата. Раскінуты святыя камяні па вуглах усіх вуліц.",
        "2": "Высакародныя сыны Сіёна і дарагія, як чыстае золата, як жа палічаны яны за гліняныя гаршкі — працу рук ганчара?",
        "3": "Але ж нават шакалы падстаўляюць саскі і кормяць сваіх малых; а дачка народа майго жудасная, як страус на пустыні.",
        "4": "Прысох язык немаўляці да паднябення яго ў смазе, малыя хлеба прасілі, ды не было, хто б ім адламаў.",
        "5": "Тыя, што елі прысмакі, падалі на вуліцах, а тыя, што выхоўваліся ў пурпуры, ляжалі ў гноі.",
        "6": "Большай сталася злачыннасць дачкі народа майго, чым грэх Садома, які прапаў у адзін момант, і рукі не дакраналіся да яе.",
        "7": "Яе назарэі бялейшыя за снег, бялейшыя за малако, чырванейшыя целам за каралы, выгляд іх — як шафір.",
        "8": "Твар іх сцямнеў, як вугаль, і не пазнаць іх на плошчах; прысохла іх скура да касцей, высахла і зрабілася, як дрэва.",
        "9": "Шчаснейшыя забітыя мечам, чым памерлыя з голаду, бо гэтыя прападалі зняможаныя ад няплоднасці зямлі.",
        "10": "Рукі жанчын міласэрных варылі дзяцей сваіх, былі яны іх ежай у час загубы дачкі народа майго.",
        "11": "Споўніў Госпад гнеў Свой, выліў распал гневу Свайго; і распаліў на Сіёне агонь, які паглынуў падмуркі яго.",
        "12": "Не верылі валадары зямлі дый усе жыхары свету, што ўварвецца вораг і непрыяцель праз брамы Ерузаліма.",
        "13": "З прычыны грахоў яго прарокаў і ліхоты яго святароў, якія пасярод яго кроў справядлівых пралілі.",
        "14": "Цягаліся на плошчах, як сляпыя, крывёй спаганеныя так, што не мог ніхто дакрануцца да шатаў іх.",
        "15": "«Уцякайце! Ён нячысты! — крычалі перад імі, — Уцякайце прэч! Не дакранайцеся!» Калі ўцяклі яны ды бадзяліся, гаварылі між паганамі: «Не будзе іх больш, каб абжыліся яны».",
        "16": "Аблічча Госпада разагнала іх, на іх ужо Ён не паглядзіць: у аблічча святароў яны не ўглядаюцца і не літуюцца над старымі.",
        "17": "«Дакуль марнеюць нашы вочы, дарэмна чакаючы дапамогі! З вартавой вежы нашай выглядалі мы народ, які можа нас збавіць.",
        "18": "Яны цікавалі за крокамі нашымі, каб мы не хадзілі па плошчах нашых. Наблізіўся канец наш, споўніліся дні нашы; вось, прыходзіць канец наш.",
        "19": "Скарэйшымі былі пераследнікі нашы за арлоў паднебных; яны гналіся за намі праз горы, цікавалі на нас у пустыні.",
        "20": "Дух вуснаў нашых — Намашчэнец Госпадаў, схоплены ён у іх ямы, а мы аб ім казалі: “У яго засені будзем жыць між народамі”.",
        "21": "Цешся і весяліся, дачка Эдома, якая жывеш у зямлі Уц. І да цябе прыйдзе келіх, нап’ешся і аголішся.",
        "22": "Дачка Сіёна, ліха тваё споўнілася, на перасяленне не выганіць больш цябе, а карае Ён за ліхасць тваю, дачка Эдома, выяўляе грахі твае»."
    },
    "5": {
        "1": "«Прыпомні, Госпадзе, што нас напаткала; глянь і прыгледзься да нашай брыдоты.",
        "2": "Спадчына наша прыпала чужынцам, чужаземцам — дамы нашы.",
        "3": "Сталіся мы сіротамі без бацькі, а маці нашы — быццам удовы.",
        "4": "Ваду сваю за грошы купляем, за сваё дрэва грошы плацім.",
        "5": "Падганяюць нас з ярмом на шыі, замучаным не даюць супачынку.",
        "6": "Да Егіпта выцягвалі мы рукі і да Асірыі, каб наесціся хлеба.",
        "7": "Бацькі нашы награшылі, і няма іх, а мы нясём на сабе іх злачыннасць.",
        "8": "Слугі пануюць над намі, і няма нікога, хто б адкупіў з рук іх.",
        "9": "З небяспекаю для жыцця нашага здабываем хлеб сабе на віду меча ў пустыні.",
        "10": "Наша скура, як печ, разгарэлася ад страшэннага голаду.",
        "11": "На Сіёне паганілі жанчын, а дзяўчат — па гарадах Юды.",
        "12": "Князі павешаны рукамі іх, і да аблічча старых не мелі пашаны,",
        "13": "юнакі жорны насілі, хісталіся хлопчыкі пад бярвеннямі.",
        "14": "Старэйшыны пакінулі браму, моладзь жа — свае карагоды песенныя.",
        "15": "Знікла з сэрцаў нашых радасць, у жалобу змяніліся нашы скокі.",
        "16": "З галавы нашай спаў вянец, гора нам, бо мы награшылі!",
        "17": "Таму сумным сталася сэрца наша, таму і зацямніліся вочы нашы,",
        "18": "дзеля гары Сіён, бо яна апусцела: лісы шнуруюць па ёй.",
        "19": "Але Ты, Госпадзе, трываць будзеш вечна, Твой пасад з пакалення ў пакаленне.",
        "20": "Чаму навек хочаш пра нас забыцца, чаму на доўгія дні Ты нас пакідаеш?",
        "21": "Навярні нас, Госпадзе, да Цябе, і мы вернемся, аднаві дні нашы, як ад пачатку.",
        "22": "Ці ж назаўсёды нас адпіхаеш? Ці так ужо моцна на нас злуешся?»"
    }
}