{
    "1": {
        "1": "І было слова Госпада да Ёны, сына Амаці:",
        "2": "«Устань ды ідзі ў Нініву, вялікі горад, і праракуй у ёй, бо злачыннасць яе дайшла да Мяне».",
        "3": "Дык устаў Ёна, каб уцячы ў Тарсіс ад аблічча Госпада, і сышоў у Ёпэ, і знайшоў карабель, які плыў у Тарсіс, і заплаціў належную плату ды сеў у яго, каб плысці з імі ў Тарсіс ад аблічча Госпада.",
        "4": "А Госпад кінуў на мора моцны вецер, і паднялася вялікая бура на моры, так што караблю пагражала разбіццё.",
        "5": "Дык напалохаліся маракі, і кожны прызываў свайго бога, і кінулі яны ў мора ладунак, які быў на караблі, каб зрабіць яго лягчэйшым. А Ёна сышоў у нутро карабля, лёг і моцна заснуў.",
        "6": "І прыйшоў да яго стырнавы, і сказаў яму: «Што ты спіш? Устань і прызывай Бога твайго, можа, Бог успомніць пра нас, і мы не папрападаем».",
        "7": "І казалі маракі адзін другому: «Хадзем, кіньма жэрабя і даведаемся, чаму гэтае няшчасце прыйшло на нас». І кінулі жэрабя, і жэрабя выпала на Ёну.",
        "8": "Дык спыталіся ў яго: «Скажы нам, з якой прычыны гэтае няшчасце напаткала нас? Чым ты займаешся і адкуль ты ідзеш? Якая зямля твая ды з якога ты народа?»",
        "9": "І сказаў ён ім: «Я — гебрай, і баюся Госпада, Бога Нябеснага, Які стварыў мора і сухмень».",
        "10": "Тады вялікі страх ахапіў людзей, і яны пыталіся ў яго: «Чаму ты гэта зрабіў?» Даведаліся бо людзі, што ён уцякаў ад аблічча Госпада, бо ён сам прызнаўся ім.",
        "11": "І яны пыталіся ў яго: «Што маем зрабіць з табою, каб мора перастала бушаваць вакол нас?» Бо мора ўсё болей і болей хвалявалася.",
        "12": "І сказаў ён ім: «Вазьміце мяне і кіньце ў мора, і мора перастане хвалявацца супраць вас; бо ведаю, што дзеля мяне паднялася гэтая бура супраць вас».",
        "13": "І веславалі людзі гэтыя, каб вярнуцца да сухмені, але не маглі, бо мора падымалася супраць іх.",
        "14": "Дык прызывалі яны Госпада і казалі: «О Госпадзе, просім Цябе, хай не загінем мы з прычыны душы гэтага чалавека, і не абцяжарвай нас крывёю нявіннаю, бо Ты, Госпадзе, як захочаш, так і зробіш».",
        "15": "І ўзялі яны Ёну, і кінулі ў мора, і мора перастала шалець.",
        "16": "І агарнуў людзей вялікі страх перад Госпадам, і складалі яны ахвяры Госпаду, і давалі прырачэнні."
    },
    "2": {
        "1": "І загадаў Госпад вялікай рыбе праглынуць Ёну, і быў Ёна ў нутры рыбы тры дні і тры ночы.",
        "2": "І маліў Ёна Госпада, Бога свайго, з нутра рыбы,",
        "3": "і казаў: «У бядзе сваёй клікаў я Госпада, і Ён адказаў мне; з нутра пекла прызываў я, і Ты выслухаў просьбу маю.",
        "4": "Ты кінуў мяне ў глыбіню, у сэрца мора, і вір акружыў мяне; усе цячэнні Твае і ўсе хвалі Твае прайшлі нада мной.",
        "5": "І я казаў: “Адкінуты я ад вачэй Тваіх, дык як мне ўбачыць зноў святыню Тваю святую?”",
        "6": "Нахлынулі на мяне воды аж па горла, бяздонне ахутала мяне, марская трава абвіла галаву маю.",
        "7": "Да падвалін гор я сышоў, зямныя запоры закрылі мяне навекі, але Ты, Госпадзе, Божа мой, вывеў з бездані жыццё маё.",
        "8": "Калі зняможаная была душа ўва мне, успомніў я Госпада, і паплыла да Цябе малітва мая, у святыню Тваю святую.",
        "9": "Тыя, якія пакланяюцца ідалам марным, пакідаюць Спагаднага свайго.",
        "10": "Але я прынясу Табе ахвяру падзякі і, што абяцаў Табе, — споўню. Бо ў Госпада — збаўленне!»",
        "11": "І Госпад даў загад рыбе, і яна выкінула Ёну на сухмень."
    },
    "3": {
        "1": "І зноў было слова Госпада да Ёны:",
        "2": "«Устань, ідзі ў Нініву, вялікі горад, і абвяшчай ў ёй тое, што Я табе даручыў».",
        "3": "І ўстаў Ёна, і накіраваўся ў Нініву па загадзе Госпада. А Нініва перад абліччам Бога была вялікім горадам, у абход на тры дні.",
        "4": "Дык пачаў Ёна хадзіць па горадзе ў абход на адзін дзень, і прапаведаваў, і казаў: «Яшчэ сорак дзён, і Нініва будзе зруйнаваная».",
        "5": "І паверылі нініўцы Богу, і абвясцілі пост, і апрануліся ў зрэбніцы, ад найбольшага да найменшага.",
        "6": "І дайшла гэтая вестка да цара Нінівы, і ён устаў з пасада свайго, скінуў плашч свой з сябе ды апрануўся ў зрэбніцу і сеў у попел.",
        "7": "І загадаў абвясціць і сказаць у Нініве ад імя цара і магнатаў яго: «Людзі і жывёла, быдла і статак хай не ядуць нічога, і не выпускаюцца на пашу, і не п’юць вады.",
        "8": "Ды хай апрануцца ў зрэбніцы і людзі, і жывёла, і хай моцна клічуць да Бога, і хай кожны чалавек адвернецца ад ліхой дарогі сваёй і ад гвалту, што ёсць у руках яго.",
        "9": "Хто ведае, можа, раздумаецца і пашкадуе Бог, і спыніцца абурэнне гневу Яго, і мы не загінем?»",
        "10": "І ўбачыў Бог паводзіны іх, што адвярнуліся яны ад дарогі сваёй ліхой, і злітаваўся Бог дзеля кары, якую прадказаў быў, што ўчыніць ім, і не ўчыніў."
    },
    "4": {
        "1": "І грызла Ёну згрызота вялікая, і гневаўся ён.",
        "2": "І маліўся ён да Госпада, і казаў: «Малю Цябе, Госпадзе, ці ж не такім было слова маё, калі быў я яшчэ ў зямлі сваёй? Дзеля таго вырашыў я ўцячы ў Тарсіс. Я ведаў, што Ты — Бог літасцівы і міласэрны, цярплівы і вельмі спагадны, і спачуваеш у няшчасці.",
        "3": "Дык цяпер, Госпадзе, забяры, прашу, душу маю ад мяне, бо лепшая мне смерць, чым жыццё».",
        "4": "А Госпад сказаў: «Ці ты думаеш, што справядліва гневаешся?»",
        "5": "І выйшаў Ёна з горада, і сеў з усходняга боку горада, і зрабіў сабе зацяненне там, і сядзеў пад ім у засені, каб паглядзець, што станецца з горадам.",
        "6": "І вырасціў Госпад Бог куст плюшчавы, і падняўся ён над Ёнаю, каб быць засенем над галавой яго і каб палегчыць яму засмучэнне яго. І ўсцешыўся Ёна радасцю вялікаю дзеля гэтага куста.",
        "7": "І падрыхтаваў Бог чарвяка, калі назаўтра ўзышла зараніца, той падгрыз куст, і ён ссох.",
        "8": "І калі сонца ўзышло, загадаў Бог усходняму гарачаму ветру, і сонца стала пячы галаву Ёнаву так, што той самлеў, і прасіў для душы сваёй, каб памерці, і казаў: «Лепш мне памерці, чым жыць».",
        "9": "Дык сказаў Бог Ёну: «Ці справядліва ты гневаешся з прычыны гэтага плюшчавага куста?» І ён адказаў: «Вельмі гневаюся я, аж да смерці».",
        "10": "І сказаў Госпад: «Табе шкада плюшчавага куста, над якім ты не працаваў і якога не гадаваў, які за адну ноч вырас і за адну ноч прапаў.",
        "11": "Як жа Мне не пашкадаваць Нінівы, вялікага горада, дзе жыве больш за сто дваццаць тысяч чалавек, якія не адрозніваюць сваёй правай рукі ад левай, ды шматлікая жывёла?»"
    }
}