{
    "1": {
        "1": "Прароцтва, якое ўбачыў прарок Абакук.",
        "2": "Дакуль, Госпадзе, буду прызываць Цябе, і Ты не чуеш? Буду лямантаваць Табе аб гвалце, і Ты не збаўляеш?",
        "3": "Чаму Ты даеш мне бачыць несправядлівасць і глядзіш на крыўду? І рабунак, і гвалт у мяне на вачах, і паўстае звадка, і нараджаецца сварка.",
        "4": "Дзеля таго закон страчвае сваю моц, і суд не даходзіць да канца, бо бязбожнік крыўдзіць справядлівага, таму прысуд становіцца крывадушны.",
        "5": "«Глядзіце вы, хто пагарджае, дзівіцеся ды адыдзіцеся, бо Я ў дні вашы выконваю тое, ува што ніхто не паверыць, калі б вам хтосьці аб ім гаварыў.",
        "6": "Бо Я, вось, падыму халдэяў, народ дзікі і нахабны, які жыве на вялікіх абшарах зямлі, каб захапіў ён палаткі не свае.",
        "7": "Жудасны і страшны ён; ад яго самога паходзіць яго суд і яго ўлада.",
        "8": "Жвавейшыя за пантэру коні яго і дзічэйшыя за пустынных ваўкоў; і разбягаюцца вершнікі яго: бо і коннікі яго здалёку прыйдуць, прыляцяць, быццам арол, што кідаецца на жыраванне.",
        "9": "Усе яны прыйдуць, каб учыніць гвалт, ва ўсіх іх твары, быццам палаючы вецер; і збяруць яны палонных, як пясок.",
        "10": "І ён будзе здзекавацца з цароў, з валадароў будзе насміхацца; яму кожная крэпасць — гульня, і ён насыпле вал і здабудзе яе.",
        "11": "Тады далей ён пойдзе, быццам вецер праляціць; і сілу сваю назаве богам сваім».",
        "12": "Ці ж не Ты спрадвеку, Госпадзе, Божа мой, Святы мой, Які не памрэш? Госпадзе, Ты на суд прызначыў яго; Скала мая, Ты на пакаранне паставіў яго.",
        "13": "Чыстыя вочы Твае, каб не глядзець на ліхоту; і на несправядлівасць не зможаш Ты глядзець. Чаму Ты глядзіш на ліхотнікаў і маўчыш, калі бязбожнік праглынае справядлівейшага за сябе?",
        "14": "Ты стварыў людзей, як рыбу марскую, як паўзуна, што не мае кіраўніка над сабою.",
        "15": "Усіх ён ловіць вудаю, цягне іх нератам сваім і збірае ў сетку сваю; з гэтага цешыцца і скача ў радасці.",
        "16": "Дзеля таго ахвяру ўскладае нерату свайму і прыносіць ахвяру сетцы сваёй, бо дзеля іх здабыў ён багатую здабычу і тлустая страва яго.",
        "17": "Такім чынам, няўжо мае ён заўсёды выцягваць меч свой, каб забіваць людзей без літасці?"
    },
    "2": {
        "1": "На варце маёй стаяць буду і стану на вежы вартавой, і буду ўглядацца, каб убачыць, што скажа Ён мне і які дасць адказ на скаргу маю.",
        "2": "І адказаў мне Госпад гэтымі словамі: «Запішы бачанне і змясці яго на табліцах, каб той, хто чытае, мог яго зразумець.",
        "3": "Бо гэтае бачанне на вызначаны час, але здзейсніцца яно ў канцы, не падмане; хоць і замарудзіць, але чакай яго, бо яно споўніцца абавязкова.",
        "4": "Вось, кволы, у кім душа нячыстая; а справядлівы з веры сваёй жыць будзе.",
        "5": "І вось, багацці зводзяць чалавека пыхлівага, і не дойдзе ён да канца; ён разяўляе горла сваё, як апраметную, ды, як смерць, ніколі ён не заспакоены: і сцягвае ён да сябе ўсе народы, і ўсіх людзей збірае да сябе.",
        "6": "Ці ж не ўсе яны зробяць з яго прыпавесць і прыказкі, кажучы: “Гора таму, хто чужую маёмасць забірае. Ці доўга гэта будзе? Гора таму, хто абцяжарвае сябе закладамі!”",
        "7": "Ці ж раптам не паўстануць тыя, якія будуць мардаваць цябе, і ці не абудзяцца твае крыўдзіцелі, і ці ты не станеш іх здабычаю?",
        "8": "Бо ты абрабаваў многія народы, абрабуюць і цябе ўсе, хто застаўся з народаў; дзеля крыві людской і прыгнёту краіны, гарадоў і ўсіх іх жыхароў.",
        "9": "Гора таму, хто збірае набытак несправядлівы на ліха дому свайму, каб зрабіць сабе гняздо на вышыні і засцерагчы сябе ад рукі няшчасця!",
        "10": "Ты прыняў рашэнне на ганьбу дому свайму, каб забіць многія народы, і зграшыў супраць душы сваёй.",
        "11": "Бо камень са сцяны будзе крычаць, і перакладзіны з пабудовы паўтараць за ім будуць.",
        "12": "Гора таму, хто горад будуе на крыві і горад засноўвае ў злачыннасці.",
        "13": "Ці ж гэта не ад Госпада Магуццяў тое, што людзі працуюць для агню ды народы мучаюцца дарэмна?",
        "14": "Бо зямля перапоўніцца пазнаннем славы Госпада, як воды перапаўняюць мора.",
        "15": "Гора таму, хто змушае сябра свайго да піцця, даючы атруту сваю і ап’яняючы яго, каб бачыць сорам яго!",
        "16": "Ты перапаўняешся ганьбаю дзеля славы; дык напіся сам і пакажы сорам свой! Дасягне і цябе чара правіцы Госпадавай, і ганьба пакрые славу тваю.",
        "17": "Бо спадзе на цябе крыўда Лібана, і рэзанне жывёлы напоўніць цябе страхам дзеля крыві людской і прыгнёту зямлі, гарадоў і ўсіх жыхароў іх.",
        "18": "Чым дапаможа балван, якога выразаў разбяр, адлітая выява і лжывы прадказальнік? Бо надзею ўскладае на твор свой стваральнік яго, калі робіць нямых багоў.",
        "19": "Гора таму, хто кажа дрэву: “Прабудзіся!”, і “Падыміся!” — нямому каменю! Ці ж ён зможа навучыць? Вось, ён пакрыты золатам і срэбрам, і няма ў нутры яго ніякага духа».",
        "20": "Госпад жа ў Сваёй святыні святой; хай маўчыць перад Ім уся зямля."
    },
    "3": {
        "1": "Малітва Абакука, прарока, на мелодыю ламентацыі.",
        "2": "«Пачуў я, о Госпадзе, чутку ад Цябе і ўшанаваў я, Госпадзе, справу Тваю. Ажыццяві яе сярод гадоў, дай пазнаць сярод гадоў. Калі загневаешся — помні пра міласэрнасць Сваю!",
        "3": "Бог прыйдзе з Тэмана, і Святы — з гары Паран. [Сэлах]. Слава Яго пакрывае нябёсы, і зямля поўная хвалы Яго.",
        "4": "Бляск Яго — як святло, прамені — з рук Яго: у іх схавана магутнасць Яго.",
        "5": "Перад Ім пойдзе смерць, і за нагамі Яго вырушыць пошасць.",
        "6": "Ён стаў — і дрыжыць зямля, глянуў — і палохае народы. І распадаюцца горы векавыя, старадаўнія ўзгоркі ападаюць ад шляхоў Яго спрадвечных.",
        "7": "Сумнымі ўбачыў я палаткі Хусана, трывожацца палаткі зямлі Мадыян.",
        "8": "Ці ж на рэкі гневаешся, Госпадзе, або на рэкі абурэнне Тваё, або на мора раз’ятранасць Твая? Бо садзішся на коней Сваіх, на калясніцы Свае пераможныя.",
        "9": "Моцна нацягнеш Ты лук Свой, стрэламі запоўніў калчан Свой. — [Сэлах]. На ручаі разрэжаш зямлю,",
        "10": "убачылі Цябе і затрэсліся горы. Хмары вылілі воды, бяздонне выдала голас свой, увысь падняла рукі свае.",
        "11": "Сонца і месяц сталі на свае месцы, адступаюць яны перад святлом стрэлаў Тваіх, перад бляскам зіхацення дзіды Тваёй.",
        "12": "Разгневаны, будзеш таптаць зямлю, у абурэнні знішчыш народы.",
        "13": "Выступіў Ты дзеля збаўлення Свайго народа, дзеля збаўлення з намашчэнцам Сваім. Ты разбурыў галаву дома бязбожнага, агаліў падмурак аж да голай скалы. — [Сэлах].",
        "14": "Прабіваеш стрэламі Сваімі галаву ваяроў яго, надыходзячых, як віхор, на загубу маю; радасць іх, як таго, хто скрыта губіць беднага.",
        "15": "Адкрыў дарогу ў моры коням Сваім, праз балота водаў многіх.",
        "16": "Пачуў я, і ўскіпела нутро маё, на вестку задрыжэлі вусны мае. Боль пранік у косці мае, і пада мной захісталіся ногі мае. Буду спакойны ў дзень трывогі, калі нахлыне яна на народ мой праз тых, хто нападае на нас.",
        "17": "Хоць бы дрэва фігавае не расцвіло, і вінаграднікі не далі плоду, і падмануў плод аліўкавых дрэў, ды палі не далі ежы; хоць бы знікла ў аўчарні жывёла, і быдла ў хлявах,",
        "18": "я, аднак, буду цешыцца ў Госпадзе і буду радавацца ў Богу, Збаўцы маім.",
        "19": "Госпад Бог — сіла мая, і зробіць ногі мае, як у аленя, ды ўзвядзе мяне на вышыні мае». Кіраўніку хора — на гук струнаў."
    }
}