{
    "1": {
        "1": "Паўла, і Сіліван, і Цімафей Тэсалонскай царкве ў Богу, Айцу нашым, і Госпадзе Ісусе Хрысце:",
        "2": "ласка вам і супакой ад Бога, Айца нашага, і Госпада Ісуса Хрыста.",
        "3": "Дзякаваць павінны мы заўсёды Богу за вас, браты, як і належыць, бо вера ваша вельмі ўзрастае ды ўзаемная любоў між вамі ўзмацняецца,",
        "4": "так што мы самі хвалімся вамі ў цэрквах Божых дзеля вашай цярплівасці і веры ва ўсіх пераследаваннях вашых і прыгнётах, якія пераносіце,",
        "5": "на доказ справядлівага суда Божага, каб былі вартымі Валадарства Божага, дзеля якога і церпіце.",
        "6": "Бо справядліва ёсць у Бога адгадзіць прыгнётам тым, якія вас прыгнятаюць,",
        "7": "і вам, якія прыгнёт пераносіце, даць супачынак з намі ў час аб’яўлення з неба Госпада нашага Ісуса з анёламі магутнасці Яго,",
        "8": "у полымі агню, несучы адплату тым, што не ведаюць Бога і не слухаюць Евангелля Госпада нашага Ісуса Хрыста.",
        "9": "Яны атрымаюць пакаранне вечнай пагібеллю ад аблічча Госпада і славы магутнасці Яго,",
        "10": "калі Ён прыйдзе праславіцца ў Сваіх святых ды ў той дзень задзівіць усіх, якія паверылі, бо вы паверылі нашаму сведчанню ў гэты дзень.",
        "11": "Дзеля гэтага і молімся заўсёды за вас, каб Бог наш зрабіў вас годнымі Свайго паклікання і напоўніў вас моцай ва ўсякім жаданні добрага і ўчынках веры,",
        "12": "каб праславілася ў вас імя Госпада нашага Ісуса Хрыста, і вы – у Ім, паводле ласкі Бога нашага і Госпада Ісуса Хрыста."
    },
    "2": {
        "1": "Просім, вось, вас, браты, праз прыйсце Госпада нашага Ісуса Хрыста і наша спатканне з Ім,",
        "2": "каб вы не хісталіся паспешна розумам і не палохаліся ці то ад духа, ці то праз слова, ці то праз ліст, нібы ад нас, што быццам надыходзіць дзень Хрыстовы.",
        "3": "Няхай ніхто вас не зводзіць ніякім чынам, бо [дзень гэты не прыйдзе], пакуль не прыйдзе перш адступленне ды пакуль не з’явіцца чалавек беззаконня, сын загубы,",
        "4": "які працівіцца і ўзвышаецца па-над усім, што называецца Богам або што ўшаноўваецца святыняю, так, што ён засядзе ў святыні Божай як Бог, выдаючы сябе за Бога.",
        "5": "Ці ж не памятаеце, што, калі я яшчэ прабываў у вас, вам аб гэтым казаў?",
        "6": "І ведаеце цяпер, што яго трымае ад з’яўлення ў свой час.",
        "7": "Таямніца нягоднасці ўжо дзейнічае; але толькі абмежавана да таго часу, пакуль будзе сярод той, хто трымае цяпер.",
        "8": "Тады і аб’явіцца той бязбожнік, якога Госпад Ісус заб’е духам вуснаў Сваіх і знішчыць яго магутнасцю прыходу Свайго,",
        "9": "таго, прыход якога намаганнем шатана [будзе] з усёю сілаю, і знакамі, і ўяўнымі цудамі,",
        "10": "і з усякім нягодным ашуканствам для тых, якім ісці на загубу, бо яны не прынялі любові праўды, каб збавіцца.",
        "11": "І дзеля таго пашле ім Бог дзеянні подступу, каб верылі падману.",
        "12": "Так будуць асуджаны ўсе, што не ўверылі праўдзе, а ўзлюбілі беззаконне.",
        "13": "Нам жа належыць заўжды дзякаваць Богу за вас, умілаваныя Госпадам браты, бо ад пачатку, праз асвячэнне Духа і веру праўды Бог вас выбраў на збаўленне,",
        "14": "да якога паклікаў вас праз Евангелле наша на атрыманне славы Госпада нашага Ісуса Хрыста.",
        "15": "Дык вось, браты, стойце і трымайцеся перададзенага ад нас вучэння, якому навучыліся ці то праз словы, ці то праз лісты нашы.",
        "16": "Хай жа Сам Госпад наш Ісус Хрыстос і Бог, Айцец наш, Які ўзлюбіў нас і даў вечнае суцяшэнне і добрую надзею ў ласцы,",
        "17": "суцешыць сэрцы вашы і ўмацуе вас ва ўсякай добрай дзейнасці і слове."
    },
    "3": {
        "1": "Нарэшце, браты, маліцеся за нас, каб слова Госпада пашыралася і выслаўлялася, як і ў вас,",
        "2": "і каб мы ўсцерагліся ад людзей крывадушных і ліхіх, бо вера ёсць не ва ўсіх.",
        "3": "Але верны Госпад, Які і ўмацуе вас і ўсцеражэ ад ліхога.",
        "4": "Мы маем упэўненасць наконт вас у Госпадзе, што вы робіце і будзеце рабіць тое, што мы загадваем вам.",
        "5": "Хай жа Госпад накіруе сэрцы вашы да любові Божай і цярплівасці Хрыстовай.",
        "6": "Загадваем жа вам, браты, у імя Госпада нашага Ісуса Хрыста, каб высцерагаліся вы ўсякага брата, які жыве нягодна і не паводле пераданаму, што вы атрымалі ад нас.",
        "7": "Бо самі ведаеце, як належыць пераймаць нас, бо мы не жылі паміж вас нягодна",
        "8": "ды дарма чужога хлеба не елі, але ў рабоце і стоме, уночы і днём працуючы, нікому з вас не былі цяжарам.",
        "9": "Не дзеля таго, што не мелі мы ўлады, але каб з сябе даць вам прыклад для наследавання нам.",
        "10": "Дык, калі мы былі ў вас, гэта вам загадвалі: хто не хоча працаваць, хай і не есць.",
        "11": "Бо чуем мы, што ёсць некаторыя між вамі, што нягодна жывуць, нічога не робяць, а толькі мітусяцца.",
        "12": "Такім, вось, што так жывуць, загадваем і заклікаем, Госпадам нашым Ісусам Хрыстом, каб, спакойна працуючы, елі свой уласны хлеб.",
        "13": "Вы ж, браты, не падайце духам, робячы дабро.",
        "14": "Калі хто часам не паслухае слова нашага з ліста гэтага, такога майце на прыкмеце ды не сябруйце з такім, каб быў асаромлены.",
        "15": "Але не ўважайце яго за ворага, а ўшчувайце як брата.",
        "16": "Сам жа Госпад супакою няхай дасць вам супакой заўсёды ўсякім спосабам. Госпад з усімі вамі.",
        "17": "Прывітанне маёю рукою, Паўлавай, што ёсць знак у кожным лісце; так я пішу.",
        "18": "Ласка Госпада нашага Ісуса Хрыста з усімі вамі. Амін."
    }
}