{
    "1": {
        "1": "Паўла, Апостал Хрыста Ісуса, з волі Бога, паводле абяцання жыцця, якое ёсць у Хрысце Ісусе,",
        "2": "Цімафею, улюбёнаму сыну: ласка, міласэрнасць і супакой ад Бога Айца і Хрыста Ісуса, Госпада нашага.",
        "3": "Дзякую Богу, Якому служу ад прабацькоў з чыстым сумленнем, што ў маіх малітвах уночы і днём без перапынку маю ў памяці цябе,",
        "4": "і прагну ўбачыць цябе, памятаючы твае слёзы, каб напоўніцца радасцю,",
        "5": "і прыпамінаю веру не фальшывую, якая ёсць у табе, якая жыла найперш у бабулі тваёй Лаідзе і маці тваёй Эўніцы, ды я перакананы, што і ў табе.",
        "6": "Дзеля гэтай прычыны нагадваю табе, каб узграваў ты дар Божы, які ёсць у табе праз ускладанне рук маіх.",
        "7": "Бо не даў нам Бог духа страху, але сілы, любові і цвярозага мыслення.",
        "8": "Дык не саромейся тады сведчання Госпада нашага, ані мяне, вязня Яго, але працуй дзеля Евангелля моцы Бога,",
        "9": "Які збавіў нас і паклікаў святым пакліканнем не паводле нашых спраў, але паводле пастановы Сваёй і ласкі, якая дадзена нам у Хрысце Ісусе спрадвеку,",
        "10": "а цяпер аб’явілася праз з’яўленне Збаўцы нашага Ісуса Хрыста, Які знішчыў смерць і асвяціў жыццё і несмяротнасць праз Евангелле,",
        "11": "дзеля якога я пастаўлены прапаведнікам, і Апосталам, і вучыцелем паганаў.",
        "12": "З гэтай прычыны пераношу цярпенні, але не саромеюся, бо ведаю, Каму паверыў, і маю пэўнасць, што Ён мае моц захаваць уклад мой на той дзень.",
        "13": "За ўзор вазьмі здаровыя словы, якія чуў ты ад мяне, адносна веры і любові, што ў Хрысце Ісусе.",
        "14": "Беражы добры ўклад Духа Святога, Які прабывае ў нас.",
        "15": "Ці ведаеш тое, што ўсе, што ў Азіі, між імі Фігел і Гермаген, адвярнуліся ад мяне?",
        "16": "Хай дасць міласэрнасць Госпад дому Анэсіфора, бо часта ён мяне падмацоўваў і не саромеўся кайданоў маіх,",
        "17": "але, прыбыўшы ў Рым, пільна шукаў мяне і знайшоў.",
        "18": "Хай дасць яму Госпад знайсці міласэрнасць у Госпада ў той дзень. А колькі ён служыў у Эфесе, ты лепей ведаеш."
    },
    "2": {
        "1": "Дык ты, сын мой, умацоўвайся ласкай, якая ёсць у Хрысце Ісусе,",
        "2": "і, што чуў ты ад мяне пры многіх сведках, гэта перадай верным людзям, якія будуць здольнымі і другіх навучыць.",
        "3": "Ты ж перанось цяжкасці як добры жаўнер Хрыста Ісуса.",
        "4": "Ніхто з жаўнераў не мяшаецца ў справы зямныя, каб падабацца таму, хто яго выбраў.",
        "5": "Бо і той, хто змагаецца, не здабудзе вянка, калі змагаецца незаконна.",
        "6": "Земляробу, які працуе, першаму належыць карыстацца пладамі.",
        "7": "Зразумей, што кажу: хай дасць табе Госпад ва ўсім розум.",
        "8": "Памятай пра Ісуса Хрыста з семя Давіда, Які ўваскрос з мёртвых паводле дабравешчання майго,",
        "9": "дзеля якога цярплю мукі аж да кайданоў, як быццам што благое рабіў, але Слова Божага нельга звязаць.",
        "10": "Вось, я ўсё раблю дзеля выбраннікаў, каб яны атрымалі збаўленне, якое ў Хрысце Ісусе са славаю вечнай.",
        "11": "Вернае слова: калі мы з Ім памерлі, дык з Ім жыць будзем;",
        "12": "калі церпім, дык з Ім валадарыць будзем, калі зрачомся Яго, дык і Ён нас зрачэцца;",
        "13": "калі мы зняверымся, дык Ён верным застанецца, бо Сам Сябе зрачыся не можа.",
        "14": "Пра гэта нагадвай, сведчачы перад Госпадам, каб не спрачаліся, бо гэта нічога не дасць, хіба толькі сапсуе слухачоў.",
        "15": "Пільна рупся паказацца годным перад Богам, працаўніком беззаганным, які даносіць з павагай слова праўды.",
        "16": "Пустых жа гаворак высцерагайся, бо яны яшчэ больш спрычыняцца да бязбожнасці,",
        "17": "і слова іх, як гангрэна, распаўзецца; з такіх вось Гіменэй і Філет,",
        "18": "якія адхіліліся ад праўды, кажучы, што ўваскрэсенне ўжо было, і гэтак адвярнулі некаторых ад веры.",
        "19": "Але цвёрды падмурак Божы стаіць, маючы такую пячатку: «Пазнаў Госпад, хто ёсць Яго», і «Хай аддаліцца ад нягоднасці кожны, хто вызнае імя Госпада».",
        "20": "У вялікім жа доме маюцца не толькі залатыя і срэбраныя начынні, але і драўляныя, і гліняныя; першыя – у пашане, другія – у ганьбе.",
        "21": "Дык вось, калі хто ачысціў сябе ад гэтага, той будзе пасудзінай пачэснай, усвечанай і карыснай Госпаду, прыдатнай для ўсякай добрай справы.",
        "22": "Высцерагайся пажаданняў юнацкіх, але трымайся справядлівасці, веры, любові, супакою з тымі, што чыстым сэрцам заклікаюць Госпада.",
        "23": "Ухіляйся дурных і бязглуздых спрэчак, ведаючы, што яны даводзяць да звадак.",
        "24": "Слуга Госпада не мусіць сварыцца, але трэба быць ветлівым з усімі, вучыцелем цярплівым,",
        "25": "які лагодна выпраўляе тых, што працівяцца, ці не дасць ім Бог навяртанне дзеля пазнання праўды,",
        "26": "каб вырваліся з путаў д’ябла; апутаныя імі, яны яго паднявольныя."
    },
    "3": {
        "1": "Гэта ведай, што ў апошнія дні наступяць цяжкія часы.",
        "2": "Людзі будуць самалюбівыя, хцівыя, ганарыстыя, саманадзейныя, зламоўныя, непаслухмяныя бацькам, няўдзячныя, бязбожныя,",
        "3": "бессардэчныя, бязлітасныя, паклёпнікі, нястрыманыя, жорсткія, тыя, хто не любіць дабра,",
        "4": "здраднікі, нахабныя, пыхлівыя, раскошу любячыя больш, чым Бога,",
        "5": "што маюць выгляд набожнасці, але ж выракліся моцы яе. Такіх высцерагайся,",
        "6": "бо між імі ёсць такія, што бадзяюцца па дамах, зводзяць неразумных жанчын, якія абцяжараны рознымі грахамі, кіруюцца рознымі пажаданнямі,",
        "7": "заўсёды вучацца, але ніколі не могуць дайсці да разумення праўды.",
        "8": "Як Янні і Ямбр супрацівіліся Майсею, так і яны супрацівяцца праўдзе, людзі тупога розуму, нявыпрабаваныя ў веры.",
        "9": "Але яны далёка не зойдуць. Бо бязглуздасць іх выявіцца ўсім так, як было і з тымі.",
        "10": "А ты пайшоў следам маёй навукі, настаўлення, намераў, веры, велікадушнасці, любові, цярплівасці,",
        "11": "пераследаванняў, пакут, якія сталіся са мною ў Антыёхіі, Іконіі і Лістры. Гэтыя пераследаванні я перанёс; з усіх іх вызваліў мяне Госпад.",
        "12": "Ды ўсе, каторыя хочуць жыць пабожна ў Хрысце Ісусе, пераследаваны будуць.",
        "13": "Ліхія ж людзі і ашуканцы тым горш будуць гразнуць у зле, памыляючыся самі і ўводзячы ў аблуды.",
        "14": "Ты ж трывай у тым, чаму навучыўся і што даручана табе, бо ведаеш, ад каго навучыўся,",
        "15": "бо з дзіцячых гадоў пазнаў ты Пісанні Святыя, якія могуць цябе навучыць на збаўленне праз веру ў Хрыста Ісуса.",
        "16": "Усё Пісанне натхнёна Богам і карыснае для навучання, дакору, выпраўлення і ўзгадавання ў справядлівасці,",
        "17": "каб дасканалым быў чалавек Божы, настаўленым на ўсякае добрае дзеянне."
    },
    "4": {
        "1": "Умольваю цябе перад Богам і Госпадам Хрыстом Ісусам, Які будзе судзіць жывых і памерлых, праз прыход Яго і Валадарства Яго:",
        "2": "абвяшчай слова, настойвай у час ці не ў час, дакарай, забараняй, малі з усёй цярплівасцю і навукай.",
        "3": "Бо надыдзе час, калі здаровай навукі не будуць прымаць, але па волі сваіх пажадлівасцей падбяруць сабе настаўнікаў, патураючых вушам,",
        "4": "і адвернуць слых ад праўды, а да баек прыхінуцца.",
        "5": "Ты ж пільнуйся ва ўсім, цярпі ў смутку, выконвай справу евангеліста, службу тваю спаўняй.",
        "6": "Я вось гатовы стацца ахвярай, і час майго адыходу настаў.",
        "7": "Змагаўся я ў добрым змаганні, бег закончыў, веру захаваў.",
        "8": "На заканчэнне рыхтуецца мне вянок справядлівасці, які мне дасць у той дзень Госпад, справядлівы Суддзя, ды не толькі мне, але і тым, якія палюбілі прыход Яго.",
        "9": "Паспяшайся прыйсці да мяне хутка,",
        "10": "бо Дэмас кінуў мяне, палюбіўшы гэты век, і пайшоў у Тэсалоніку, Крэсцэнс – у Галатыю, Ціт – у Далмацыю.",
        "11": "Адзін Лука са мною. Вазьмі Марка і прывядзі яго з сабой, бо ён патрэбны мне для службы.",
        "12": "Тыхіка паслаў я ў Эфес.",
        "13": "Як будзеш ісці, вазьмі з сабою плашч, які пакінуў я ў Траадзе ў Карпа, і кнігі, асабліва пергаміны.",
        "14": "Аляксандр, меднік, шмат учыніў мне ліха. Няхай аддасць яму Госпад паводле дзейнасці яго.",
        "15": "Яго і ты абмінай, бо ён вельмі працівіцца нашым словам.",
        "16": "Пры першай маёй абароне нікога не было пры мне, але ўсе мяне пакінулі. Няхай гэта не будзе ім палічана.",
        "17": "Госпад жа з’явіўся перада мною і ўмацаваў мяне, каб прапаведаванне праз мяне працягвалася і каб яго пачулі ўсе народы; і я пазбегнуў ільвінае пашчы.",
        "18": "І вызваліць мяне Госпад ад усякай ліхой справы, і захавае для Свайго Нябеснага Валадарства. Яму слава на векі вечныя. Амін.",
        "19": "Прывітай Прыску і Аквілу, і разам дом Анэсіфора.",
        "20": "Эраст застаўся ў Карынце, а Трафіма пакінуў я хворым у Мілеце.",
        "21": "Паспяшайся перад зімой прыйсці. Вітаюць цябе Эўбул, і Пудэнс, і Лін, і Клаўдзія, і ўсе браты.",
        "22": "Госпад Ісус Хрыстос з духам тваім. Ласка з вамі. Амін."
    }
}