{
    "1": {
        "1": "Пётра, Апостал Ісуса Хрыста, перасяленцам, расцярушаным у Понце, у Галатыі, у Кападоцыі, у Азіі і ў Бітыніі, выбраным",
        "2": "наканаваннем Бога Айца пры асвячэнні Духам, дзеля паслухмянасці і пакраплення Крывёй Ісуса Хрыста: хай ласка і супакой будуць вам шчодра памножаны.",
        "3": "Дабраславёны Бог і Айцец Госпада нашага Ісуса Хрыста, Які ў вялікай міласэрнасці Сваёй праз уваскрэсенне з памерлых Ісуса Хрыста адрадзіў нас да жывой надзеі,",
        "4": "да спадчыны незнішчальнай, і беззаганнай, і неўвядальнай, што захавана на нябёсах для вас,",
        "5": "якія магутнасцю Божай праз веру захоўваецеся дзеля збаўлення, прыгатаванага аб’явіцца ў апошні час.",
        "6": "З гэтага радуйцеся, хоць цяпер мусіце пасмуткаваць крыху дзеля шматлікіх выпрабаванняў,",
        "7": "каб выпрабаваная ваша вера выявілася шмат даражэйшай за золата – яно, хоць і выпрабавана ў агні, ды ідзе на загубу, – на славу, пахвалу і гонар пры з’яўленні Ісуса Хрыста.",
        "8": "Яго, хоць не бачылі, вы любіце і хоць цяпер не бачыце Яго, але верыце і цешыцеся радасцю невымоўнаю і найслаўнейшаю,",
        "9": "дасягаючы праз веру вашу збаўлення душ.",
        "10": "Гэтага збаўлення шукалі і выглядалі прарокі, якія прадказвалі будучую для вас ласку,",
        "11": "даследуючы, калі і на якую пару паказваў Дух Хрыстоў, Які ў іх прабываў і Які прадказваў пакуты Хрыста і пазнейшую славу.",
        "12": "Ім было адкрыта, што не ім самім, а вам служыла абвешчанае праз іх, якія абвяшчалі вам Евангелле праз Духа Святога, спасланага з неба, у што заглянуць прагнуць і анёлы.",
        "13": "Для гэтага, падперазаўшы сцёгны вашага розуму, чуваючы, майце моцную надзею на ласку, прызначаную вам у аб’яўленні Ісуса Хрыста.",
        "14": "Як паслухмяныя дзеці, не кіруйцеся вашымі ранейшымі жаданнямі, калі вы былі яшчэ несвядомымі,",
        "15": "але ва ўсіх паводзінах будзьце таксама святымі на ўзор Святога, Які вас паклікаў,",
        "16": "бо напісана: «Будзьце святымі, бо Я – Святы».",
        "17": "І калі Айцом завеце Таго, Хто без аглядкі на асобы судзіць кожнага паводле яго ўчынкаў, дык у страху праводзьце час пражывання вашага,",
        "18": "ведаючы, што адкуплены вы ад марнага жыцця вашага, перададзенага вам бацькамі, не знішчаемым срэбрам або золатам,",
        "19": "але найкаштоўнейшай Крывёй Хрыста, як Ягняці без заганы і без спракуды,",
        "20": "Які быў прызначаны перад стварэннем свету, але аб’явіўся ў апошнія часы дзеля вас,",
        "21": "якія праз Яго ўверылі ў Бога, Які ўваскрасіў Яго з мёртвых і даў Яму славу, каб вера ваша і надзея былі скіраваны да Бога.",
        "22": "Ачысціўшы душы вашы паслухмянасцю праўдзе праз Духа дзеля здабыцця шчырай братняй любові, ад чыстага сэрца любіце адзін аднаго,",
        "23": "як адроджаныя не са знішчальнага семя, але з незнішчальнага праз слова Бога жывога, якое трывае, на векі,",
        "24": "бо кожнае цела – як трава, і ўсякая слава яго – як кветка травы. Засохла трава – і кветка апала.",
        "25": "Але слова Госпада трывае вечна. Гэта вось слова прынесена вам як добрая вестка."
    },
    "2": {
        "1": "Дык адкінуўшы ўсякае ліха і ўсякую падступнасць, і крывадушнасць, зайздрасць ды ўсякае ачарненне,",
        "2": "як нованароджаныя дзеткі запрагніце духоўнага і непадробленага малака, каб ад яго вы ўзраслі да збаўлення,",
        "3": "бо вы пакаштавалі, які салодкі Госпад.",
        "4": "Прыступаючы да Яго, жывога каменя, адкінутага людзьмі, але выбранага Богам і каштоўнага,",
        "5": "і вы самі, як жывыя камяні, будуйцеся ў дом духоўны, у святарства святое, каб складаць духоўныя ахвяры, мілыя Богу праз Ісуса Хрыста.",
        "6": "Пра гэта сказана ў Пісанні: «Вось, Я кладу на Сіёне вуглавы камень, выбраны і дарагі, і, хто верыць у Яго, не будзе асаромлены».",
        "7": "Дык Ён для вас, веруючых, – гонар, а для няверуючых «камень, які адкінулі будаўнікі, які стаўся галавою вугла»",
        "8": "ды ёсць «каменем спатыкнення і каменем згаршэння»; аб яго спатыкаюцца няверуючыя Слову, на што і прызначаны.",
        "9": "Але вы – выбранае племя, валадарнае святарства, святы народ, люд набыты, каб абвяшчалі дасканаласці Таго, Хто паклікаў вас з цемры ў цудоўнае святло Сваё;",
        "10": "вы, калісьці не народ, а цяпер народ Божы, якія былі не дасягнуўшымі міласэрнасці, а цяпер дасягнулі міласэрнасці.",
        "11": "Умілаваныя, прашу вас, як прыхадняў і падарожнікаў, паўстрымацца цялесных пажаданняў, якія ваююць супраць душы.",
        "12": "Паводзіны вашы сярод паганаў хай будуць добрыя, каб тыя, што ставяцца да вас як да злачынцаў, бачачы вашы добрыя ўчынкі, славілі Бога ў дзень адведзінаў.",
        "13": "Падпарадкоўвайцеся кожнай людской уладзе дзеля Госпада: ці гэта цару, як вышэйшаму валадару,",
        "14": "ці то намеснікам, што праз яго пасланы дзеля пакарання злачынцаў або дзеля пахвалы тых, што дабро робяць,",
        "15": "бо такая воля Божая, каб вы добрымі ўчынкамі затыкалі вусны невуцтву неразумных людзей,",
        "16": "як людзі свабодныя, ды не як тыя, для якіх свабода ёсць покрыва зла, але як паслугачы Божыя.",
        "17": "Усіх паважайце, братоў любіце, Бога бойцеся, цара шануйце!",
        "18": "Паслугачы! Падпарадкоўвайцеся з усім страхам гаспадарам, і не толькі добрым і спагадным, але таксама і суровым.",
        "19": "Бо гэта ласка, калі хто ў імя Бога пераносіць гора, церпячы несправядліва.",
        "20": "Бо што гэта за слава, калі вас за грахі б’юць па твары? Але калі церпіце, робячы дабро, дык гэта ласка ў Бога.",
        "21": "Вы ж на гэта пакліканы; бо і Хрыстос цярпеў за вас, пакідаючы вам прыклад, каб вы ішлі па Яго слядах:",
        "22": "Ён не ўчыніў граху, і ў Яго вуснах не знойдзена подступу.",
        "23": "Ён, зняважаны, не зневажаў, церпячы, не пагражаў, але ўсё перадаў справядліваму Суддзі.",
        "24": "Ён грахі нашы Сам узнёс целам Сваім на дрэва, каб мы, пазбавіўшыся ад грахоў, жылі дзеля справядлівасці; Яго ранамі вы аздароўлены.",
        "25": "Бо вы былі, як заблуканыя авечкі, але цяпер вярнуліся да Пастыра і Вартаўніка душ вашых."
    },
    "3": {
        "1": "Таксама і вы, жонкі, пакарайцеся мужам сваім, каб нават тады, калі некаторыя з іх не слухаюць слова, праз самыя паводзіны жонак былі прыдбаныя без слова,",
        "2": "аглядаючы ваша чыстае, поўнае страху Божага жыццё.",
        "3": "Хай вашым упрыгожаннем будзе не вонкавае заплятанне валасоў, ані залатыя пярсцёнкі, ані стройныя сукні,",
        "4": "але схаваны ў сэрцы чалавек у лагоднасці і спакойнасці духа, што вельмі каштоўна ў вачах Божых.",
        "5": "Так калісьці і святыя жонкі, усклаўшы надзею на Бога, аздаблялі сябе і былі падданымі сваім мужам,",
        "6": "як Сара была паслухмянай Абрагаму, клічучы яго сваім гаспадаром. І вы яе дзеці, калі робіце дабро і не баіцеся ніякіх турбот.",
        "7": "Так жа і вы, мужы, разумна жывіце ў супольнасці з жонкай, як з нетрывалай пасудзінай, аддаючы гонар, бо вы супольна з імі спадкаемцы ласкі жыцця, каб не стаўляць перашкод малітвам вашым.",
        "8": "Нарэшце, будзьце ўсе аднадумныя, спагадныя, поўныя братняй любові, міласэрныя, ветлівыя,",
        "9": "не адгаджайце ліхам за ліха, ані праклёнам за праклён, але, наадварот, дабраслаўляйце, ведаючы, што на тое вы пакліканы, каб атрымаць у спадчыну дабраславенне.",
        "10": "«Бо чалавек, які любіць жыццё і хоча ўбачыць добрыя дні, хай стрымлівае язык свой ад ліхога і вусны, каб не гавораць падступна;",
        "11": "хай ухіляецца ад ліхога і робіць дабро, хай шукае супакою і імкнецца да яго.",
        "12": "Бо вочы Госпада – да справядлівых, і вушы Яго – да просьбаў іх; але аблічча Госпада супраць тых, што чыняць ліха».",
        "13": "І хто вам пашкодзіць, калі будзеце рупіцца пра дабро?",
        "14": "А калі б вы нават пацярпелі дзеля справядлівасці, вы шчасныя. Не палохайцеся іх пагроз ды не трывожцеся,",
        "15": "Госпада Бога свяціце ў сэрцах вашых і будзьце заўсёды гатовы абараніцца перад кожным, хто патрабуе ад вас адказу аб той надзеі, якая прабывае ў вас,",
        "16": "але са спагаднасцю і страхам мейце добрае сумленне, каб тым, чым вас прыніжаюць, як злачынцаў, былі зганьбаваны тыя, што ачарняюць вашы добрыя паводзіны ў Хрысце.",
        "17": "Бо лепш цярпець, дабро чынячы, калі такая воля Божая, чым чынячы зло.",
        "18": "Хрыстос таксама раз пацярпеў за грахі, Справядлівы за несправядлівых, каб нас давесці да Бога, стаўшы мёртвым целам, але ажыўшы Духам;",
        "19": "у Ім, пайшоўшы, прапаведаваў нават тым духам, што былі ў вязніцы,",
        "20": "якія калісьці былі непаслухмяныя, злоўжываючы Божаю цярплівасцю ў дні Ноя пры будове каўчэга, у якім нямногія, гэта значыць восем душ, уратаваліся ад вады.",
        "21": "На падабенства таго і нас цяпер збаўляе хрост, не праз абмыццё бруду цела, але праз абяцанне Богу добрага сумлення, праз уваскрэсенне Ісуса Хрыста,",
        "22": "Які ўзышоў у неба і сядзіць праваруч Бога, і Яму падпарадкаваны анёлы, і ўлады, і магуцці."
    },
    "4": {
        "1": "Калі ж Хрыстос цярпеў целам за нас, дык і вы ўзбройцеся тою самаю думкаю, што той, хто церпіць целам, перастае грашыць,",
        "2": "каб той час, што застаўся для жыцця ў целе, пражыць не для пажаданняў чалавечых, але для волі Божай.",
        "3": "Бо даволі, што ўжо ў мінулыя часы вы, дзеля выканання волі паганаў, жылі ў распусце, пажадлівасцях, у злоўжыванні віном, гулянках, папойках і ў агідным балванахвальстве.",
        "4": "Дзеля таго яны дзівяцца, што вы не топіцеся разам з імі ў тым самым віры распусты, ды таму блага аб вас гавораць.",
        "5": "Яны здадуць справаздачу Таму, Хто прыгатаваны судзіць жывых і мёртвых.",
        "6": "Таму была абвешчана добрая вестка нават мёртвым, каб яны, хоць суджаныя целам па-чалавечы, жылі духам па Божаму.",
        "7": "Канец усяго ўжо наблізіўся. Дык будзьце цвярозага мыслення і чувайце ў малітвах.",
        "8": "Перад усім майце заўсёды нязменную любоў між сабою, бо любоў пакрывае многа грахоў.",
        "9": "Будзьце адны да адных без наракання гасціннымі.",
        "10": "Служыце адны адным тым дарам, які хто атрымаў, як добрыя аканомы разнастайнай ласкі Божай.",
        "11": "Калі хто прамаўляе, [прамаўляй] як словы Божыя; калі хто паслугуе, [служы] сілай, дадзенай яму Богам, каб ва ўсім быў праслаўлены Бог праз Ісуса Хрыста, Якому слава і валадаранне ў векі вечныя. Амін.",
        "12": "Дарагія! Не дзівіцеся агню, які дзеля выпрабавання вам з’явіўся, як бы што нечаканае вас напаткала,",
        "13": "але, калі вы ўдзельнічаеце ў цярпеннях Хрыстовых, радуйцеся, каб і ў аб’яўленні славы Яго цешыліся вы з весялосцю.",
        "14": "Калі зневажаюць вас за імя Хрыста, вы шчасныя, бо славы і Бога Дух на вас супачывае. Імі Ён зневажаецца, а вамі праслаўляецца.",
        "15": "Хай толькі ніхто з вас не церпіць як забойца, або злодзей, або ліхадзей, або той, хто квапіцца на чужое.",
        "16": "Калі ж церпіць як хрысціянін, хай не саромеецца, але хай услаўляе Бога за гэтую долю.",
        "17": "Бо час, каб суд распачаўся ад дома Божага. Калі перш ад нас, дык які канец будзе тых, што не слухаюць Божага Евангелля?",
        "18": "І калі справядлівы ледзь будзе збаўлены, дык бязбожнік і грэшнік дзе апынецца?",
        "19": "Дык тыя, што церпяць згодна з воляй Божай, хай аддаюць свае душы вернаму Творцы, робячы дабро."
    },
    "5": {
        "1": "Старэйшых, якія сярод вас, прашу я, таксама старэйшы і сведка Хрыстовых цярпенняў ды ўдзельнік тае славы, якая мае аб’явіцца:",
        "2": "пасіце статак Божы, які ў вас, даглядаючы яго не пад прымусам, але добраахвотна, па волі Божай, не дзеля нягодных нажыткаў, але са стараннасцю,",
        "3": "і не пануючы над даручаным, але даючы прыклад статку.",
        "4": "І, калі аб’явіцца Найвышэйшы Пастыр, атрымаеце незвядальны вянок славы.",
        "5": "Таксама і вы, юнакі, будзьце паслухмяныя старэйшым. Усе ўзаемна, падпарадкоўваючыся адзін аднаму, апраніцеся ў пакору, бо Бог пыхлівым супрацівіцца, а пакорлівым ласку дае.",
        "6": "Дык скарыцеся пад магутнай рукой Бога, каб вас узвысіў у свой час.",
        "7": "Усе клопаты свае ўскладайце на Яго, бо Ён пра вас рупіцца.",
        "8": "Будзьце цвярозымі, чувайце! Бо супраціўнік ваш, д’ябал, як леў рыклівы, кружыць, шукаючы, каго зжэрці.",
        "9": "Станьце супроць яго цвёрдаю вераю, ведаючы, што гэткія самыя пакуты выпадаюць і тым вашым братам, што ёсць у свеце.",
        "10": "А Бог усякае ласкі, Які вас паклікаў да вечнай славы Сваёй у Хрысце Ісусе, пасля нядоўгага цярпення [вашага] Сам вас удасканаліць, зробіць непарушнымі, угрунтуе, падмацуе.",
        "11": "Яму слава і Валадарства ў векі вечныя. Амін.",
        "12": "Коратка я вам напісаў праз Сілівана, вернага брата, як думаю, перасцерагаючы ды і сведчанне прыносячы, што такая вось праўдзівая ласка Божая; у ёй вы стаіце.",
        "13": "Вітае вас тая, што ў Бабілоне, выбраная, як і вы, а таксама Марк, мой сын.",
        "14": "Павітайцеся ўзаемна пацалункам любові. Супакой вам усім, што трываеце ў Хрысце Ісусе. Амін."
    }
}