{
    "1": {
        "1": "Юда, слуга Ісуса Хрыста, брат Якуба, пакліканым, асвечаным Богам Айцом і захаваным Ісусам Хрыстом:",
        "2": "хай памножыцца вам міласэрнасць, і супакой, і любоў.",
        "3": "Улюбёныя, прыкладаючы ўсю стараннасць, каб напісаць вам пра супольнае наша збаўленне, я палічыў неабходным напісаць вам, каб заахвоціць змагацца за веру, аднойчы перададзеную святым.",
        "4": "Пракраліся бо да вас нейкія людзі, якія здаўна прызначаны на гэтае асуджэнне, бязбожныя, каторыя ласку Бога нашага пераварочваюць на распусту і выракаюцца адзінага Валадара Бога і Госпада нашага Ісуса Хрыста.",
        "5": "Хачу вам прыпомніць, хоць вы ўсё ведаеце, што Госпад найперш вызваліў народ з зямлі Егіпецкай, а пасля выгубіў тых, што не верылі;",
        "6": "анёлаў жа, што не збераглі сваёй дастойнасці, але пакінулі сваё жыллё, звязаных вечнымі путамі, затрымаў у цемрадзі да вялікага суднага дня.",
        "7": "Таксама Садом, і Гамора, і суседнія гарады, што падобным чынам аддаваліся распусце і пайшлі за чужым целам, сталіся прыкладам, церпячы кару вечнага агню.",
        "8": "Падобна будзе і тым легкадумным, што паганяць цела, зневажаюць улады ды блюзняць супраць вышэйшых.",
        "9": "Калі арханёл Міхал гаварыў з д’яблам, спрачаючыся пра цела Майсея, не адважыўся кінуць блюзнячага асуджэння, але сказаў: «Хай Госпад табе забароніць».",
        "10": "Гэтыя ж блюзняць на тое, чаго не ведаюць, а што па прыродзе ведаюць, як неразумныя жывёліны, гэтым самі сябе знішчаюць.",
        "11": "Гора ім, бо пайшлі яны дарогай Каіна, і паддаліся ашуканству за плату, як Балаам, і ў бунце, як Корэ, загінулі.",
        "12": "Яны – прыхаваная небяспека на вашых агапах, што банкетуюць у вас без страху і пасвяць саміх сябе; воблакі без вады, што ветрам гоняцца, дрэвы асеннія бясплодныя, двойчы мёртвыя, выкарчаваныя,",
        "13": "раз’юшаныя віры марскія, што пеняцца сваёю брыдотаю, блукаючыя зоркі, для якіх бясконцасць цемрадзі навек захавана.",
        "14": "Вось жа, пра іх праракаваў Гэнох, сёмы па Адаме, кажучы: «Вось ідзе Госпад з мноствам Сваіх святых,",
        "15": "каб учыніць суд над усімі ды выкрыць кожную душу ва ўсіх яе нягодных учынках, у якіх яны чынілі бязбожнасць, і ва ўсіх ліхіх словах супраць Яго, якія яны, бязбожныя грэшнікі, прамаўлялі».",
        "16": "Яны наракальнікі нездаволеныя ды жывуць згодна сваёй пажадлівасці, і вусны іх гавораць напышліва, і дзеля карысці бываюць ліслівыя да людзей.",
        "17": "Вы ж, улюбёныя, майце ў памяці словы, сказаныя Апосталамі Госпада нашага Ісуса Хрыста,",
        "18": "якія казалі вам: «У апошні час аб’явяцца насмешнікі, якія будуць жыць паводле бязбожнай пажадлівасці сваёй».",
        "19": "Гэта тыя, што самі сябе адлучаюць, душэўныя; яны не маюць Духа.",
        "20": "Вы ж, улюбёныя, грунтуючыся на найсвяцейшай веры вашай, молячыся ў Духу Святым,",
        "21": "у любові Божай захоўвайце саміх сябе, чакаючы міласэрнасці Госпада нашага Ісуса Хрыста на жыццё вечнае.",
        "22": "І да адных будзьце міласэрнымі, разважаючы,",
        "23": "а іншых ратуйце страхам, выхопліваючы з агню, брыдзячыся нават адзеннем, апаганеным целам. ЛІСТ ЮДЫ",
        "24": "А Таму, Хто можа ўсцерагчы вас ад падзення і паставіць беззаганнымі і ў радасці на віду Сваёй славы,",
        "25": "адзінаму мудраму Богу, Збаўцы нашаму, праз Ісуса Хрыста, Госпада нашага, – слава, веліч, моц ды ўлада перад усімі вякамі, і цяпер, і на ўсе вякі. Амін."
    }
}