{
    "1": {
        "1": "Розповідь Неємії, сина Гахалії. Так сталося, що в місяці Кіслеві, двадцятого року, коли я перебував у фортеці Сузи,",
        "2": "до мене прийшов один з моїх братів, Ханані, з кількома чоловіками з Юдеї. Я розпитав їх про юдеїв, котрі залишились живими після полону, та про Єрусалим.",
        "3": "І вони мені розповіли: Ті, котрі залишилися, й котрі пережили поневолення, там у краю перебувають у злиднях і ганьбі з боку сусідів; стіни Єрусалима зруйновані, а міські брами спалені вогнем.",
        "4": "Почувши про все це, я не стримався, – сів, заплакав, і був засмучений кілька днів, постив і молився до Небесного Бога",
        "5": "такими словами: О Господи, Боже Небесний! Ти є великим і грізним Богом, – Який дотримується Заповіту і виявляє милосердя до тих, котрі Його люблять й дотримуються Його Заповідей!",
        "6": "Нехай же Твоє вухо буде уважним, а Твої очі відкритими, аби вислухати молитву Твого слуги, яку тепер, вдень і вночі, підношу до Тебе за Твоїх дітей, Ізраїльтян, які Тобі служать. Я визнаю гріхи, які Ізраїльтяни скоїли проти Тебе, а також я і родина мого батька – всі ми згрішили!",
        "7": "Ми, безперечно, вчинили злочин проти Тебе, не дотримуючись Заповідей, постанов і законів, які Ти заповів Своєму слузі Мойсеєві!",
        "8": "Але ж згадай обітницю, яку Ти дав Своєму слузі Мойсеєві, заповідаючи: Якщо ви допустите віроломство, Я вас розпорошу поміж народами, –",
        "9": "проте якщо ви навернетесь до Мене й будете дотримуватись Моїх Заповідей, виконуючи їх, то хоч би ви були розпорошені до краю небес, Я й звідти зберу вас і спроваджу вас на місце, яке Я обрав, щоби там перебувало Моє Ім’я!",
        "10": "Адже всі вони є Твоїми слугами і Твоїм народом, який Ти викупив Своєю могутньою силою та Своєю потужною рукою!",
        "11": "О Господи, нехай же Твоє вухо буде уважним до моєї молитви – Твого слуги й до молитов інших Твоїх слуг, котрі прагнуть ушанувати Твоє Ім’я! Благаю, посприяй, аби сьогодні пощастило Твоєму слузі, і нехай буде співчутливим до мене цей чоловік. Я ж тоді був чашником царя."
    },
    "2": {
        "1": "Так сталося, що в місяці нісані, двадцятого року царя Артаксеркса, коли принесли вино, я взяв те вино, й подав цареві. Я, звичайно ж, намагався не виглядати засмученим перед ним.",
        "2": "Але цар мене запитав: Чому твоє обличчя сумне, – чи ти не хворий? Не інакше як журба якась на серці?! Я дуже злякався",
        "3": "і сказав цареві: Нехай живе цар вічно! Як мені не бути сумним, коли місто, де гробниці моїх батьків, зруйноване, а його брами спалені вогнем?",
        "4": "А цар промовив до мене: Чого би ти хотів? Помолившись до Небесного Бога, я",
        "5": "сказав цареві: Якби це було до вподоби царю, і якщо твій слуга знайшов у тебе ласку, то прошу, відправ мене в Юдею, – в місто, де гробниці моїх батьків, щоб я його відбудував.",
        "6": "Тоді цар, біля якого сиділа й цариця, запитав мене: Як довго триватиме твоя подорож, і коли повернешся? Я зрозумів, що цар у своїй доброті погоджується мене відпустити, тому я назвав йому термін",
        "7": "і попросив: Коли цареві до вподоби, то нехай дадуть мені листи до намісників Заріччя, щоб мені дозволили пройти до Юдеї,",
        "8": "а також лист до Асафа, охоронця царських лісів, щоб дав мені дерево на виготовлення брам для храмової фортеці, для стін міста, й того дому, в якому мешкатиму. І цар мені дав усе, тому що доброзичлива рука мого Бога була наді мною.",
        "9": "Отже, я прибув до намісників Заріччя і віддав їм царські послання. Цар направив зі мною також військових начальників та вершників.",
        "10": "Коли довідались про це Санваллат з Хорона та аммонійський слуга Товія, то їм стало дуже прикро, що прибув чоловік, аби піклуватись про добробут Ізраїльтян…",
        "11": "Прибувши в Єрусалим, я залишався там три дні,",
        "12": "і нікому не повідомляючи, до якої справи в Єрусалимі мене спонукує мій Бог, я встав уночі і взявши кількох чоловіків, – більше не було при мені навіть жодної тварини, окрім тварини ( осла ), на якій я їхав, – і так серед ночі",
        "13": "вийшов через Браму Долини, й пішов у напрямку Джерела Танін ( Драконового ), а потім до Смітникової Брами, й оглядав зруйновані стіни Єрусалима, а також його, спалені вогнем, брами.",
        "14": "Звідти я поїхав до Джерельної Брами та до Царського Ставу. Оскільки не було можливості тварині, на якій я їхав, далі пройти,",
        "15": "то я під покровом ночі пішов у напрямку русла потоку Кедрон, уважно оглянув стіну, після чого звідти повернувся назад, знову проїхавши через Браму Долини.",
        "16": "Місцеві начальники не знали, куди я ходив, і що я хочу робити. До того часу я не говорив про це юдеям, – ні священикам, ні вельможам, ні начальникам, ані всім іншим, котрі мали виконувати роботу.",
        "17": "Але пізніше я сказав їм: Ви бачите лихо, в якому ми перебуваємо, – як спустошений Єрусалим, а його брами знищені вогнем. Тож давайте відбудуємо стіни Єрусалима, й, нарешті, звільнимось від цієї ганьби!",
        "18": "Я розповів їм про доброзичливу Божу руку, яка наді мною, переказав, що говорив мені цар. Тоді вони твердо вирішили: Давайте візьмемось за будівництво! Після цього всі енергійно заповзялись за добру справу.",
        "19": "Проте, почувши про це, хоронієць Санваллат, аммонійський слуга Товія, і аравієць Ґешем, почали з нас глузувати і зневажливо говорили: Що це за справа, яку ви розпочинаєте? Ви часом не плануєте збунтуватись проти царя?",
        "20": "Тоді у відповідь я їм сказав: Небесний Бог учинить так, щоб нам щастило! Ми, Його слуги, беремось за відбудову. Що ж до вас, то в цій справі ви не маєте ні частки, ні права. Не буде про вас і пам’яті в Єрусалимі."
    },
    "3": {
        "1": "Тоді піднявся первосвященик Еліяшів, і разом зі своїми співбратами, священиками, відбудували Овечу Браму. Вони її посвятили, вставивши її двері, й будували далі аж до Башти Сотні та до Башти Хананеїла, посвятивши і їх.",
        "2": "Поряд з ними будували чоловіки з Єрихона, а поруч з ними будував Заккур, син Імрії.",
        "3": "Рибну Браму будували нащадки Хассенаї. Вони скріпили її одвірки та вставили її двостулкові двері, й поставили її замки та засуви.",
        "4": "А поруч з ними відбудовував Меремот син Урії, онук Гаккоца. Поряд з ним відбудовував стіну Мешуллам, син Берехії, онук Мешезавела. А поруч з ним відбудовував Садок, син Баани.",
        "5": "Поруч з ними відбудовували текойці, хоча вельможі з Текої не захотіли попрацювати для свого Господа.",
        "6": "Браму Старого Міста відбудовували Йояда, син Пасеаха, та Мешуллам, син Бесодії. Вони скріпили її одвірки, вставили її двостулкові двері, поставили її замки та її засуви.",
        "7": "Поряд з ними відбудовували Мелатія з Ґівеона та Ядон з Меронота, а також мешканці Ґівеона та Міцпи, – підлеглі намісника Заріччя.",
        "8": "Поруч із ним відбудовував Уззіїл, син Харгаї, зі спілки золотарів, а поряд із ним відбудовував Хананія, з братства виробників парфумів; вони відбудували мури Єрусалима аж до Стіни Широкої.",
        "9": "Поруч з ними відбудовував Рефая, син Хура, начальник половини єрусалимської округи.",
        "10": "Поряд з ними відбудовував Єдая, син Харумафа, навпроти свого дому, а поруч з ним відбудовував Хаттуш, син Хашафнії.",
        "11": "Наступний відтинок стіни з Баштою Печей відбудовували Малкія, син Харіма та Хашшув, син Пахат-Моава.",
        "12": "Поруч з ними відбудовував Шаллум, син Галлохеша, начальник другої половини єрусалимської округи разом зі своїми дочками.",
        "13": "Браму Долини відбудовував Ханун разом з мешканцями Заноаха. Вони її злагодили, встановили її двостулкові двері, й поставили її замки та її засуви; крім того, вони відбудували тисячу ліктів стіни аж до Смітникової Брами.",
        "14": "А саму Смітникову Браму відновлював Малкія, син Рехава, начальник округа Бет-Гаккерема, – він її відновив, скріпив її одвірки, встановив двостулкові двері й поставив її замки та її засуви.",
        "15": "А Браму Джерельну відновлював Шаллум, син Кол-Хозеї, начальник округи Міцпи. Він її відбудував, зробив накриття, встановив двостулкові двері, поставив її замки та її засуви. Він же відбудував стіну біля ставу Шелаха поряд із садом царя і аж до сходів, що ведуть униз від Міста Давида.",
        "16": "За Шаллумом відбудовував Неємія, син Азбука, начальник половини округи Бет-Цура, аж до Давидових гробниць, а далі до спорудженого ставу і Дому Витязів.",
        "17": "За Неємією працювали левіти, – Рехум, син Банії, а неподалік нього відбудовував Хашавія, начальник половини округу Кеїла – за свій округ.",
        "18": "За ним відбудовували їхні брати: Баввай, син Хенадада, начальник другої половини округу Кеїла,",
        "19": "а поруч з ним, навпроти підйому до кута Арсеналу Зброї, відбудовував Езер, син Ісуса, начальник Міцпи.",
        "20": "За ним віддано працював Барух, син Заббая, відбудовуючи наступний відтинок, від кута Арсеналу й аж до дверей дому первосвященика Еліяшіва.",
        "21": "За ним працював Меремот, син Урії, онук Гаккоца, відбудовуючи наступний відтинок, – від дверей дому Еліяшіва й до кута дому Еліяшіва.",
        "22": "Далі відбудовували священики з надйорданських околиць.",
        "23": "За ними відбудовували Веніямін і Хашшув навпроти свого дому, а за ними відбудовував Азарія, син Маасії, онук Ананії, також біля свого дому.",
        "24": "Наступний відтинок відбудовував Біннуй, син Хенадада, – від дому Азарії аж до кута й повороту стіни, а",
        "25": "Палал, син Узая, відбудовував далі – від повороту стіни, й Верхньої Вежі, що виступала з Верхнього царського палацу та дворика вартових. Далі працював Педая, син Пароша,",
        "26": "і храмові слуги, що мешкали в Офелі, – вони відбудовували стіну до Водяної Брами, що на сході, і другої Виступаючої Башти.",
        "27": "За ними мешканці Текої відбудовували другу частину стіни навпроти Виступаючої Башти, аж до стіни навколо храмового виступу, Офелу.",
        "28": "Вище Кінської Брами стіну відбудовували священики, – кожен навпроти свого дому.",
        "29": "Трохи далі відбудовував стіну Садок, син Іммера, навпроти свого дому. За ним відбудовував Шемая, син Шеканії, вартовий Східної Брами.",
        "30": "Далі відбудовували Хананія, син Шелемії, та Ханун, шостий син Цалафа, наступний відтинок стіни, а за ним відбудовував Мешуллам, син Берехії – навпроти свого помешкання.",
        "31": "Поряд з ним відбудовував Малкія, з братства золотарів, аж до дому храмових слуг та торговців напроти Вартової Брами і аж до наріжної верхньої світлиці.",
        "32": "А від верхньої наріжної світлиці до Овечої Брами відбудовували золотарі та торговці.",
        "33": "Так сталося, що коли дізнався Санваллат, що ми будуємо стіну, то він дуже розлютився, запалав гнівом і почав глузувати над людьми.",
        "34": "Він виступав перед своїми братами і військом Самарії, підбурюючи: Що роблять ці нікчемні юдеї? Невже їм це дозволять? Невже знову приноситимуть тут жертви? Невже можливо це зробити за один день? Хіба можна оживити це каміння з купи пороху після пожарища?",
        "35": "А Товія, аммонієць, що стояв біля нього, глузливо додавав: А хоч би й збудували, то споруда буде такою, що скочить лисиця на їхню кам’яну стіну й розвалить.",
        "36": "Боже наш, Ти чуєш, з яким презирством говорять про нас, тож поверни їхнє ганьблення на їх власну голову! Віддай їх як здобич у край неволі!",
        "37": "Не покривай їхнього беззаконня і не забудь їхнього гріха перед Тобою, адже вони ображали будівничих.",
        "38": "Проте ми продовжували відбудовувати стіну, й незабаром стіна по висоті до половини була зведена, а люди охоче, від душі працювали далі."
    },
    "4": {
        "1": "Почувши, що стіни Єрусалима підіймаються, а виломи замуровуються, Санваллат, Товія, аравійці, аммонійці та ашдодці ще більше розлютилися.",
        "2": "Всі вони змовились, щоб разом підступно вдарити по Єрусалиму і споводувати в ньому заколот.",
        "3": "Ми ж молилися до нашого Бога вдень та вночі й виставляли проти них охорону.",
        "4": "Але серед Юдеїв почались нарікання: Сила носіїв ослабла, а румовищ ще багато, – ми не зможемо самі відбудувати стіну…",
        "5": "А вороги наші змовлялися: Вони не повинні дізнатися й побачити, аж доки ми не опинимось серед них; тоді винищимо їх, і зупинимо роботу!",
        "6": "Але так сталося, що з різних сторін приходили юдеї, котрі мешкали неподалік їх і не менше десяти разів нас звідусіль попереджали, що проти нас підіймаються вороги, аби нас вдарити.",
        "7": "Тому я поставив у відкритих низинних місцях поза стінами міста людей за їхніми поколіннями чергувати зі своїми мечами, зі списами і з луками.",
        "8": "Зауваживши, що Ізраїльтяни відчувають страх, я виступив і промовив до знатних людей та начальників: Не бійтеся їх! Пам’ятайте про Господа, великого й грізного, та будьте готові до боротьби за ваших братів, за ваших синів і ваших дочок, за ваших дружин і за ваші домівки.",
        "9": "Але так сталося, що коли наші вороги довідались, що їхня змова стала відомою нам, і що Бог зруйнував їхні плани, ми всі повернулися на стіну, – кожен до своєї праці.",
        "10": "Проте з того часу лише половина моїх людей продовжували роботу, а друга половина молодих людей, одягнутих в кольчуги, тримали списи, щити, луки і разом зі своїми начальниками охороняли всіх Юдеїв,",
        "11": "котрі відбудовували стіну. А носильники грузів так виконували свої обов’язки: Кожен однією рукою виконував працю, а в іншій тримав списа.",
        "12": "Крім того, кожен, зокрема, будівничий мав прикріплений до пояса меч і з ним виконував працю. До того ж, коло мене постійно стояв трубач-сигнальник.",
        "13": "Я попередив усіх знатних людей, начальників і весь народ: Роботи багато, й простір широкий, – ми розпорошені по стіні – далеко один від одного.",
        "14": "Отже, з того боку, звідки почуєте звук труби, туди маєте до нас усі зібратись, і наш Бог воюватиме за нас!",
        "15": "Отак ми виконували працю: половина з нас тримали списи від раннього світанку і до появи зірок.",
        "16": "У той час я також наказав людям: Нехай кожен ночує зі своїми слугами в межах Єрусалима, аби слуги вночі нас охороняли, а вдень – працювали.",
        "17": "Але ніхто з нас, – ані я, ні мої брати, ні мої слуги, ні вартові біля мене, – ніхто з нас не знімали свого одягу, і в кожного напоготові була його зброя."
    },
    "5": {
        "1": "В той час почалось нарікання народу, особливо серед жінок, на своїх братів, юдеїв.",
        "2": "Декотрі говорили: Багато з нас віддають своїх синів і своїх дочок у заставу, щоб нам дали зерно для харчування, аби вижити!",
        "3": "А інші скаржились: Нам доводиться віддавати під заставу наші поля, наші виноградники та наші доми, щоб отримати зерно для їжі під час голоду!",
        "4": "Ще інші говорили: Ми позичаємо гроші на оплату податку цареві, віддаючи під заставу свої поля, та свої виноградники!",
        "5": "Адже наші тіла такі самі, як і тіла наших братів, а наші діти такі ж, як і їхні діти, проте ми змушені віддавати наших синів і наших дочок у неволю, і деякі з наших дочок уже стали невільницями; ми не можемо нічого вдіяти, оскільки наші поля і наші виноградники належать іншим людям.",
        "6": "Почувши такі нарікання і скарги, я дуже обурився.",
        "7": "У своєму сердечному пориві я почав дорікати начальникам і всім заможним, говорячи їм: Позичаючи своєму братові під лихву, ви накладаєте важкий тягар … Тому я скликав проти них велике зібрання,",
        "8": "і сказав їм: Ми змушені були викупляти наших братів-юдеїв, проданих язичницьким народам, а ви продаєте своїх власних братів, – вони змушені продаватися вам! Вони ж мовчали, не знаючи що відповісти…",
        "9": "Тоді я продовжив: Не добра ця справа, яку ви чините! Невже ви не повинні були б краще жити в страху перед вашим Богом, аніж наражатись на ганьбу язичників, наших ворогів?!",
        "10": "Сталося так, що я, мої брати, й мої слуги також позичали людям гроші та зерно, тож давайте подаруємо їм цей борг!",
        "11": "Поверніть же їм негайно їхні поля, їхні виноградники, їхні оливкові сади і їхні доми! Подаруйте їм також відсотки з грошей, зерна, вина й олії, які вони вам винуваті!",
        "12": "І вони відповіли: Повернемо й нічого не будемо від них вимагати! Зробимо так, як ти кажеш! Тоді я покликав священиків, і запропонував усім присягнутись, що учинять згідно з даним словом.",
        "13": "Крім того, обтрусивши свій одяг, я сказав: Так нехай Бог обтрусить кожного чоловіка, з його дому та від нажитого його працею, котрий не дотримається свого слова! Нехай він буде таким же витрушеним і порожнім! І вся громада вигукнула: Амінь! Народ прославив Господа, і учинив згідно з обіцяним словом.",
        "14": "З того дня, як цар призначив мене намісником у Юдейському краю, тобто від двадцятого року і до тридцять другого року царювання Артаксеркса, – всі дванадцять років, ні я, ані мої брати не користались з утримання, яке мало би належати наміснику,",
        "15": "тоді як намісники, котрі були переді мною, пригноблювали народ, забираючи в них хліб та вино, не говорячи вже про сорок срібних шеклів, які намісники отримували; навіть їхні слуги пригнічували людей. Я ж так не чинив, оскільки боявся свого Бога.",
        "16": "До того ж, я разом з усіма займався відбудовою стін, як і всі мої слуги, котрі також були задіяні в праці, тому полів ми не набували.",
        "17": "І хоч за моїм столом постійно харчувалось сто п’ятдесят чоловік з юдеїв і їхніх начальників, не враховуючи гостей, котрі прибували до нас від навколишніх народів;",
        "18": "хоч щодня для цього приготовляли одного вола, шість добірних овець і багато птиці, а кожні десять днів постачали багато всякого вина, – при всьому тому я не домагався належного мені, як наміснику, утримання, адже й без цього безоплатна праця була тяжким тягарем для тих людей.",
        "19": "Пам’ятай про мене, мій Боже, на добро мені за все, що я учинив для цього народу."
    },
    "6": {
        "1": "Коли Санваллату, Товії, аравійцю Ґешему та всім іншим нашим ворогам стало відомо, що я відбудував стіну, так що в ній зовсім не залишилось проломів, – хоч на той час я ще не в усіх брамах встановив двостулкові двері, –",
        "2": "то сталося так, що Санваллат та Ґешем прислали мені запрошення: Давай зустрінемось разом у Кефірімі, в долині Оно. Так вони замислили заподіяти мені лихо.",
        "3": "Але я відіслав до них послів з такою відповіддю: Я зайнятий великою справою, тому не зможу прийти. Задля чого мала би зупинитися робота, якби я все залишив і пішов до вас?",
        "4": "Вони чотири рази посилали до мене, пропонуючи зустрітись, а я їм щоразу відповідав ті самі слова.",
        "5": "На п’ятий раз Санваллат направив до мене свого слугу з подібною пропозицією, а в його руках був ще й відкритий лист.",
        "6": "У ньому було написано: Серед людей поширюються чутки, – зокрема, про це розповідає і Ґешем, – що ти, разом з юдеями, плануєте заколот, тому ви й будуєте стіну. За тими ж чутками, ти мав би стати їхнім царем.",
        "7": "Адже ти навіть настановив пророків, котрі мають про тебе в Єрусалимі провіщати: В Юдеї є цар! Ця вістка, безперечно, дійде і до царя, отже, негайно приходь, і разом порадимось!",
        "8": "Але я послав до нього таку відповідь: Нічого подібного, про що ти говориш, не було, – ти все це вигадав сам!",
        "9": "Ось таким чином вони намагались нас залякати, вважаючи: Опустяться їхні руки щодо подальшої праці, й вона не буде завершена! Проте цим вони лише придавали мені більшої рішучості.",
        "10": "Коли я прийшов у дім Шемаї, сина Делаї, сина Мегетавеїлового, а він зачинився й каже: Зустрінемося в Божому Храмі, заховаємось десь у середині Храму, й зачинимо за собою двері Храму, адже хочуть тебе вбити, і прийдуть тебе вбивати вночі!",
        "11": "А я йому відповів: Хіба така людина, як я, повинна втікати? Та й хто я такий, що можу ввійти в Храм і залишитись при цьому живим? Не піду!",
        "12": "Я зрозумів, що не Бог його послав, – а він сам проголосив таке пророцтво щодо мене, оскільки Товія і Санваллат підкупили його.",
        "13": "Він був підкуплений, щоб мене залякати, адже учинивши так, я згрішив би, а вони отримали би підставу мене зганьбити перед людьми.",
        "14": "Тож пригадай, мій Боже, Товії і Санваллатові їхні негідні вчинки, а також пророчиці Ноадії та іншим пророкам, котрі мене залякували!",
        "15": "Двадцять п’ятого дня місяця Елула, – через п’ятдесят два дні, – стіна була завершена.",
        "16": "Так сталося, що коли про це довідались усі наші вороги, та побачили всі навколишні народи, то дуже злякались і впали духом, усвідомивши, що все це відбулось за волею нашого Бога.",
        "17": "Того часу знатні люди з Юдеї часто посилали свої листи до Товії, а Товія відповідав на них,",
        "18": "адже чимало Юдеїв були з ним пов’язані присягою, оскільки він був зятем Шеханії, Арахового сина, а син Шеханії, Єгоханан, був одружений на дочці Мешуллама, сина Берехії.",
        "19": "Усі вони мені розповідали, який він хороший, і передавали йому все, що говорив я. Товія після того надсилав мені листи, аби мене залякати."
    },
    "7": {
        "1": "Коли стіни були вже відбудовані, і я повставляв двостулкові двері, то були призначені придверники, співаки та левіти.",
        "2": "Я також призначив міським головою над Єрусалимом свого брата Ханані, а начальником ( комендантом ) фортеці міста став Хананій, оскільки, на відміну від багатьох, він був вартим довіри й богобоязливим чоловіком.",
        "3": "Я їм дав такий наказ: Брам Єрусалима не відкривати, доки не припече сонце, – поки нові вартові не заступлять на службу, ворота нехай будуть замкнуті на засув. А ще призначте вартових з мешканців Єрусалима, – кожного на визначену для нього варту, або неподалік свого дому.",
        "4": "Місто було просторим і великим, але мешканців у ньому було небагато; та й житлові будинки не були ще відбудовані.",
        "5": "Тож мій Бог надихнув мене зібрати вельмож, начальників і звичайних людей, щоб здійснити перепис, починаючи з тих, котрі прибули першими. Я знайшов і родовідні списки, де було написане таке:",
        "6": "Це список мешканців краю, які повернулись з полону поневолення, котрих переселив вавилонський цар Навуходоносор. Тепер вони повернулись в Єрусалим і в Юдею, – кожен у своє місто.",
        "7": "Вони прибули з Зоровавелем, Ісусом, Неємією, Азарією, Раамією, Нахаманієм, Мордехаєм, Білшаном, Місперетом, Біґваєм, Нахумом, Бааною. Число мужів Ізраїльського народу було таким:",
        "8": "Нащадків Пароша – дві тисячі сто сімдесят два;",
        "9": "нащадків Шефатії – триста сімдесят два;",
        "10": "нащадків Араха – шістсот п’ятдесят два;",
        "11": "нащадків Пахат-Моава, зокрема, з поколінь Ісуса та Йоава – дві тисячі вісімсот вісімнадцять;",
        "12": "нащадків Елама – тисяча двісті п’ятдесят чотири;",
        "13": "нащадків Заттуя – вісімсот сорок п’ять;",
        "14": "нащадків Заккая – сімсот шістдесят;",
        "15": "нащадків Біннуї – шістсот сорок вісім;",
        "16": "нащадків Беваї – шістсот двадцять вісім;",
        "17": "нащадків Азґада – дві тисячі триста двадцять два;",
        "18": "нащадків Адонікама – шістсот шістдесят сім;",
        "19": "нащадків Біґваї – дві тисячі шістдесят сім;",
        "20": "нащадків Адіна – шістсот п’ятдесят п’ять;",
        "21": "нащадків Атера, зокрема, Єзекії, – дев’яносто вісім;",
        "22": "нащадків Хашума – триста двадцять вісім;",
        "23": "нащадків Бецаї – триста двадцять чотири;",
        "24": "нащадків Харіфа – сто дванадцять;",
        "25": "нащадків Ґівеона – дев’яносто п’ять.",
        "26": "Чоловіків із Вифлеєма та Нетофи – сто вісімдесят вісім;",
        "27": "чоловіків із Анатота – сто двадцять вісім;",
        "28": "чоловіків із Бет-Азмавета – сорок два;",
        "29": "чоловіків із Кір’ят-Єаріма, Кефіри та Беерота – сімсот сорок три;",
        "30": "чоловіків із Рами та Гіви – шістсот двадцять один;",
        "31": "чоловіків із Міхмаса – сто двадцять два;",
        "32": "чоловіків із Бетеля та Ая – сто двадцять три;",
        "33": "чоловіків з іншого Нево – п’ятдесят два.",
        "34": "Нащадків іншого Елама – тисяча двісті п’ятдесят чотири;",
        "35": "нащадків Харіма – триста двадцять.",
        "36": "Чоловіків із Єрихона – триста сорок п’ять;",
        "37": "чоловіків із Лода, Хадіда й Оно – сімсот двадцять один.",
        "38": "Нащадків Сенаї – три тисячі дев’ятсот тридцять.",
        "39": "Далі йдуть священики. Нащадків Єдаії, зокрема, з родини Ісуса – дев’ятсот сімдесят три;",
        "40": "нащадків Іммера – тисяча п’ятдесят два;",
        "41": "нащадків Пашхура – тисяча двісті сорок сім;",
        "42": "нащадків Харіма – тисяча сімнадцять.",
        "43": "Далі – левіти. Нащадків Ісуса від Кадміїла, та нащадків Годевії – сімдесят чотири.",
        "44": "Співаків, нащадків Асафа – сто сорок вісім.",
        "45": "Придверники. З нащадків Шаллума, з нащадків Атера, з нащадків Талмона, з нащадків Аккува, з нащадків Хатіта, з нащадків Шовая – всього сто тридцять вісім.",
        "46": "Храмові слуги. Нащадків Ціхи, нащадків Хасуфа, нащадків Таббаота;",
        "47": "нащадків Кероса, нащадків Сіаї, нащадків Падона;",
        "48": "нащадків Левани, нащадків Хаґави, нащадків Салмаї;",
        "49": "нащадків Ханана, нащадків Ґіддела, нащадків Ґахара;",
        "50": "нащадків Реаї, нащадків Реціна, нащадків Некоди;",
        "51": "нащадків Ґаззама, нащадків Уззи, нащадків Пасеаха;",
        "52": "нащадків Бесаї, нащадків Меуніма, нащадків Нефішесіна;",
        "53": "нащадків Бакбука, нащадків Хакуфа, нащадків Хархура;",
        "54": "нащадків Бацліта, нащадків Мехіди, нащадків Харшини;",
        "55": "нащадків Баркоса, нащадків Сісери, нащадків Темаха;",
        "56": "нащадків Неціяха, нащадків Хатіфа.",
        "57": "Нащадки слуг Соломона. З родини Сотаї, з родини Соферета, з родини Періди,",
        "58": "з родини Яела, з родини Даркона, з родини Гіддела,",
        "59": "з родини Шефатії, з родини Хаттіла, з родини Похерет-Гаццеваїма, з родини Амона, –",
        "60": "всього храмових слуг і нащадків слуг Соломона – триста дев’яносто два.",
        "61": "А ось ті, що прибули з Тел-Мелеха, з Тел-Харші, з Керув-Аддона та Іммера, але котрі не змогли довести, що їхні батьківські родини, або, що вони самі – нащадки Ізраїлю.",
        "62": "Родина Далаї, родина Товії та родина Некоди – всього шістсот сорок два.",
        "63": "Так само й список священиків. Родина Ховаї, родина Гаккоца, родина Барзіллая, котрий одружився на дочці гілеадця Барзіллая, і взяв прізвище її родини, –",
        "64": "всі вони також шукали свій родовідний запис, але не знайшли. Тому вони були усунуті від священицького служіння.",
        "65": "Намісник заборонив їм споживати священні жертви, аж поки не з’явиться священик з Урімом і Туммімом.",
        "66": "Уся громада налічувала сорок дві тисячі триста шістдесят осіб,",
        "67": "крім їхніх слуг та їхніх служанок, яких було сім тисяч триста тридцять сім осіб. Серед них також було двісті сорок п’ять співаків і співачок.",
        "68": "[ Було в них сімсот тридцять шість коней, двісті сорок п’ять мулів ], чотириста тридцять п’ять верблюдів, шість тисяч сімсот двадцять ослів.",
        "69": "Деякі з глав батьківських родин внесли до скарбниці кошти на будівництво. Сам намісник вніс до скарбниці тисячу золотих драхм ( дариків ), п’ятдесят чаш і п’ятсот тридцять священицьких шат.",
        "70": "А щодо глав батьківських родин, то вони внесли до скарбниці на будівництво двадцять тисяч золотих драхм ( дариків ) і дві тисячі двісті мін срібла.",
        "71": "Всі інші з народу внесли двадцять тисяч золотих драхм ( дариків ), дві тисячі мін срібла та шістдесят сім священицьких шат.",
        "72": "Священики, левіти, придверники, співаки, слуги Храму ( нетініми ), як і весь народ, – тобто весь Ізраїль, – поселились у своїх містах."
    },
    "8": {
        "1": "Коли настав сьомий місяць, відтоді як Ізраїльтяни вже замешкали в своїх містах, зібрався в Єрусалимі народ, – усі як один чоловік, – на майдан, що перед Водяною Брамою. Вони попросили книжника Ездру, аби він приніс Книгу Закону Мойсея, який Господь заповів Ізраїлю.",
        "2": "Отже, першого дня сьомого місяця священик Ездра виніс Закон до громади чоловіків, жінок й усіх, хто, слухаючи, міг розуміти.",
        "3": "Він читав з Книги на майдані, що перед Водяною Брамою, від світанку аж до полудня, і увага всього народу, – чоловіків, жінок і всіх, котрі здатні сприймати, – була прикута до Книги Закону.",
        "4": "Книжник Ездра стояв на спеціально зробленому для цього дерев’яному помості, а праворуч від нього стояли Маттітія, Шема, Аная, Урія, Хілкія і Маасея, а ліворуч від нього були Педая, Мішаїл, Малкія, Хашум, Хашбаддан, Захарія і Мешуллам.",
        "5": "І от Ездра відкрив Книгу перед очима всього народу, – адже він стояв вище, ніж усі люди, – тому, щойно він її відкрив, увесь народ підвівся.",
        "6": "Тож Ездра віддав хвалу Господу, величному Богові, а весь народ, здійнявши руки вгору, відповів: Амінь! Амінь! Після чого вони, схилившись долілиць, поклонилися Господу.",
        "7": "Тим часом, як народ стояв на своєму місці, левіти: Ісус, Баній, Шеревія, Ямін, Аккув, Шаббетай, Годія, Маасея, Келіта, Азарія, Йозавад, Ханан і Пелая тлумачили людям Закон.",
        "8": "Вони виразно читали з Книги Божого Закону, пояснюючи його значення, аби прочитане можна було зрозуміти.",
        "9": "Слухаючи слова Закону, всі люди плакали, тому намісник Неємія, священик і книжник Ездра, а також левіти, котрі тлумачили людям, сказали всьому народові: Цей день – святий для Господа, вашого Бога! Не плачте і не сумуйте!",
        "10": "Далі вони сказали людям: Йдіть, їжте ситні страви, пийте солодке і поділіться частиною з тими, в кого нічого немає, адже це святий день нашого Господа! І не сумуйте, тому що в Господній радості – ваша сила!",
        "11": "Левіти також заспокоювали людей, вмовляючи: Вгамуйтесь, адже це святий день, і не засмучуйтесь!",
        "12": "Після того весь народ розійшовся, аби їсти, пити, й ділитись з іншими та веселились, оскільки зрозуміли слова, які їм пояснили.",
        "13": "Наступного дня зібрались глави батьківських родин усього народу, а також священики та левіти до книжника Ездри, щоб він докладно пояснив їм слова Закону.",
        "14": "Вони дослідили, що в Законі, який заповів Господь через Мойсея, є постанова, щоб Ізраїльтяни під час свята в сьомому місяці мешкали в наметах.",
        "15": "Тож вони мали оголосити, сповіщаючи в усіх їхніх містах та в Єрусалимі, такі слова: Вийдіть у гори, і принесіть звідти галуззя садової оливки, і галузки дикої оливки, миртове і пальмове галуззя та галузки інших густолистих дерев, аби влаштувати з них намети у відповідності з написаним!",
        "16": "Отже, люди так і зробили, – всі вони принесли й зробили собі намети, влаштувавши їх чи то на своєму даху, чи на своєму подвір’ї, а то й у дворах Божого Храму, на майдані неподалік Водяної Брами, а також на майдані біля Єфремової Брами.",
        "17": "Отже, вся громада, – всі, що повернулись із полону, – влаштували собі намети й мешкали в тих наметах, чого Ізраїльтяни не робили з часу Ісуса, сина Навина, аж до цього дня. Це була дуже велика радість.",
        "18": "Щодня вони слухали прочитане з Книги Божого Закону, – від першого і аж до останнього дня. Свято справляли протягом семи днів, а восьмого дня, згідно з постановою, відбулось урочисте зібрання."
    },
    "9": {
        "1": "Двадцять четвертого дня того ж (сьомого) місяця, оголосивши піст, Ізраїльтяни зібрались, одягнулись у веретище й посипали попелом голови.",
        "2": "Це означало, що нащадки Ізраїльтян нарешті відокремились від усіх чужоземних народів. Вони стояли, визнаючи свої гріхи та беззаконня своїх батьків.",
        "3": "Тож чверть дня, стоячи на своїх місцях, вони читали Книгу Закону Господа, свого Бога; а другу чверть дня, визнаючи гріхи, вони поклонялись Господу, своєму Богові.",
        "4": "Стоячи на підвищенні, левіти: Ісус, Баній, Кадміїл, Шеванія, Бунні, Шеревія, інший Баній та Хенані, голосно волали до Господа, свого Бога.",
        "5": "Потім левіти – Ісус, Кадміїл, Баній, Хашавнія, Ходія, Шеванія і Петахія сказали: Встаньте, віддайте славу Господу, вашому Богові від віку й до віку! Нехай благословляють Ім’я Твоєї слави, і нехай воно буде звеличене понад усяке благословення і славу!",
        "6": "Ти єдиний є Господом! Ти створив небеса й небеса небес і все їхнє воїнство ( зорі ), а також землю і все, що на ній, моря і все, що в них. Ти всьому цьому даєш життя, а небесне воїнство Тобі поклоняється.",
        "7": "Це Ти, Господи, є Тим Богом, Котрий обрав Аврама, і вивів його з Уру Халдейського, і дав йому ім’я Авраам.",
        "8": "А коли Ти переконався, що його серце щире перед Тобою, то уклав з ним Заповіт, що даси йому і його нащадкам землю ханаанців, хеттейців, аморейців, періззейців, євусейців, гіргашейців. І Ти дотримався Свого слова, бо Ти є справедливим.",
        "9": "Ти побачив пригноблення наших прабатьків у Єгипті, й Ти почув їхній зойк біля Червоного Моря.",
        "10": "Ти виявив ознаки й чудеса на фараонові, на всіх його слугах і на всьому народі його краю, адже Ти знав, як зухвало та зарозуміло вони з ними поводяться, – тоді Ти учинив славним Своє Ім’я аж по сьогодні.",
        "11": "Ти розділив перед ними море, й вони пройшли посеред моря, як по сухій землі, а тих, котрі їх переслідували, Ти кинув у глибочінь, наче камінь у бурхливі води.",
        "12": "Ти провадив їх удень хмарним стовпом, а вночі стовпом вогненним, освітлюючи їм дорогу, якою вони йшли.",
        "13": "Ти зійшов на гору Сінай і розмовляв із ними з небес; Ти дав їм справедливі суди, незмінні закони, добрі постанови й Заповіді.",
        "14": "Ти оголосив їм Свою святу суботу; Ти дав їм Заповіді, постанови та закон через Свого слугу Мойсея.",
        "15": "Коли вони були голодні, Ти дав їм хліб з неба, а коли відчували спрагу, Ти вивів їм зі скелі воду. Ти їм наказав увійти й успадкувати край, щодо якого Ти, піднявши Свою руку присягнув дати їм.",
        "16": "Але вони, наші батьки, повелися зухвало, стали тугошиїми, й не прислухались до Твоїх Заповідей.",
        "17": "Виявляючи впертість і непослух, вони забули про Твої чудеса, які Ти вчинив серед них, і в своїй запеклій зарозумілості збунтувались, обрали собі ватажка, щоби повернутись назад у єгипетське рабство. Але Ти є прощаючим Богом, милосердним і співчутливим, довготерпеливим і добрим, так що Ти їх не залишив.",
        "18": "Навіть тоді, коли вони зробили собі литого тельця й говорили: Це – твій бог, Ізраїлю, який вивів тебе з Єгипту, – чим учинили страшне блюзнірство, –",
        "19": "Ти у Своєму великому милосерді не залишив їх у пустелі й не позбавив їх хмарного стовпа вдень, щоб вести їх дорогою, ані вогненного стовпа вночі, який освітлював їм шлях, яким мали рухатись.",
        "20": "Більше того, Ти дав їм Свого доброго Духа, аби їх повчати, й манни Твоєї Ти їх не позбавив, а коли потерпали від спраги, Ти давав їм воду.",
        "21": "Протягом сорока років Ти їх годував у пустелі, так що їм нічого не бракувало. Одяг їхній не зношувався, їхні ноги не опухали.",
        "22": "Ти давав їм царства й народи, які Ти їм підкоряв поступово. Так вони оволоділи краєм хешбонського царя Сіхона, а також краєм башанського царя Оґа.",
        "23": "Ти намножив їхніх нащадків, як зірок небесних, і впровадив їх у край, який Ти обіцяв їхнім батькам, що вони туди увійдуть і його успадкують.",
        "24": "Їхні нащадки прийшли туди й заволоділи тим краєм. Ти впокорив перед ними мешканців того краю, ханаанців, видавши їм у руки їхніх царів та народи краю, аби чинили з ними за своєю волею.",
        "25": "Захопивши укріплені міста та врожайну землю, вони заволоділи домами, повними всякого добра, висіченими в скелі криницями, виноградниками, оливковими садами й різними плодовими деревами у великій кількості. Отже, вони їли, насичувались, товстіли, насолоджуючись Твоєю великою добротою.",
        "26": "Проте з часом вони стали впертими й збунтувалися проти Тебе, занедбали Твій Закон, як непотрібний, та вбивали Твоїх пророків, котрі свідчили між ними, аби навернути їх до Тебе; вони припускались великого блюзнірства.",
        "27": "Тому Ти видав їх у руки їхніх ворогів, які їх пригноблювали. Але під час свого утиску вони знову волали до Тебе, й Ти вислуховував з Твоїх небес, і в Своєму великому милосерді Ти давав їм визволителів, які їх рятували з рук їхніх ворогів.",
        "28": "Але коли наступав спокій, то вони знову починали творити зло перед Тобою. Тому Ти віддавав їх у руки їхніх ворогів, котрі їх пригноблювали. Тоді вони знову волали до Тебе, й Ти знову вислуховував їх на небесах, і в Своєму великому милосерді рятував їх багато разів.",
        "29": "Отже, Ти їх попереджував, аби навернути їх до Свого Закону, але в своїй зухвалості вони не дотримувались Твоїх Заповідей, і грішили проти Твого судочинства, дотримуючись якого, людина мала би жити ним. Бунтуючись, вони повертались до нього спинами, залишаючись тугошиїми й неслухняними.",
        "30": "Багато років через Своїх пророків, натхненних Твоїм Духом, Ти терпляче застерігав їх, але вони не слухали, й тоді Ти видавав їх у руки чужоземних народів.",
        "31": "Однак, у Своєму великому милосерді Ти остаточно їх не знищував і не залишав їх, адже Ти є милосердним і милуючим Богом.",
        "32": "Тож тепер, Боже наш, Боже великий, могутній і грізний, Котрий дотримується Свого Заповіту і милосердя, не вважай незначними в своїх очах всі ті страждання, які спіткали нас: наших царів, наших можновладців, наших священиків і наших пророків, наших батьків і весь Твій народ із часу ассирійських царів і до сьогодні.",
        "33": "Безперечно, Ти справедливий в усьому, що нас спіткало, адже Ти дотримувався вірності, тоді як ми грішили, –",
        "34": "наші царі, наші можновладці, наші священики й наші батьки, – не дотримуючись Твого Закону і не зважаючи на Твої Заповіді й Твої застереження, які Ти їм провіщав.",
        "35": "Адже навіть коли вони ще були у власній країні й користувались отриманим від Тебе великим добробутом на просторій і врожайній землі, якою Ти їх наділив, вони не служили Тобі належним чином й не залишили своїх злочинів.",
        "36": "І от ми тепер є невільниками на землі, яку Ти дав нашим батькам, щоб споживати її плоди та користуватись її добробутом, оскільки ми стали рабами.",
        "37": "Весь щедрий врожай землі тепер належить царям, яких Ти поставив над нами за наші гріхи. Вони владарюють навіть над нашими тілами та нашою худобою, як їм заманеться, тоді як ми у великому утиску."
    },
    "10": {
        "1": "У зв’язку з усім цим ми складаємо письмову запоруку, яку скріплюють своїми печатками всі наші можновладці, наші священики й наші левіти.",
        "2": "Ось ті, котрі поставили печатки. Намісник Неємія, син Хакалії та Седекія.",
        "3": "Далі: Серая, Азарія та Єремія;",
        "4": "Пашхур, Амарія та Малкія;",
        "5": "Хаттуш, Шеванія та Маллух;",
        "6": "Харім, Меремот і Овадія;",
        "7": "Даниїл, Ґіннетон і Барух;",
        "8": "Меуллам, Авія та Міямін;",
        "9": "Маазія, Білґай та Шемая, – це всі священики.",
        "10": "Далі йдуть левіти. Ісус, син Азанії, Біннуй із Хенададових нащадків і Кадміїл,",
        "11": "а також їхні брати – Шеванія, Ходія, Келіта, Пелая та Ханан;",
        "12": "Міха, Рехов і Хашавія;",
        "13": "Заккур, Шеревія та Шеванія;",
        "14": "Годія, Бані та Беніну.",
        "15": "Далі начальники народу. Парош, Пахат-Моав, Елам, Затту та Бані;",
        "16": "Бунні, Азґад і Бебай;",
        "17": "Адонія, Біґвай та Адін;",
        "18": "Атер, Єзекія та Аззур;",
        "19": "Ходія, Хашум і Бецай;",
        "20": "Харіф, Анатот і Невай;",
        "21": "Маґпіяш, Мешуллам і Хезір;",
        "22": "Мешезавел, Садок і Яддуя;",
        "23": "Пелатія, Ханан і Аная;",
        "24": "Осія, Хананія та Хашшув;",
        "25": "Галлохеш, Пілха та Шовек;",
        "26": "Рехум, Хашавна та Маасея;",
        "27": "Ахія, Ханан і Анан;",
        "28": "Маллух, Харім і Баана.",
        "29": "Всі інші з народу, – священики, левіти, придверники, співаки, слуги Храму, – ті, котрі відокремились від чужоземних народів і приєднались до Божого Закону, разом зі своїми дружинами, своїми синами, своїми дочками, здатними все зрозуміти,",
        "30": "прилучилися до своїх братів та до своїх начальників, присягнувши з обітницею, що будуть дотримуватись Божого Закону, даного за посередництвом Божого слуги Мойсея, зберігаючи й виконуючи всі Заповіді Господа нашого Бога, Його присуди та Його постанови,",
        "31": "і не видаватимуть своїх дочок за дружин іншим народам землі, а їхніх дочок не братимуть за дружин для своїх синів.",
        "32": "І якщо народи краю привозитимуть у суботній день на продаж якісь товари чи різні харчі, то ми не будемо в них купувати ні в суботу, ні в інші святкові дні. Крім того, кожного сьомого року не будемо обробляти землю і будемо дарувати боржникам їхні борги.",
        "33": "Беремо також на себе зобов’язання щороку давати третину шекля на служіння в Храмі нашого Бога, зокрема,",
        "34": "на Виставні хліби, та на щоденну хлібну жертву, а також на постійні всепалення по суботах; на жертви новомісяччя й свята, та святі урочистості; на жертви за гріх задля викуплення Ізраїлю, та на інші потреби Храму нашого Бога.",
        "35": "Ми, – священики, левіти та народ, – жеребкуванням вирішили, хто буде доставляти дрова в Храм нашого Бога, аби підтримувати вогонь на жертовнику Господа, нашого Бога, як записано в Законі, – почергово кожна родина, в призначений для неї час із року в рік.",
        "36": "Ми також зобов’язались щорічно приносити первоплоди врожаю нашої землі та перші плоди з кожного дерева в Господній Храм;",
        "37": "приводити первістків, наших синів, у Храм нашого Бога, а також приносити священикам, котрі служать у Храмі нашого Бога, первородних з наших стад і з наших отар, як написано в Законі.",
        "38": "Так само і найперше наше тісто з нового врожаю, й найперші плоди кожного дерева, вина й олії будемо постачати священикам у комори Храму нашого Бога, а також з врожаїв нашої землі будемо давати десятину для левітів. Адже саме левіти й збиратимуть десятину в усіх хліборобських місцевостях.",
        "39": "Разом з левітами, коли вони збиратимуть десятину, буде священик, нащадок Аарона, а левіти принесуть десятину з десятини в Храм нашого Бога, – в комори храмової скарбниці.",
        "40": "Адже нащадки Ізраїля та нащадки Левія приноситимуть у ті комори й свої власні приношення з зерна, вина та олії. Там також зберігатиметься все начиння Святилища, яке потрібне для служіння священикам, придверникам і співакам. Тож не занедбуймо Храму нашого Бога."
    },
    "11": {
        "1": "Можновладці народу замешкали в Єрусалимі, а всі інші люди були визначені жеребкуванням, за яким один з десяти поселиться в святому місті Єрусалимі, а дев’ять – в інших місцевостях.",
        "2": "Потім народ поблагословив усіх чоловіків, котрі добровільно погодились мешкати в Єрусалимі.",
        "3": "Ось можновладці краю, котрі поселилися в Єрусалимі, – хоч і в містах Юдеї продовжували проживати Ізраїльтяни, – священики, левіти, храмові слуги ( нетініми ) та нащадки слуг Соломона, – котрі в тих поселеннях мали свої володіння.",
        "4": "В Єрусалимі переважно селилися нащадки Юди та нащадки Веніяміна. Із нащадків Юди: Атая, син Уззії, сина Захарії, сина Амарії, сина Шефатії, сина Махалалела та дехто з нащадків Переца.",
        "5": "Також Маасея, син Баруха, сина Кол-Хозе, сина Хазаії, сина Адаї, сина Йояріва, сина Захарії, сина Шілоні.",
        "6": "Усіх Перецових нащадків, що мешкали в Єрусалимі, було чотириста шістдесят вісім хоробрих мужів.",
        "7": "А ось нащадки Веніяміна: Саллу, син Мешуллама, сина Йоеда, сина Педаї, сина Колаї, сина Маасеї, сина Ітіїла, сина Ісаї.",
        "8": "І ще Ґаббай та Саллай – усього дев’ятсот двадцять вісім.",
        "9": "Начальником над ними був Йоіл, син Зіхрі, а другим над містом був Юда, син Гассенуї.",
        "10": "Зі священиків був Єдая, син Йояріва, Якін і",
        "11": "Серая, син Хілкії, сина Мешуллама, сина Садока, сина Мерайота, сина Ахітува, – управитель Божого Храму,",
        "12": "та його брати, котрі звершували служіння в Храмі, – всього вісімсот двадцять два. Далі Адая, син Єрохама, сина Пелалії, сина Амції, сина Захарії, син Пашхура, сина Малкії,",
        "13": "зі своїми братами, главами батьківських родин, – всього двісті сорок два. Далі Амацесай, син Азарела, сина Ахзая, сина Мешіллемота, син Іммера, –",
        "14": "разом із його братами сто двадцять вісім хоробрих воїнів. Начальником над ними був Завдіїл, син Гаґґедоліма.",
        "15": "Далі левіти. Шемая, син Хашува, сина Азрікама, сина Хашавії, сина Буннії.",
        "16": "Шаббетай та Йозавад, – головні левіти, – були відповідальні за справи зовні Божого Храму.",
        "17": "Маттанія, син Міхи, сина Завдії, сина Асафа, був керівником співу прославлення та молитви. Другим серед своїх братів був Бакббукія, за ним Авда, син Шаммуї, онук Ґалала, правнук Єдутуна.",
        "18": "Всіх левітів у святому місті було двісті вісімдесят чотири.",
        "19": "Далі придверники. Аккув, Талмон, а також їхні брати, що сторожували біля брам, – сто сімдесят два.",
        "20": "А всі інші Ізраїльтяни, священики й левіти мешкали по всіх Юдейських містах, – кожен у своєму спадковому наділі.",
        "21": "Слуги Храму мешкали на пагорбі Офел. Їхніми керівниками були Ціха й Ґішпа.",
        "22": "Начальником левітів у Єрусалимі був Уззій, син Бані, онук Хашавії, правнук Маттанії, праправнук Міхи, – один із нащадків Асафа, котрі співали під час служіння в Божому Храмі.",
        "23": "Адже щодо них була особлива царська постанова, в якій все було докладно сказано про співців на кожний день.",
        "24": "А Петахія, син Мешезавела, нащадок Зераха, сина Юди, був довіреним царя щодо різних справ народу.",
        "25": "Що ж до поселень з полями, то там також мешкала частина Юдеїв, зокрема, в Кір’ят-Арбі та його околицях; в Дівоні та його околицях; в Єкавцеїлі та його околицях.",
        "26": "Також в Єшуї, в Моладі, в Бет-Пелеті;",
        "27": "в Хасар-Шуалі, у Вірсавії та в їхніх околицях;",
        "28": "у Ціклазі, та в Мехоні з їхніми околицями;",
        "29": "в Ен-Рімоні, Цорі та Ярмуті;",
        "30": "в Заноаху й Адулламі та в їхніх околицях; в Лахіші з його полями; в Азеку та його околицях. Вони селились в усіх поселеннях – від Вірсавії до самої долини Гінном.",
        "31": "Нащадки Веніяміна мешкали в Ґіві, Міхмасі, Аї, Бетелі та в прилежних до них поселеннях;",
        "32": "в Анатоті, Нові та Ананії;",
        "33": "в Хацорі, Рамі та Ґіттаїмі;",
        "34": "в Хадіді, Цевоїмі та Неваллаті;",
        "35": "в Лоді, Оно й у Долині Ремісників.",
        "36": "Окремі групи левітів прилучились до нащадків Юди та Веніяміна."
    },
    "12": {
        "1": "А ось священики та левіти, які повернулися з Зоровавелем, сином Шеалтіїла, та Ісусом: Серая, Єремія та Ездра;",
        "2": "Амарія, Маллух і Хаттуш;",
        "3": "Шеханія, Рехум і Меремот;",
        "4": "Іддо, Ґіннетой та Авія;",
        "5": "Міямін, Маадія та Білґа;",
        "6": "Шемая, Йоярів і Єдая;",
        "7": "Саллу, Амок, Хілкія та Єдая. Вони були начальниками священиків і їхніх братів за часів Ісуса.",
        "8": "Далі йдуть такі левіти, як Ісус, Біннуй, Кадміїл, Шеревія, Юда та Маттанія. Маттанія та його брати керували співом хвалебних пісень у Храмі.",
        "9": "Бакбукія та Унні зі своїми братами стояли навпроти них, співаючи почергово та вторячи їм.",
        "10": "Від Ісуса народився Йоякім, Йоякім породив Еліяшіва, а Еліяшів – Йояду;",
        "11": "Йояда породив Йонатана, а Йонатан породив Яддуя.",
        "12": "За днів Йоякіма главами батьківських родин були такі священики. В родині Сераї – Мерая, в родині Єремії – Хананія,",
        "13": "в родині Ездри – Мешуллам, в родині Амарії – Єгоханан,",
        "14": "в родині Меліха – Йонатан, в родині Шеванії – Йосиф,",
        "15": "в родині Харіма – Адна, в родині Мерайота – Хелкай,",
        "16": "в родині Іддо – Захарія, в родині Ґіннетона – Мешуллам,",
        "17": "в родині Авії – Зіхрі, в родині Мініяміна та Моадії – Пілтай,",
        "18": "в родині Білґи – Шаммуа, в родині Шемаї – Йонатан,",
        "19": "в родині Йояріва – Маттенай, в родині Єдаї – Уззі,",
        "20": "в родині Саллаї – Каллай, в родині Амока – Евер,",
        "21": "в родині Хілкії – Хашавія, в родині Єдаї – Натанаїл.",
        "22": "Стосовно левітів, то за часів Еліяшіва, Йояди, Йоханана та Яддуї велись записи глав їхніх батьківських родин, як і священицьких аж до владарювання перського царя Дарія.",
        "23": "Нащадки Левія, глави батьківських родин, записані в Книзі Літопису аж до часів Йоханана, сина Еліяшіва.",
        "24": "Глави левітських родин: Хашавія, Шеревія, Ісус, син Кадміїла та їхні співбрати, стояли навпроти під час виконання почергово гімну хваління за постановою Божого чоловіка Давида.",
        "25": "Далі Меттанія, Бакбукія, Овадія, Мешуллам, Талмон, Аккув, – придверні вартові, які сторожували біля складів брами.",
        "26": "Так було в часи Йоякіма, сина Ісуса, онука Йоседека, та в період намісника Неемії, коли книжник Ездра був священиком.",
        "27": "Для посвячення єрусалимських стін скликали левітів з усіх поселень, де вони проживали, аби вони прибули в Єрусалим, щоб з радістю здійснити посвячення, з подячними співами, в супроводі цимбалів та арф.",
        "28": "Отже, зібрались нащадки співаків з навколишніх поселень Єрусалима, а також з поселень нетофатійських, зокрема:",
        "29": "з Бет-Ґілґала, з полів Гіви та Азмавета, оскільки співаки будували свої поселення довкола Єрусалима.",
        "30": "Священики та левіти спочатку освятилися самі, після чого освятили народ, брами та стіну.",
        "31": "Тоді я вивів Юдейських проводирів на стіну, й організував дві великі хорові процесії. Одна процесія на чолі з хором, з подячним співом направилась по стіні праворуч, до Смітникової Брами.",
        "32": "За нею йшли Гошая і половина Юдейських проводирів, зокрема:",
        "33": "Азарія, Ездра, Мешуллам,",
        "34": "Юда, Веніямін, Шемайя та Єремія.",
        "35": "А далі частина нащадків священиків з трубами: Захарія, син Йонатана, сина Шемайі, сина Маттанії, сина Міхея, сина Заккура, син Асафа",
        "36": "і його ( Захарії ) співбрати – Шемайя, Азарел, Мілалай, Ґілалай, Маай, Нетанел, Юда та Хананій, з музичними інструментами Божого чоловіка Давида. Попереду всіх йшов книжник Ездра.",
        "37": "Оминувши Джерельну Браму, вони піднялись сходами Міста Давида, та підйомом стіни навпроти палацу Давида, і далі до Водяної Брами зі сходу.",
        "38": "Друга процесія так само з подячним співом хору, за яким йшов і я разом з другою половиною проводирів народу, пішла наліво вздовж стіни біля Башти Печей, і аж до Широкої Стіни,",
        "39": "повз Браму Єфрема, та Староміську Браму, й Рибну Браму, Башту Хананела, та Башту Сотні, й аж до Овечої Брами. Процесія зупинилась біля В’язничної Брами.",
        "40": "Далі обидві процесії зі співом підійшли до Божого Храму. Туди прибув і я з половиною проводирів народу,",
        "41": "а також священики, – Еліяким, Маасея, Мініямін, Міхей, Еліоенай, Захарія, Хананія, – всі з трубами, та",
        "42": "Маасея, Шемая, Елеазар, Уззі, Єгоханан, Малкія, Елам й Езер. Співці ж голосно співали під керівництвом Їзрахії.",
        "43": "Того дня Ізраїльтяни принесли велику кількість жертв. Всі веселились, усвідомлюючи, що цю велику радість дав Бог. Веселились також усі жінки та діти, так що ті вигуки радості було чути далеко за межами Єрусалима.",
        "44": "В той же день були призначені мужі, відповідальні за комори та скарбниці для дарів, первоплодів і десятин, аби туди збирати з полів різних міст встановлені законом частки, призначені священикам й левітам, – адже Юдеям було приємно бачити, як священики й левіти встали,",
        "45": "щоб віддано служити своєму Богові, звершуючи служіння очищення, як і співаки й придверні, що було встановлено Давидом і його сином Соломоном.",
        "46": "Адже ще в часи Давида та Асафа були призначені керівники співаків і виконувались пісні хвали та подяки Богові.",
        "47": "Тож увесь Ізраїль, – як в часи Зоровавеля так і Неемії, – щоденно постачав певну частку співцям і придверникам, а також відділяв священну частину левітам, а левіти відділяли від неї священну частину священикам, нащадкам Аарона."
    },
    "13": {
        "1": "Того дня читали вголос для всього народу з книги Мойсея, де було, зокрема написано, що ні аммонійці, ні моавійці повіки не ввійдуть у Божу громаду,",
        "2": "оскільки вони не зустріли Ізраїльтян з хлібом і водою, а найняли проти них Валаама, щоби той їх прокляв. Проте наш Бог обернув прокляття в благословення!",
        "3": "Тепер же так сталося, що, почувши ту постанову, вони відлучили від Ізраїлю всіх чужоземців.",
        "4": "Перед тим священик Еліяшів, призначений наглядачем над кімнатами Храму нашого Бога, близький родич Товії,",
        "5": "облаштував для Товії велику кімнату, де раніше зберігались хлібні дари, ладан, посуд, десятина зерном, вином та олією, що згідно з законом, належало левітам, співакам і придверникам, а також дари для священиків.",
        "6": "Коли все це відбувалось, мене в Єрусалимі не було, оскільки в тридцять другому році вавилонського царя Артаксеркса я повернувся до царя. Згодом я попросив у царя дозволу",
        "7": "й повернувся в Єрусалим. Тут я довідався про злочин, який учинив Еліяшів, виділивши Товії кімнату на території Божого Храму.",
        "8": "Мене це дуже обурило, тому я повикидав усі речі Товії геть з приміщення.",
        "9": "За моїм наказом, після очищення цієї кімнати, туди повернули начиння Божого Храму, хлібні дари та ладан.",
        "10": "Мене також повідомили про те, що левітам не видавали належної їм частки, через що левіти та співаки, призначені на служіння, повтікали, – кожен повернувся у своє володіння.",
        "11": "Я докорив проводирям, сказавши: Чому Божий Храм занедбаний? Зібравши тих, котрі пішли, я поставив кожного виконувати його обов’язки.",
        "12": "Після того всі Юдеї принесли в комори десятину з врожаю зерна, вина та олії.",
        "13": "Відповідальними над складами та коморами я призначив священика Шелемію, писаря Садока й левіта Педаю, а на допомогу їм дав Ханана, сина Заккура, онука Маттанії, оскільки вони вважались доброчесними. В їхні обов’язки входило видавати належну частку своїм співбратам.",
        "14": "Пам’ятай же, мій Боже, про те, що я зробив, і не забудь моїх добродійств, які я учинив для Храму мого Господа Бога та служіння в ньому.",
        "15": "У той час я також зауважив, що в Юдеї в суботу топчуть у чавильнях виноград, возять снопи, навантажуючи зерном ослів; перевозять ними також вино, виноград, фіги та інші вантажі, доставляючи їх суботнього дня в Єрусалим, і торгуючи всім цим. У той же день я їх застеріг, аби цього більше не робили.",
        "16": "Мешкали там також тирійці, котрі в суботу привозили на продаж Юдеям у Єрусалимі рибу та інші товари.",
        "17": "Тому я докорив знатних Юдеїв, говорячи: Чому ви допускаєте таке беззаконня, опоганюючи суботній день?",
        "18": "Хіба не так чинили наші батьки, через що наш Бог спровадив на нас і на це місто всі ті нещастя?! Ви ж, опоганюючи суботу, накликаєте на Ізраїль ще більший Його гнів.",
        "19": "Після цього я наказав, аби напередодні суботи, – щойно починало навколо єрусалимських брам сутеніти, – брами зачиняли. Більше того, я звелів, брами замкнути, і не відкривати до самого закінчення суботи. Я навіть поставив біля брам кілька своїх слуг з наказом: У суботній день не повинен пройти в місто жоден вантаж!",
        "20": "Через те торгівці та продавці різних товарів не раз і не два ночували поза Єрусалимом.",
        "21": "Проте я заборонив їм, пригрозивши: Чому ви ночуєте перед стінами міста? Якщо ще раз це зробите, то я застосую проти вас силу! З того часу вони в суботу не приходили.",
        "22": "Потім я наказав левітам, аби вони освятились і самі приходили стерегти брами, аби таким чином зберегти святість суботнього дня. Тож і це пам’ятай щодо мене, мій Боже, і змилуйся наді мною за Твоїм великим милосердям!",
        "23": "Тоді ж я зауважив юдеїв, які взяли собі за дружин жінок із Ашдода, Аммону та Моаву,",
        "24": "через що половина їхніх дітей розмовляли ашдодською мовою і не знали юдейської мови, а лише мови інших народів.",
        "25": "Я їх суворо докоряв і навіть проклинав, – траплялось, що деяких чоловіків навіть бив і, смикаючи за волосся, закликав заприсягтися Богом, що не видаватимуть своїх дочок за дружин синам тих народів, і не братимуть з їхніх дочок за дружин своїм синам.",
        "26": "Хіба не це стало причиною гріха Ізраїльського царя Соломона? Хоч серед численних народів не було подібного до нього царя! Він був Божим улюбленцем, і Бог поставив його царем над усім Ізраїлем. Однак його ввели в гріх чужоземні жінки!",
        "27": "Невже ми маємо слухати і про вас, що ви чините той самий злочин віроломства проти нашого Бога, беручи чужоземних дружин?",
        "28": "А коли один із синів первосвященика Йояди, сина Еліяшіва, став зятем хоронійця Санваллата, то я прогнав його від себе.",
        "29": "Пригадай їм, мій Боже, адже вони опоганили священство і Твій Заповіт щодо служіння священиків і левітів!",
        "30": "Отже, я їх очистив від усього чужоземного, і знову встановив черговість служіння як для священиків, так і для левітів, – кожному займатись належною до нього справою.",
        "31": "Сюди входила й доставка в назначений час дров і принесення первоплодів. Пам’ятай про мене, мій Боже, мені на добро!"
    }
}