{
    "1": {
        "1": "Було Господнє слово до Йони, Аміттаєвого сина, такого змісту:",
        "2": "Вставай і йди до великого міста Ніневії і проповідуй проти нього, тому що злочини цього міста піднялися до Мене.",
        "3": "Йона встав, але подався до Яффи, аби звідти втекти від Господа до Таршішу. Там він знайшов корабель, який мав плисти до Таршішу, і, заплативши за переправу, піднявся на борт судна, щоб плисти на ньому від Господа до Таршішу.",
        "4": "Та Господь здійняв на морі сильний вітер, – почався на морі великий шторм, – здавалося, що кораблю загрожує катастрофа.",
        "5": "Моряків охопив жах, тому кожен почав голосити до свого бога, – а щоб полегшити корабель, викинули в море весь вантаж. Що ж до Йони, то він спустився в трюм корабля, ліг і міцно заснув.",
        "6": "Тоді підійшов до нього капітан корабля і, розбудивши, сказав йому: Чому ти спиш? Устань, та волай до свого Бога! Може Бог згадає про нас, і ми не загинемо!?",
        "7": "І сказали вони один одному: Давайте кинемо жереб, аби довідатись, через кого спіткало нас це лихо. Тож кинули вони жереб, і жереб упав на Йону.",
        "8": "Тоді спитали його: Скажи нам, чому трапилось з нами це нещастя? Яке твоє ремесло? Звідкіля ти подорожуєш, з якої ти країни і з якого народу ти походиш?",
        "9": "Він їм відповів: Я єврей і вшановую Господа, Бога небес, Котрий створив і море, і сушу.",
        "10": "Ці люди дуже злякалися і запитали його: Що ти таке натворив? Адже ці мужі зрозуміли, що він втікає від Господа, тому що він сам сказав їм про це.",
        "11": "Що маємо зробити з тобою, – запитали вони його, – аби море навколо нас заспокоїлось? А тим часом море, здіймаючи хвилі, лютувало все більше.",
        "12": "Тоді він сказав їм: Візьміть та киньте мене в море, і море навколо вас заспокоїться. Адже я знаю, що це через мене на вас накинулась ця велика буря.",
        "13": "Але моряки налягли на весла, намагаючись дістатись берега, проте всі їхні зусилля були марними, оскільки шторм і далі посилювався.",
        "14": "У відчаї вони заволали до Господа, говорячи: О, Господи, не допусти, щоб ми загинули, позбавивши життя цього чоловіка, не карай нас за невинну кров. Адже Ти, Господи, чиниш за Своєю волею.",
        "15": "Після цього, взявши Йону, вони викинули його в море, – і хвилювання моря припинилося.",
        "16": "Цих мужів охопив великий страх перед Господом. Вони принесли Господу жертви й склали обітниці."
    },
    "2": {
        "1": "Господь приготував велику рибу, щоб вона проковтнула Йону. У череві риби Йона пробув три дні й три ночі.",
        "2": "І молився Йона у череві риби до Господа, свого Бога,",
        "3": "промовляючи: У скруті моїй заволав я до Господа, і Він мені відповів! З глибини шеолу я кричав, і Ти почув мій голос.",
        "4": "Ти мене кинув у безодню, в саме серце моря, і води мене огорнули. Всі Твої грізні буруни ( цунамі ) й Твої хвилі прокотились наді мною.",
        "5": "І я подумав: Я вигнаний з-перед Твоїх очей. Як же я зможу знову побачити Твій святий Храм?",
        "6": "Води оточили мене, і я ледве живий, – навколо мене вирує пучина, і морська рослинність обвиває мою голову.",
        "7": "Я зійшов до основ гір, земля своїми засувами замкнула мене навіки, але Ти, Господи, мій Боже, живим підіймеш мене з прірви.",
        "8": "Коли завмирало в мені моє життя, я згадував Господа, і моя молитва до Тебе піднімалась, – до святого Твого Храму.",
        "9": "Хто вшановує оманливих нікчемних ідолів, той зневажає Милосердного Бога.",
        "10": "Я ж прагну принести Тобі жертву голосного хваління, і всі свої молитовні обітниці я виконаю! Від Господа спасіння!",
        "11": "Тоді Господь наказав рибі, і та вивергнула Йону на суходіл."
    },
    "3": {
        "1": "Після того до Йони вдруге було Господнє слово, такого змісту:",
        "2": "Встань і йди у велике місто Ніневію і провіщай у ньому застереження, яке Я тобі доручив!",
        "3": "Цього разу Йона встав і за Господнім наказом пішов до Ніневії. Ніневія ж вважалась у Бога великим містом, – на три дні ходи.",
        "4": "І почав Йона ходити вулицями міста, скільки можна було пройти за один день, і, проповідуючи, говорив: Через сорок днів Ніневія буде зруйнована!",
        "5": "Ніневітяни повірили Богові, – від найстаршого й до найменшого, – оголосили піст і одяглись у веретища.",
        "6": "Ця вістка дійшла до царя Ніневії. Він устав зі свого трону, зняв із себе свою царську мантію, одягнувся у веретище й сів посеред попелу.",
        "7": "Він звелів оголосити в Ніневії постанову царя і його вельмож, наказуючи: Жодна людина і жодна тварина, воли й вівці, не повинні нічого їсти, не пастися і не пити води!",
        "8": "Нехай буде веретище на людях і худобі, й нехай щиро волають до Бога. Хай кожен відвернеться від своєї лихої дороги та від беззаконних учинків своїх рук.",
        "9": "Хто знає, може якраз Бог зглянеться і відверне від нас Свій палкий гнів та обурення, – і ми не загинемо!?",
        "10": "Коли ж Бог побачив їхні вчинки, а також те, що вони звернули зі своєї злочинної дороги, то Бог змилосердився над ними і скасував те лихо, що мав учинити, – і не допустив його."
    },
    "4": {
        "1": "Йоні це дуже не сподобалось, він обурився і розлютився.",
        "2": "Він заволав до Господа, говорячи: О, Господи, хіба ж я не говорив про це, ще коли був у своїй країні? Тому я спочатку і втікав до Таршішу, оскільки я знав, що Ти є милосердним і добрим Богом, довготерпеливим і дуже милостивим, – Ти співчуваєш, коли бачиш нещастя!",
        "3": "Тепер же, Господи, благаю, забери моє життя у мене, адже краще мені померти, аніж далі жити!",
        "4": "А Господь промовив: Хіба в тебе є підстави для такої злості?",
        "5": "Тож Йона вийшов з міста, зі східного боку міста влаштував собі курінь і сів у його тіні, – він все ж хотів побачити, що станеться з містом.",
        "6": "Щоб звільнити Йону від роздратування, Господь Бог виростив рициновий кущ, який виріс над головою Йони і давав тінь. Йона дуже зрадів появі цієї рослини.",
        "7": "Але наступного ранку Бог звелів хробакові підточити рицинову рослину, й вона засохла.",
        "8": "Сталося так, що коли зійшло сонце, Бог послав гарячий східний вітер. Сонце так припекло голову Йони, що він занеміг, і просив собі смерті, говорячи: Краще вже мені померти, ніж так жити!",
        "9": "Тоді Бог промовив до Йони: Невже тобі так прикро через рослину? Він же відповів: Так, я дуже засмучений, – аж до смерті!",
        "10": "Тоді Господь сказав: Ти жалкуєш за рослиною, над якою ти не трудився і не вирощував. Вона сама в одну ніч виросла, й в одну ніч загинула.",
        "11": "Тож хіба Я міг не змилуватись над цілим великим містом, Ніневією, в якому живе понад сто двадцять тисяч людей, котрі не вміють відрізнити своєї правиці від своєї лівиці, й чимало худоби?"
    }
}