{
    "1": {
        "1": "Павло, з Божої волі апостол Ісуса Христа, і брат Тимофій",
        "2": "до святих і вірних у Христі братів, які в Колосах: благодать вам і мир від Бога, нашого Отця, [і Господа Ісуса Христа].",
        "3": "Дякуємо Богові, Отцеві Господа нашого Ісуса Христа; завжди молимося за вас,",
        "4": "почувши про вашу віру в Ісуса Христа, про любов, яку маєте до всіх святих",
        "5": "через надію, що зберігається для вас на небесах, про яку ви раніше чули в слові істини Євангелії,",
        "6": "яка між вами пробуває, і відтоді, як ви почули та пізнали Божу благодать в істині, приносить плоди та зростає – як по всьому світі, так і у вас.",
        "7": "Цього ви навчилися від Епафраса, нашого улюбленого співраба, який є для вас вірним слугою Христа,",
        "8": "який і повідомив нас про вашу любов у Дусі.",
        "9": "Тому й ми від того дня, коли це почули, не перестаємо за вас молитися і просити, щоб ви сповнилися пізнанням Його волі в усякій мудрості й духовному розумінні;",
        "10": "щоб ви поводилися гідно Господа, аби догодити Йому в усьому, приносити плід кожною доброю справою та зростати в пізнанні Бога,",
        "11": "зміцнюючись усякою силою – за могутністю Його слави, для всякої витривалості та терпеливості. З радістю",
        "12": "дякуймо Отцеві, Який знайшов нас гідними частки у спадщині святих у світлі.",
        "13": "Він визволив нас від влади темряви та переніс до Царства Свого улюбленого Сина,",
        "14": "в Якому маємо викуплення [Його кров’ю], прощення гріхів.",
        "15": "Він – образ невидимого Бога, первородний усього творіння.",
        "16": "В Ньому створене все, що на небі й на землі, – видиме й невидиме, – чи престоли, чи панування, чи начала, чи влади, – все через Нього і для Нього створене.",
        "17": "Він – раніш усього, і все існує в Ньому.",
        "18": "Він є Головою тіла – Церкви. Він – початок, первонароджений з мертвих, щоб у всьому Він мав першість.",
        "19": "Тому що Бог уподобав, аби в Ньому перебувала вся повнота,",
        "20": "щоби через Нього примирити із Собою все, примирити кров’ю Його хреста, – і земне, і небесне.",
        "21": "І вас, які колись були відчужені, непримиренні розумом в лукавих ділах,",
        "22": "нині примирив Він смертю тіла Своєї плоті, щоби зробити вас святими, непорочними й невинними перед Собою, –",
        "23": "якщо лише перебуваєте у вірі, тверді й непохитні, утверджені в надії Радісної Звістки, яку ви почули і яка була проповідувана між усім творінням, котре є під небом, і якої я, Павло, став служителем.",
        "24": "Тепер я радію в моїх стражданнях за вас і доповнюю недостатність Христових страждань у моєму тілі задля Його тіла, яким є Церква.",
        "25": "Я став її служителем за Божим дорученням, яке було дане мені щодо вас, аби виконати Боже Слово, –",
        "26": "таємницю, заховану від віків і поколінь, а тепер відкриту Його святим.",
        "27": "Бог забажав показати їм, яке багатство слави є в цій таємниці між язичниками, – тобто Христос у вас, надія слави!",
        "28": "Його ми проповідуємо, переконуючи кожну людину й навчаючи кожну людину з усією мудрістю, аби зробити кожну людину досконалою в [Ісусі] Христі.",
        "29": "І для цього я відчайдушно працюю, борючись Його силою, яка могутньо діє в мені."
    },
    "2": {
        "1": "Хочу, щоб ви знали, яку велику боротьбу я маю за вас і за тих, хто перебуває у Лаодикії, і за всіх тих, котрі не бачили мого тілесного обличчя.",
        "2": "Хай утішаться їхні серця, з’єднавшись у любові для всього багатства повноти розуміння і для пізнання таємниці Бога [і Отця та] Христа,",
        "3": "в Якому заховані всі скарби премудрості й пізнання.",
        "4": "Кажу це, щоб ніхто вас не звів хитрими доказами.",
        "5": "Бо хоч я і далеко від вас тілом, але духом я з вами; і радію, спостерігаючи за вашим порядком і твердістю вашої віри в Христа.",
        "6": "Отже, як ви прийняли Господа Ісуса Христа, так і ходіть у Ньому;",
        "7": "будьте вкорінені й збудовані в Ньому, зміцнюйтеся вірою, як ви навчилися, переповнюючись [у Ньому] подякою.",
        "8": "Стережіться, щоб ніхто вас не звів філософією і пустим обманом людських переказів, згідно з принципами світу, а не за Христом.",
        "9": "Адже в Ньому тілесно перебуває вся повнота Божества.",
        "10": "І ви в Ньому маєте повноту. Він – Голова всякого начальства та влади.",
        "11": "В Ньому ви були обрізані нерукотворним обрізанням, скинувши в Христовому обрізанні тіло плоті.",
        "12": "Поховані з Ним через хрещення, ви воскресли разом з Ним через віру в силу Бога, Який воскресив Його з мертвих.",
        "13": "І вас, які були мертві в переступах і в «необрізанні» вашого тіла, Він оживив вас разом із Собою, простивши нам усі переступи,",
        "14": "знищивши розписку стосовно нас, яка своїми приписами була проти нас, Він забрав її з‑поміж нас і прибив до хреста.",
        "15": "Скинувши начальства і влади, Він відважно викрив їх і переміг у Собі.",
        "16": "Тому хай ніхто не судить вас за їжу чи за напій, чи за участь у святі, чи за новомісяччя, чи за суботи,",
        "17": "адже це – тінь майбутнього, а тіло – Христове.",
        "18": "Хай ніхто вас не зводить удаваною покорою і служінням ангелам, вдаючись до того, чого не бачив, безпідставно пишаючись своїм тілесним розумом,",
        "19": "не тримаючись Голови, від Якої все тіло єднається і зміцнюється суглобами та зв’язками, зростає Божим ростом.",
        "20": "Отже, якщо ви з Христом померли для принципів світу, то навіщо, подібно до тих, хто живе у світі, дотримуєтеся приписів:",
        "21": "не бери, не їж, не доторкайся?",
        "22": "Адже все це при вживанні нищиться, згідно з людськими заповідями та вченнями.",
        "23": "Воно має вигляд мудрості в самовільному служінні, в покорі, в недбалості про тіло, але не має якогось значення, – хіба що для тілесного задоволення."
    },
    "3": {
        "1": "Отже, коли ви з Христом воскресли, то шукайте горішнього – того, де Христос сидить праворуч Бога.",
        "2": "Думайте про горішнє, – не про земне.",
        "3": "Адже ви померли, і ваше життя поховане з Христом у Бозі.",
        "4": "Коли з’явиться Христос – ваше життя, тоді й ви з’явитеся з Ним у славі.",
        "5": "Тому умертвіть [ваші] земні члени: розпусту, нечистоту, пристрасть, потяг до зла і жадобу до наживи, що є ідолослужінням.",
        "6": "Через це приходить гнів Божий на неслухняних синів,",
        "7": "між якими й ви колись ходили, як жили між ними.",
        "8": "Нині ж і ви відкиньте оте все: гнів, лють, злобу, богозневагу, безсоромні слова з ваших уст.",
        "9": "Не кажіть неправди одне одному, скиньте із себе стару людину з її вчинками",
        "10": "й зодягніться в нову, яка оновлюється для пізнання образу Того, Хто її створив,",
        "11": "де немає ні грека, ні юдея, ні обрізання, ні необрізання, ні варвара, ні скіфа, ні раба, ні вільного, але все й у всьому – Христос.",
        "12": "Отже, зодягніться, як обрані Богом, святі й улюблені, у щире милосердя, доброту, покірність, лагідність, довготерпіння,",
        "13": "вибачаючи і прощаючи одне одному, коли хто проти кого має якусь скаргу. Як Христос простив вам, так само й ви робіть.",
        "14": "А понад усе – любов; вона – зв’язок досконалості.",
        "15": "Нехай перебуває у ваших серцях мир Христа, до якого ви були покликані в одному тілі, й будьте вдячні.",
        "16": "Слово Христове нехай перебуває у вас щедро, в усякій мудрості. Навчайте і застерігайте самі себе, з вдячністю співаючи Богові у своїх серцях псалми, прославлення, духовні пісні.",
        "17": "І все, що тільки робите, – словом або ділом, – усе робіть в Ім’я Господа Ісуса, дякуючи через Нього Богові Отцеві.",
        "18": "Дружини, слухайтеся своїх чоловіків, як личить у Господі.",
        "19": "Чоловіки, любіть дружин і не будьте суворі до них.",
        "20": "Діти, слухайтеся батьків у всьому, бо це до вподоби Господу.",
        "21": "Батьки, не дратуйте ваших дітей, щоб не занепадали духом.",
        "22": "Раби, слухайтесь у всьому тілесних панів, не служіть їм про людське око, як ті, хто підлещується до людей, але в простоті серця, боячись Бога.",
        "23": "Що тільки робите, робіть від душі, наче для Господа, а не для людей.",
        "24": "Знайте, що від Господа одержите нагороду – спадщину, адже служите Господу Христові!",
        "25": "А хто кривдить, той одержить за свою кривду, без огляду на особу."
    },
    "4": {
        "1": "Пани, віддайте рабам справедливе й належне, знаючи, що й ви маєте Господа на небі.",
        "2": "У молитві будьте постійні, перебуваючи в ній з подякою.",
        "3": "Моліться також і за нас, щоби Бог відчинив нам двері Слова, аби звіщати таємницю Христа, через яку я і ув’язнений,",
        "4": "щоб я відкрив її так, як мені належить звістити.",
        "5": "Поводьтеся мудро із зовнішніми, використовуючи час.",
        "6": "Слово ваше нехай завжди буде ласкаве, приправлене сіллю, щоб ви знали, як вам належить кожному відповідати.",
        "7": "Щодо мене, то все розповість вам Тихик, улюблений брат і вірний служитель та співпрацівник у Господі;",
        "8": "його я послав до вас саме для того, щоб ви довідалися про наші справи і щоби потішив ваші серця,",
        "9": "разом з Онисимом, вірним і улюбленим братом, який є з‑поміж вас. Вони вам розкажуть про все, що тут діється.",
        "10": "Вітає вас Аристарх, мій співв’язень, і Марко – родич Варнави. Щодо нього ви одержали вказівки; коли прийде до вас, то прийміть його;",
        "11": "ще й Ісус на прізвище Юст, – вони з обрізаних; це єдині співпрацівники для Царства Божого, які були мені втіхою.",
        "12": "Вітає вас Епафрас – він з ваших, – раб Ісуса Христа. Він завжди дуже піклується про вас у молитвах, щоб ви були досконалі й сповнені усією Божою волею.",
        "13": "Свідчу про нього, що дуже непокоїться про вас і про тих, які в Лаодикії та в Гієраполі.",
        "14": "Вітає вас Лука – улюблений лікар, і Димас.",
        "15": "Привітайте братів у Лаодикії, Нимфана та його домашню Церкву.",
        "16": "А коли послання буде прочитане вами, то зробіть так, щоб і в Лаодикійській Церкві воно було прочитане, а те, що з Лаодикії, прочитайте і ви.",
        "17": "І скажіть Архипові: Бережи те служіння, яке одержав у Господі, щоб ти його виконав!",
        "18": "Привітання моєю рукою, рукою Павла. Пам’ятайте про мої кайдани. Благодать – з вами. [Амінь]."
    }
}