{
    "1": {
        "1": "Pavle i Timotej, sluge Mesije Isusa, svim svetima u Mesiji Isusu koji su u Filipima, sa nadglednicima i poslužiteljima.",
        "2": "Milost vam i mir od Boga, Oca našeg i Gospoda Mesije Isusa!",
        "3": "Zahvaljujem svom Bogu svaki put kad vas se sjetim.",
        "4": "Uvijek u svakoj svojoj molitvi za sve vas sa radošću se molim",
        "5": "zbog vašeg sudjelovanja u Radosnoj vijesti od prvoga dana pa sve do sada.",
        "6": "Uvjeren sam u ovo: Onaj Koji je u vama započeo dobro djelo, dovršit će ga do Dana Mesije Isusa.",
        "7": "I pravedno je da tako razmišljam o svima vama, jer vas nosim u svom srcu, i bilo da sam u okovima ili u odbrani i utvrđivanju Radosne vijesti vi ste svi sudionici moje milosti.",
        "8": "Bog mi je svjedok da čeznem za svima vama ljubavlju Mesije Isusa.",
        "9": "I za ovo molim: da vaša ljubav raste sve više i više u dubljoj spoznaji i svakom rasuđivanju,",
        "10": "da možete procijeniti ono što je najbolje, da budete čisti i besprijekorni na Dan Mesijin,",
        "11": "ispunjeni rodom pravednosti po Mesiji Isusu, na hvalu i slavu Božiju.",
        "12": "A želim da znate, braćo, da je moje stanje još više pridonijelo napretku Radosne vijesti,",
        "13": "tako da su moji okovi u Mesiji postali poznati čitavom pretorijumu i među svima ostalima,",
        "14": "a većina braće u Gospodu ohrabrila se mojim okovima i još spremnije se usuđuju neustrašivo iznositi Riječ.",
        "15": "Istina, neki objavljuju Mesiju iz zavisti i zbog takmičenja, a neki iz dobre namjere:",
        "16": "ovi iz ljubavi, jer znaju da sam određen za odbranu Radosne vijesti,",
        "17": "a oni objavljuju Mesiju zbog suparništva, neiskreno, nadajući se da će mi tako uvećati muke u okovima.",
        "18": "Pa šta onda? Samo se na svaki način, bilo uz pretvaranje ili iskreno, objavljuje Mesija. I tome se ja radujem, a i dalje ću se radovati,",
        "19": "jer znam da će mi to biti za moje oslobođenje, po vašim molitvama i uz pomoć Duha Mesije Isusa,",
        "20": "budući da duboko čeznem i nadam se da se ni u čemu neću osramotiti, nego da će se sa svom hrabrošću – kako uvijek tako i sada – Mesija uzveličati u mom tijelu, bilo kroz život, bilo kroz smrt.",
        "21": "Moj život je Mesija, a smrt mi je dobitak.",
        "22": "Ali, ako mi je živjeti u tijelu, to za mene znači rod i trud, i ne znam šta bih izabrao.",
        "23": "Dakle, pritisnut sam sa dvije strane: imam želju otići i biti sa Mesijom, jer je to mnogo bolje,",
        "24": "ali ostati u tijelu je potrebnije zbog vas.",
        "25": "Uvjeren u to, znam da ću ostati i biti sa svima vama za vaš napredak i radost vjere,",
        "26": "da vaš ponos sa mnom poraste u Mesiji Isusu kad ponovo dođem među vas.",
        "27": "Samo se ponašajte dostojno Mesijinoj Radosnoj vijesti, da ja – bilo da dođem i vidim vas ili da u odsutnosti čujem o vama – mogu ustanoviti da čvrsto stojite u jednom duhu, i da se jednodušno, zajednički borite za vjeru Radosne vijesti,",
        "28": "te da se ni u čemu ne plašite protivnika. To je za njih dokaz njihove propasti, a za vas spasenja, i to je od Boga,",
        "29": "jer vam je udijeljeno za Mesiju, ne samo da u Njega vjerujete nego da za Njega i trpite,",
        "30": "vodeći istu borbu koju ste vidjeli kod mene, a sada čujete da je kod mene."
    },
    "2": {
        "1": "Stoga, ako ima ohrabrenja u Mesiji, ako ima ljubazne utjehe, ako ima zajedništva Duha, ako ima srca i saosjećanja,",
        "2": "učinite moju radost potpunom: budite složni, imajte istu ljubav, budite jednodušni i imajte istu misao!",
        "3": "Ne radite ništa iz suparništva niti zbog tašte slave, nego u poniznosti držite jedni druge većim od sebe.",
        "4": "Neka se niko ne brine samo za sebe, već i za druge.",
        "5": "Nek u vama bude ista misao koja je bila i u Mesiji Isusu:",
        "6": "On, po prirodi Bog, nije se nepopustljivo držao svoje jednakosti s Bogom",
        "7": "nego se „ispraznio”, uzevši prirodu sluge, postavši sličan ljudima. Kad postade kao čovjek,",
        "8": "ponizio je sâm Sebe postavši poslušan do smrti, i to smrti na krstu.",
        "9": "Zato Ga Bog uzvisi i dade Mu ime iznad svakog imena,",
        "10": "da se imenu Isus pokloni svako koljeno nebeskih, zemaljskih i podzemaljskih bića,",
        "11": "i da svaki jezik prizna: Gospodar je Mesija Isus! – na slavu Boga Oca.",
        "12": "Stoga, dragi moji, kako ste uvijek bili poslušni, ne samo kada sam ja bio prisutan nego još više sada kad sam odsutan, sa strahom i zebnjom dovršujte svoje spasenje.",
        "13": "Bog je, naime, taj Koji u vama čini da hoćete i da djelujete prema Njegovoj dobroj volji.",
        "14": "Sve činite bez mrmljanja i raspravljanja,",
        "15": "da budete besprijekorni i čisti, djeca Božija bez mrlje sred pokvarenog i nastranog naraštaja, u kojem svijetlite kao svjetlila u svemiru,",
        "16": "čvrsto držeći Riječ života, za moj ponos na Dan Mesijin, da nisam uzalud trčao, niti se uzalud trudio.",
        "17": "Ali ako se i ja izlijevam kao žrtva za službu vašoj vjeri, radujem se i radovat ću se sa vama svima.",
        "18": "A tako i vi: radujte se i budite sretni sa mnom.",
        "19": "Nadam se u Gospodu Isusu da ću vam uskoro poslati Timoteja, da se i ja razvedrim kada saznam kako ste.",
        "20": "Nemam nikoga sličnog srca kao njega, koji bi se tako iskreno pobrinuo za vas,",
        "21": "jer svi traže samo svoje, a ne ono što je za Mesiju Isusa.",
        "22": "Vi znate njegovu dokazanu vrijednost: kao dijete sa ocem služio je sa mnom u Radosnoj vijesti.",
        "23": "Dakle, nadam se da ću vam njega poslati čim vidim kako će biti sa mnom,",
        "24": "a uzdam se u Gospoda da ću i ja sâm brzo doći kod vas.",
        "25": "No, smatrao sam da je potrebno da vam pošaljem Epafrodita, moga brata, saradnika i saborca, a vašeg poslanika i poslužitelja u mojoj potrebi,",
        "26": "budući da je čeznuo za svima vama i bio zabrinut što ste čuli da se razbolio.",
        "27": "Doista je bio bolestan, gotovo nasmrt, ali Bog mu se smilovao, i ne samo njemu nego i meni, da mi ne bude tuga na tugu.",
        "28": "Zato sam ga brzo poslao da se možete radovati kad ga vidite, a da i ja budem manje tužan.",
        "29": "Primite ga, dakle, u Gospodu sa svom radošću i takvome iskazujte poštovanje,",
        "30": "jer se zbog Mesijinog djela našao blizu same smrti, stavljajući na kocku i svoj život da upotpuni ono što je nedostajalo vašoj službi prema meni."
    },
    "3": {
        "1": "Uostalom, braćo moja, radujte se u Gospodu! Meni nije teško pisati vam isto, a vama je to za sigurnost.",
        "2": "Čuvajte se pasa, čuvajte se zlikovaca, pazite se onih koji osakaćuju!",
        "3": "Jer mi smo obrezani, mi koji po Duhu Božijem služimo Bogu i ponosimo se u Mesiji Isusu, te se ne uzdamo u tijelo,",
        "4": "iako bih se ja mogao pouzdati i u tijelo. Ako neko misli da se može pouzdati u tijelo, ja mogu još više:",
        "5": "obrezan osmog dana, od roda Izraelovog, iz plemena Benjaminovog, Jevrej od Jevreja; po Zakonu – farizej,",
        "6": "po revnosti – progonitelj zajednice, a po pravednosti u Zakonu postao sam besprijekoran.",
        "7": "Ali šta god mi je bilo dobitak, to smatram gubitkom, zbog Mesije.",
        "8": "Štaviše, sve smatram gubitkom zbog daleko vrjednijeg – spoznaje Mesije Isusa, moga Gospoda; zbog Njega sam se svega odrekao i sve smatram otpadom, samo da dobijem Mesiju",
        "9": "i da budem u Njemu, ne svojom pravednošću – onom od Zakona, nego pravednošću po vjeri u Mesiju – pravednošću Božijom utemeljenoj na vjeri,",
        "10": "da upoznam Njega i silu Njegovog oživljenja i zajedništvo u Njegovim patnjama, prilagođavajući se Njegovoj smrti",
        "11": "ne bih li kako postigao oživljenje iz mrtvih.",
        "12": "Ne kao da sam već postigao ili da sam već savršen, nego težim da dosegnem, jer je i mene dosegao Mesija Isus.",
        "13": "Braćo, ja sâm ne smatram da sam to dosegnuo. Ali kažem jedno: Zaboravljajući ono što je pozadi, ispružam se prema onome što je naprijed,",
        "14": "trčeći prema cilju za nagradu visokog Božijeg poziva u Mesiji Isusu.",
        "15": "Mi koji smo savršeni, imajmo ovo na umu! A ukoliko mislite nešto drugačije, Bog će vam ovo otkriti.",
        "16": "Ipak, ponašajmo se prema onome što smo postigli!",
        "17": "Braćo, svi zajedno me slijedite i posmatrajte one koji žive po uzoru kakav imate u nama.",
        "18": "Jer mnogi – o kojima sam vam često govorio a i sada sa suzama govorim – žive kao neprijatelji Mesijinog krsta.",
        "19": "Njihov završetak je propast; bog im je trbuh, a slava im je u njihovoj sramoti. Oni razmišljaju o zemaljskim stvarima.",
        "20": "A naša domovina je na Nebesima, odakle i Spasitelja željno iščekujemo – Gospoda Mesiju Isusa.",
        "21": "On će, djelovanjem Svoje snage kojom može sve podrediti Sebi, preobraziti naše bijedno tijelo i učiniti ga jednakim Svom slavnom tijelu."
    },
    "4": {
        "1": "Stoga, draga moja braćo za kojom čeznem, radosti i kruno moja, čvrsto stojte u Gospodu, voljeni!",
        "2": "Pozivam Evodiju i pozivam Sintihu da budu složne u Gospodu.",
        "3": "Da, i tebe molim, vjerni druže, da im pomogneš, jer su one u Radosnoj vijesti radile zajedno sa mnom i sa Klementom i ostalim mojim saradnicima, čija su imena u „Knjizi života”.",
        "4": "Radujte se uvijek u Gospodu! Ponavljam: Radujte se!",
        "5": "I neka vaša blagost bude znana svim ljudima. Gospod je blizu!",
        "6": "Ne budite u strahu ni zbog čega, nego u svemu – molitvom i zazivanjem, sa zahvalnošću – iznesite svoje potrebe Bogu.",
        "7": "I mir će Božiji, koji prevazilazi svaki razum, čuvati vaša srca i vaše misli u Mesiji Isusu.",
        "8": "Uostalom, braćo, sve što je istinito, što je časno, što je pravedno, što je čisto, što je ugodno, što je hvale vrijedno, i što je god vrlina i što je pohvalno – to nek vam je u mislima!",
        "9": "Sve što ste od mene naučili i primili, što ste od mene čuli i kod mene vidjeli – to činite i Bog mira će biti sa vama!",
        "10": "Jako sam se obradovao u Gospodu što je napokon procvalo vaše razmišljanje o meni. Vi ste i prije mislili, ali niste imali prilike.",
        "11": "Ne govorim to iz oskudice, jer sam naučio da budem zadovoljan u svemu.",
        "12": "Znam i oskudijevati, a znam i obilovati! Naučio sam se na sve i svašta: biti sit i gladovati, obilovati i oskudijevati.",
        "13": "Sve mogu u Onome Koji me jača!",
        "14": "Ipak, dobro ste uradili što ste mi pomogli u mojoj nevolji.",
        "15": "A i vi znate, Filipljani, da mi u početku Radosne vijesti, kad sam otišao iz Makedonije, nijedna zajednica nije doprinijela u izdatku i primitku, osim vas.",
        "16": "Doista, i u Solun ste mi, dva puta, poslali za moje potrebe.",
        "17": "Ne, ja ne tražim dar, nego tražim rod – da se poveća u vašu korist.",
        "18": "Imam svega, i to u izobilju. Namiren sam otkad sam primio preko Epafrodita ono od vas, slatki miris, milu žrtvu, ugodnu Bogu.",
        "19": "A moj će Bog ispuniti svaku vašu potrebu, prema Svom bogatstvu, slavno, u Mesiji Isusu.",
        "20": "Neka je slava Bogu, Ocu našem, uvijek i vječno. Amin.",
        "21": "Pozdravite svakog svetog u Mesiji Isusu. Pozdravljaju vas braća koja su sa mnom.",
        "22": "Pozdravljaju vas svi sveti, a posebno oni iz Cezarovog doma.",
        "23": "Neka milost Gospoda Mesije Isusa bude sa duhom vašim!"
    }
}