{
    "1": {
        "1": "În al treilea an al domniei lui Ioiachim, împăratul lui Iuda, Nebucadnețar, împăratul Babilonului, a venit împotriva Ierusalimului și l-a împresurat.",
        "2": "Domnul l-a dat în mâinile lui pe Ioiachim, împăratul lui Iuda, și o parte din vasele Casei lui Dumnezeu. Nebucadnețar a dus vasele în țara Șinear, în casa dumnezeului său; le-a pus în casa vistieriei dumnezeului său.",
        "3": "Împăratul i-a dat poruncă lui Așpenaz, căpetenia famenilor săi dregători, să-i aducă vreo câțiva dintre copiii lui Israel de neam împărătesc și de viță boierească,",
        "4": "niște tineri fără vreun cusur trupesc, frumoși la chip, înzestrați cu înțelepciune în orice ramură a științei, cu minte ageră și pricepere, în stare să slujească în casa împăratului și pe care să-i învețe scrierea și limba haldeenilor.",
        "5": "Împăratul le-a rânduit pe fiecare zi o parte din bucatele de la masa lui și din vinul de care bea el, vrând să-i crească timp de trei ani, după care aveau să fie în slujba împăratului.",
        "6": "Printre ei erau, dintre copiii lui Iuda: Daniel, Hanania, Mișael și Azaria.",
        "7": "Căpetenia famenilor dregători le-a pus însă alte nume, și anume: lui Daniel i-a pus numele Beltșațar, lui Hanania – Șadrac, lui Mișael – Meșac, și lui Azaria – Abed-Nego.",
        "8": "Daniel s-a hotărât să nu se spurce cu bucatele alese ale împăratului și cu vinul pe care-l bea împăratul și a rugat căpetenia famenilor dregători să nu-l silească să se spurce.",
        "9": "Dumnezeu a făcut ca Daniel să capete bunăvoință și trecere înaintea căpeteniei famenilor dregători.",
        "10": "Căpetenia famenilor i-a zis lui Daniel: „Mă tem numai de domnul meu împăratul, care a hotărât ce trebuie să mâncați și să beți, ca nu cumva să vadă fețele voastre mai triste decât ale celorlalți tineri de vârsta voastră și să-mi puneți astfel capul în primejdie înaintea împăratului.”",
        "11": "Atunci Daniel i-a zis îngrijitorului căruia îi încredințase căpetenia famenilor privegherea asupra lui Daniel, a lui Hanania, a lui Mișael și a lui Azaria:",
        "12": "„Încearcă-i pe robii tăi zece zile și să ni se dea de mâncat zarzavaturi și apă de băut;",
        "13": "să te uiți apoi la fața noastră și la a celorlalți tineri care mănâncă din bucatele împăratului și să faci cu robii tăi după cele ce vei vedea!”",
        "14": "El i-a ascultat în privința aceasta și i-a încercat zece zile.",
        "15": "După cele zece zile ei erau mai bine la față și mai grași decât toți tinerii care mâncau din bucatele împăratului.",
        "16": "Îngrijitorul lua bucatele și vinul care le erau rânduite și le dădea zarzavaturi.",
        "17": "Dumnezeu le-a dat acestor patru tineri știință și pricepere pentru tot felul de scrieri și înțelepciune; mai ales însă l-a făcut pe Daniel priceput în toate vedeniile și în toate visele.",
        "18": "La vremea sorocită de împărat ca să-i aducă la el, căpetenia famenilor i-a adus înaintea lui Nebucadnețar.",
        "19": "Împăratul a stat de vorbă cu ei, dar, între toți tinerii aceia, nu s-a găsit niciunul ca Daniel, Hanania, Mișael și Azaria. De aceea ei au fost primiți în slujba împăratului.",
        "20": "În toate lucrurile care cereau înțelepciune și pricepere și despre care îi întreba împăratul, îi găsea de zece ori mai destoinici decât toți vrăjitorii și cititorii în stele care erau în toată împărăția lui.",
        "21": "Așa a dus-o Daniel până în anul dintâi al împăratului Cir."
    },
    "2": {
        "1": "În al doilea an al domniei lui Nebucadnețar, Nebucadnețar a avut niște vise. Duhul îi era tulburat și i-a pierit somnul.",
        "2": "Împăratul a poruncit să-i cheme pe vrăjitori, pe cititorii în stele, pe descântători și pe haldeeni ca să-i spună visele. Ei au venit și s-au înfățișat înaintea împăratului.",
        "3": "Împăratul le-a zis: „Am visat un vis; duhul îmi este tulburat și aș vrea să știu visul acela.”",
        "4": "Haldeenii i-au răspuns împăratului în limba aramaică: „Veșnic să trăiești, împărate! Spune-le robilor tăi visul, și-ți vom arăta tâlcuirea lui!”",
        "5": "Împăratul a luat iarăși cuvântul și le-a zis haldeenilor: „Mi-a scăpat din minte lucrul acela. Dacă nu-mi veți face cunoscute visul și tâlcuirea lui, veți fi făcuți bucăți și casele voastre vor fi prefăcute într-un morman de murdării.",
        "6": "Dar dacă-mi veți spune visul și tâlcuirea lui, veți primi de la mine daruri și răsplătiri și mare cinste. De aceea spuneți-mi visul și tălmăcirea lui!”",
        "7": "Ei au răspuns a doua oară: „Să le spună împăratul robilor săi visul, și i-l vom tălmăci!”",
        "8": "Împăratul a luat iarăși cuvântul și a zis: „Văd, cu adevărat, că voiți să câștigați vreme, pentru că vedeți că lucrul mi-a scăpat din minte.",
        "9": "Dacă deci nu-mi veți spune visul, vă așteaptă pe toți aceeași soartă, fiindcă vreți să vă înțelegeți ca să-mi spuneți minciuni și neadevăruri până se vor schimba vremurile. De aceea spuneți-mi visul, ca să știu dacă sunteți în stare să mi-l și tâlcuiți!”",
        "10": "Haldeenii i-au răspuns împăratului: „Nu este nimeni pe pământ care să poată spune ce cere împăratul; de aceea niciodată niciun împărat, oricât de mare și de puternic ar fi fost, n-a cerut așa ceva de la niciun vrăjitor, cititor în stele sau haldeean.",
        "11": "Ce cere împăratul este greu; nu este nimeni care să-i spună lucrul acesta împăratului, în afară de zei, a căror locuință nu este printre muritori.”",
        "12": "La auzul acestor cuvinte, împăratul s-a mâniat și s-a supărat foarte tare. A poruncit să-i piardă pe toți înțelepții Babilonului.",
        "13": "Hotărârea ieșise, înțelepții începuseră să fie omorâți și-i căutau și pe Daniel și pe tovarășii lui ca să-i piardă.",
        "14": "Atunci Daniel i-a vorbit cu minte și cu judecată lui Arioc, căpetenia străjerilor împăratului, care ieșise să-i omoare pe înțelepții Babilonului.",
        "15": "A luat cuvântul și i-a zis lui Arioc, căpitanul împăratului: „Pentru ce a dat împăratul o poruncă atât de aspră?” Arioc i-a spus lui Daniel cum stau lucrurile.",
        "16": "Și Daniel s-a dus la împărat și l-a rugat să-i dea vreme ca să-i dea împăratului tâlcuirea.",
        "17": "Apoi Daniel s-a dus în casa lui și le-a spus despre lucrul acesta tovarășilor săi Hanania, Mișael și Azaria,",
        "18": "rugându-i să ceară îndurarea Dumnezeului cerurilor pentru această taină, ca să nu piară Daniel și tovarășii săi odată cu ceilalți înțelepți ai Babilonului.",
        "19": "După aceea i s-a descoperit lui Daniel taina într-o vedenie în timpul nopții. Și Daniel L-a binecuvântat pe Dumnezeul cerurilor.",
        "20": "Daniel a luat cuvântul și a zis: „Binecuvântat să fie Numele lui Dumnezeu, din veșnicie în veșnicie! Ale Lui sunt înțelepciunea și puterea.",
        "21": "El schimbă vremurile și împrejurările; El îi răstoarnă și îi pune pe împărați; El le dă înțelepciune înțelepților și pricepere celor pricepuți;",
        "22": "El descoperă ce este adânc și ascuns; El știe ce este în întuneric și la El locuiește lumina.",
        "23": "Pe Tine, Dumnezeul părinților mei, Te slăvesc și Te laud că mi-ai dat înțelepciune și putere și mi-ai făcut cunoscut ce Ți-am cerut noi, căci ne-ai descoperit taina împăratului!”",
        "24": "După aceea Daniel s-a dus la Arioc, căruia îi poruncise împăratul să-i piardă pe înțelepții Babilonului; s-a dus și i-a vorbit așa: „Nu-i pierde pe înțelepții Babilonului! Du-mă înaintea împăratului, și-i voi da împăratului tâlcuirea!”",
        "25": "Arioc l-a dus degrabă pe Daniel înaintea împăratului și i-a vorbit așa: „Am găsit între prinșii de război ai lui Iuda un om care-i va da împăratului tâlcuirea.”",
        "26": "Împăratul a luat cuvântul și i-a zis lui Daniel, care se numea Beltșațar: „Ești tu în stare să-mi spui visul pe care l-am visat și tâlcuirea lui?”",
        "27": "Daniel a răspuns înaintea împăratului și a zis: „Ce cere împăratul este o taină pe care înțelepții, cititorii în stele, vrăjitorii și ghicitorii nu sunt în stare să i-o descopere împăratului.",
        "28": "Dar este în ceruri un Dumnezeu care descoperă tainele și care-i face cunoscut împăratului Nebucadnețar ce se va întâmpla în vremurile de pe urmă. Iată visul tău și vedeniile pe care le-ai avut în patul tău.",
        "29": "În patul tău, împărate, ți-au venit în minte gânduri cu privire la cele ce vor fi după aceste vremuri, și Cel ce descoperă tainele ți-a făcut cunoscut ce se va întâmpla.",
        "30": "Însă, dacă mi s-a descoperit taina aceasta, nu înseamnă că este în mine o înțelepciune mai mare decât a tuturor celor vii, ci ca să i se dea împăratului tâlcuirea ei și să afli ce-ți dorește inima să știi.",
        "31": "Tu, împărate, te uitai, și iată că ai văzut un chip mare. Chipul acesta era foarte mare și de o strălucire nemaipomenită. Stătea în picioare înaintea ta, și înfățișarea lui era înfricoșătoare.",
        "32": "Capul chipului acestuia era de aur curat; pieptul și brațele îi erau de argint; pântecele și coapsele îi erau de aramă;",
        "33": "fluierele picioarelor, de fier; picioarele, parte de fier și parte de lut.",
        "34": "Tu te uitai la el, și s-a dezlipit o piatră fără ajutorul vreunei mâini, a izbit picioarele de fier și de lut ale chipului și le-a făcut bucăți.",
        "35": "Atunci fierul, lutul, arama, argintul și aurul s-au sfărâmat împreună și s-au făcut ca pleava din arie vara; le-a luat vântul și nici urmă nu s-a mai găsit din ele. Dar piatra care sfărâmase chipul s-a făcut un munte mare și a umplut tot pământul.",
        "36": "Iată visul. Acum îi vom spune și tâlcuirea înaintea împăratului.",
        "37": "Tu, împărate, ești împăratul împăraților, căci Dumnezeul cerurilor ți-a dat împărăție, putere, bogăție și slavă.",
        "38": "El ți i-a dat în mâini, oriunde locuiesc ei, pe copiii oamenilor, fiarele câmpului și păsările cerului și te-a făcut stăpân peste toate acestea: tu ești capul de aur.",
        "39": "După tine se va ridica o altă împărăție, mai neînsemnată decât a ta; apoi o a treia împărăție, care va fi de aramă și care va stăpâni peste tot pământul.",
        "40": "Va fi o a patra împărăție, tare ca fierul; după cum fierul sfărâmă și rupe totul, și ea va sfărâma și va rupe totul, ca fierul care face totul bucăți.",
        "41": "Și după cum ai văzut picioarele și degetele picioarelor parte de lut de olar și parte de fier, tot așa și împărăția aceasta va fi împărțită, dar va rămâne în ea ceva din tăria fierului, tocmai așa cum ai văzut fierul amestecat cu lutul.",
        "42": "Și după cum degetele de la picioare erau parte de fier și parte de lut, tot așa și împărăția aceasta va fi în parte tare și în parte plăpândă.",
        "43": "Dacă ai văzut fierul amestecat cu lutul, înseamnă că se vor amesteca prin legături omenești de căsătorie, dar nu vor fi lipiți unul de altul, după cum fierul nu se poate uni cu lutul.",
        "44": "Dar în vremea acestor împărați Dumnezeul cerurilor va ridica o împărăție care nu va fi nimicită niciodată și care nu va trece sub stăpânirea unui alt popor. Ea va sfărâma și va nimici toate acele împărății și ea însăși va dăinui veșnic.",
        "45": "Aceasta înseamnă piatra pe care ai văzut-o dezlipindu-se din munte fără ajutorul vreunei mâini și care a sfărâmat fierul, arama, lutul, argintul și aurul. Dumnezeul cel mare i-a făcut deci cunoscut împăratului ce are să se întâmple după aceasta. Visul este adevărat, și tâlcuirea lui este temeinică.”",
        "46": "Atunci împăratul Nebucadnețar a căzut cu fața la pământ și s-a închinat înaintea lui Daniel și a poruncit să i se aducă jertfe de mâncare și miresme.",
        "47": "Împăratul i-a vorbit lui Daniel și a zis: „Cu adevărat, Dumnezeul vostru este Dumnezeul dumnezeilor și Domnul împăraților și El descoperă tainele, fiindcă ai putut să descoperi taina aceasta!”",
        "48": "Apoi împăratul l-a înălțat pe Daniel și i-a dat daruri multe și bogate; i-a dat stăpânire peste tot ținutul Babilonului și l-a pus cea mai înaltă căpetenie a tuturor înțelepților Babilonului.",
        "49": "Daniel l-a rugat pe împărat să dea grija treburilor ținutului Babilonului în mâna lui Șadrac, a lui Meșac și a lui Abed-Nego. Daniel însă a rămas la curtea împăratului."
    },
    "3": {
        "1": "Împăratul Nebucadnețar a făcut un chip de aur, înalt de șaizeci de coți și lat de șase coți. L-a ridicat în valea Dura, în ținutul Babilonului.",
        "2": "Împăratul Nebucadnețar a poruncit să-i cheme pe dregători, pe îngrijitori și pe cârmuitori, pe judecătorii cei mari, pe vistiernici, pe legiuitori, pe judecători și pe toate căpeteniile ținuturilor, ca să vină la sfințirea chipului pe care-l înălțase împăratul Nebucadnețar.",
        "3": "Atunci dregătorii, îngrijitorii și cârmuitorii, judecătorii cei mari, vistiernicii, legiuitorii, judecătorii și toate căpeteniile ținuturilor s-au strâns la sfințirea chipului pe care-l înălțase împăratul Nebucadnețar. S-au așezat înaintea chipului pe care-l înălțase Nebucadnețar,",
        "4": "iar un crainic a strigat cu glas tare: „Iată ce vi se poruncește, popoare, neamuri, oameni de toate limbile!",
        "5": "În clipa când veți auzi sunetul trâmbiței, al cavalului, al chitarei, al alăutei, al psaltirii, al cimpoiului și a tot felul de instrumente de muzică, să vă aruncați cu fața la pământ și să vă închinați chipului de aur pe care l-a înălțat împăratul Nebucadnețar.",
        "6": "Oricine nu se va arunca cu fața la pământ și nu se va închina va fi aruncat chiar în clipa aceea în mijlocul unui cuptor aprins.”",
        "7": "De aceea, în clipa când au auzit toate popoarele sunetul trâmbiței, al cavalului, al chitarei, al alăutei, al psaltirii și a tot felul de instrumente de muzică, toate popoarele, neamurile și oamenii de toate limbile s-au aruncat cu fața la pământ și s-au închinat chipului de aur pe care-l înălțase împăratul Nebucadnețar.",
        "8": "Cu prilejul acesta și în aceeași vreme, câțiva haldeeni s-au apropiat și i-au pârât pe iudei.",
        "9": "Ei au luat cuvântul și i-au zis împăratului Nebucadnețar: „Să trăiești veșnic, împărate!",
        "10": "Ai dat o poruncă după care toți cei ce vor auzi sunetul trâmbiței, al cavalului, al chitarei, al alăutei, al psaltirii, al cimpoiului și a tot felul de instrumente de muzică vor trebui să se arunce cu fața la pământ și să se închine chipului de aur",
        "11": "și după care oricine nu se va arunca cu fața la pământ și nu se va închina va fi aruncat în mijlocul unui cuptor aprins.",
        "12": "Dar sunt niște iudei cărora le-ai dat în grijă treburile ținutului Babilonului, și anume Șadrac, Meșac și Abed-Nego, oameni care nu țin seama deloc de tine, împărate! Ei nu le slujesc dumnezeilor tăi și nu se închină chipului de aur pe care l-ai înălțat tu.”",
        "13": "Atunci Nebucadnețar, mâniat și plin de urgie, a dat poruncă să-i aducă pe Șadrac, pe Meșac și pe Abed-Nego. Și oamenii aceștia au fost aduși îndată înaintea împăratului.",
        "14": "Nebucadnețar a luat cuvântul și le-a zis: „Înadins oare, Șadrac, Meșac și Abed-Nego, nu le slujiți voi dumnezeilor mei și nu vă închinați chipului de aur pe care l-am înălțat?",
        "15": "Acum fiți gata și, în clipa când veți auzi sunetul trâmbiței, al cavalului, al chitarei, al alăutei, al psaltirii, al cimpoiului și a tot felul de instrumente, să vă aruncați cu fața la pământ și să vă închinați chipului pe care l-am făcut; dacă nu vă veți închina lui, veți fi aruncați pe dată în mijlocul unui cuptor aprins. Și care este dumnezeul acela care vă va scoate din mâna mea?”",
        "16": "Șadrac, Meșac și Abed-Nego i-au răspuns împăratului Nebucadnețar: „Noi n-avem nevoie să-ți răspundem la cele de mai sus.",
        "17": "Iată, Dumnezeul nostru, căruia Îi slujim, poate să ne scoată din cuptorul aprins și ne va scoate din mâna ta, împărate.",
        "18": "Și chiar de nu ne va scoate, să știi, împărate, că nu le vom sluji dumnezeilor tăi și nici nu ne vom închina chipului de aur pe care l-ai înălțat!”",
        "19": "La auzul acestor cuvinte, Nebucadnețar s-a umplut de mânie și și-a schimbat fața, întorcându-și privirile împotriva lui Șadrac, Meșac și Abed-Nego. A luat din nou cuvântul și a poruncit să încălzească de șapte ori mai mult cuptorul de cum se cădea să-l încălzească.",
        "20": "Apoi le-a poruncit unora dintre cei mai voinici ostași din oștirea lui să-i lege pe Șadrac, pe Meșac și pe Abed-Nego și să-i arunce în cuptorul aprins.",
        "21": "Oamenii aceștia au fost legați cu izmenele, cămășile, mantalele și celelalte haine ale lor și aruncați în mijlocul cuptorului aprins.",
        "22": "Fiindcă porunca împăratului era aspră și cuptorul era neobișnuit de încălzit, flacăra i-a ucis pe toți oamenii care-i aruncaseră în el pe Șadrac, pe Meșac și pe Abed-Nego.",
        "23": "Dar acești trei oameni – Șadrac, Meșac și Abed-Nego – au căzut legați în mijlocul cuptorului aprins.",
        "24": "Atunci împăratul Nebucadnețar s-a înspăimântat și s-a sculat repede. A luat cuvântul și le-a zis sfetnicilor săi: „N-am aruncat noi în mijlocul focului trei oameni legați?” Ei i-au răspuns împăratului: „Negreșit, împărate!”",
        "25": "El a luat iarăși cuvântul și a zis: „Ei bine, eu văd patru oameni umblând slobozi în mijlocul focului și nevătămați, și chipul celui de al patrulea seamănă cu al unui fiu de dumnezei!”",
        "26": "Apoi Nebucadnețar s-a apropiat de gura cuptorului aprins și, luând cuvântul, a zis: „Șadrac, Meșac și Abed-Nego, slujitori ai Dumnezeului celui Preaînalt, ieșiți afară și veniți încoace!” Și Șadrac, Meșac și Abed-Nego au ieșit din mijlocul focului.",
        "27": "Dregătorii, îngrijitorii, cârmuitorii și sfetnicii împăratului s-au strâns și au văzut că focul nu avusese nicio putere asupra trupului acestor oameni, că nici perii capului lor nu se pârliseră, hainele le rămăseseră neschimbate și nici măcar miros de foc nu se prinsese de ei.",
        "28": "Nebucadnețar a luat cuvântul și a zis: „Binecuvântat să fie Dumnezeul lui Șadrac, al lui Meșac și al lui Abed-Nego, care l-a trimis pe îngerul Său și i-a izbăvit pe slujitorii Săi care s-au încrezut în El, au călcat porunca împăratului și și-au dat mai degrabă trupurile lor decât să slujească și să se închine altui dumnezeu decât Dumnezeului lor!",
        "29": "Iată acum porunca pe care o dau: orice om din orice popor, neam sau limbă ar fi care va vorbi rău de Dumnezeul lui Șadrac, al lui Meșac și al lui Abed-Nego va fi făcut bucăți, și casa lui va fi prefăcută într-un morman de murdării, pentru că nu este niciun alt dumnezeu care să poată izbăvi ca El.”",
        "30": "După aceea împăratul i-a înălțat pe Șadrac, pe Meșac și pe Abed-Nego la mare cinste în ținutul Babilonului."
    },
    "4": {
        "1": "„Nebucadnețar, împăratul, către toate popoarele, neamurile și oamenii de toate limbile care locuiesc pe tot pământul: să aveți multă pace!",
        "2": "Am găsit cu cale să fac cunoscute semnele și minunile pe care le-a făcut Dumnezeul cel Preaînalt față de mine.",
        "3": "Cât de mari sunt semnele Lui și cât de puternice sunt minunile Lui! Împărăția Lui este o împărăție veșnică, și stăpânirea Lui dăinuie din neam în neam!",
        "4": "Eu, Nebucadnețar, trăiam liniștit în casa mea și fericit în palatul meu.",
        "5": "Am visat un vis care m-a înspăimântat; gândurile de care eram urmărit în patul meu și vedeniile duhului meu mă umpleau de groază.",
        "6": "Am poruncit atunci să-i aducă înaintea mea pe toți înțelepții Babilonului ca să-mi tâlcuiască visul.",
        "7": "Îndată au venit vrăjitorii, cititorii în stele, haldeenii și ghicitorii. Le-am spus visul, și nu mi l-au putut tâlcui.",
        "8": "La urmă de tot s-a înfățișat înaintea mea Daniel, numit Beltșațar după numele dumnezeului meu și care are în el duhul dumnezeilor celor sfinți. I-am spus visul și am zis:",
        "9": "«Beltșațare, căpetenia vrăjitorilor, știu că ai în tine duhul dumnezeilor sfinți și că pentru tine nicio taină nu este grea, deci tâlcuiește-mi vedeniile pe care le-am avut în vis!",
        "10": "Iată vedeniile care mi-au trecut prin cap când eram în pat. Mă uitam, și iată că în mijlocul pământului era un copac foarte înalt.",
        "11": "Copacul acesta s-a făcut mare și puternic, vârful lui se înălța până la ceruri și se vedea de la marginile întregului pământ.",
        "12": "Frunza lui era frumoasă și avea roade multe; în el se găsea hrană pentru toți; fiarele câmpului se adăposteau sub umbra lui, păsările cerului își făceau cuibul în ramurile lui și orice făptură vie se hrănea din el.",
        "13": "În vedeniile care-mi treceau prin cap în patul meu, mă uitam, și iată că s-a coborât din ceruri un străjer sfânt.",
        "14": "El a strigat cu putere și a vorbit așa: ‘Tăiați copacul și rupeți-i ramurile; scuturați-i frunza și risipiți-i roadele; fugăriți fiarele de sub el și păsările din ramurile lui!",
        "15": "Dar trunchiul cu rădăcinile lui lăsați-l în pământ și legați-l cu lanțuri de fier și de aramă în iarba de pe câmp, ca să fie udat de roua cerului și să fie la un loc cu fiarele în iarba pământului!",
        "16": "Inima lui de om i se va preface într-o inimă de fiară și vor trece șapte vremuri peste el.",
        "17": "Hotărârea aceasta a fost luată în sfatul străjerilor și pusă la cale înaintea sfinților, ca să știe cei vii că Cel Preaînalt stăpânește peste împărăția oamenilor, că o dă cui îi place și îl înalță peste ea pe cel mai de jos dintre oameni.’",
        "18": "Iată visul pe care l-am visat eu, împăratul Nebucadnețar. Tu, Beltșațar, tâlcuiește-l, fiindcă toți înțelepții din împărăția mea nu pot să mi-l tâlcuiască; tu însă poți, căci ai în tine duhul dumnezeilor sfinți.»",
        "19": "Atunci Daniel, numit Beltșațar, a rămas uimit o clipă, și gândurile lui îl tulburau. Împăratul a luat din nou cuvântul și a zis: «Beltșațare, să nu te tulbure visul și tâlcuirea!» Și Beltșațar a răspuns: «Domnul meu, visul acesta să fie pentru vrăjmașii tăi, și tâlcuirea lui – pentru potrivnicii tăi!",
        "20": "Copacul pe care l-ai văzut, care se făcuse atât de mare și de puternic, încât i se înălța vârful până la ceruri și se vedea de la toate capetele pământului,",
        "21": "copacul acesta, a cărui frunză era așa de frumoasă și care avea roade atât de multe și în care era hrană pentru toți, sub care se adăposteau fiarele câmpului și în ramurile căruia își făceau cuibul păsările cerului,",
        "22": "ești tu, împărate, care ai ajuns mare și puternic, a cărui mărime a crescut și s-a înălțat până la ceruri și a cărui stăpânire se întinde până la marginile pământului.",
        "23": "Împăratul a văzut un străjer sfânt coborându-se și zicând: ‘Tăiați copacul și nimiciți-l, dar trunchiul cu rădăcinile lui lăsați-l în pământ și legați-l cu lanțuri de fier și de aramă în iarba de pe câmp, ca să fie udat de roua cerului și să stea la un loc cu fiarele câmpului până vor trece șapte vremuri peste el!’",
        "24": "Iată tâlcuirea acestui fapt, împărate, iată hotărârea Celui Preaînalt, care se va împlini asupra domnului meu, împăratul:",
        "25": "te vor izgoni din mijlocul oamenilor, vei locui la un loc cu fiarele câmpului și îți vor da să mănânci iarbă ca la boi; vei fi udat de roua cerului și șapte vremuri vor trece peste tine, până vei cunoaște că Cel Preaînalt stăpânește peste împărăția oamenilor și că o dă cui vrea.",
        "26": "Porunca să lase trunchiul cu rădăcinile copacului înseamnă că împărăția ta îți va rămâne ție îndată ce vei recunoaște stăpânirea Celui ce este în ceruri.",
        "27": "De aceea, împărate, placă-ți sfatul meu! Pune capăt păcatelor tale și trăiește în neprihănire, rupe-o cu nelegiuirile tale și ai milă de cei nenorociți, și poate că ți se va prelungi fericirea!»",
        "28": "Toate aceste lucruri s-au împlinit asupra împăratului Nebucadnețar.",
        "29": "După douăsprezece luni, pe când se plimba pe acoperișul palatului împărătesc din Babilon,",
        "30": "împăratul a luat cuvântul și a zis: «Oare nu este acesta Babilonul cel mare pe care mi l-am zidit eu, ca loc de ședere împărătească, prin puterea bogăției mele și spre slava măreției mele?»",
        "31": "Nu se sfârșise încă vorba aceasta a împăratului, și un glas s-a coborât din cer și a zis: «Află, împărate Nebucadnețar, că ți s-a luat împărăția!",
        "32": "Te vor izgoni din mijlocul oamenilor și vei locui la un loc cu fiarele câmpului; îți vor da să mănânci iarbă ca la boi și vor trece peste tine șapte vremuri, până vei recunoaște că Cel Preaînalt stăpânește peste împărăția oamenilor și că o dă cui vrea.»",
        "33": "Chiar în clipa aceea s-a împlinit cuvântul acela asupra lui Nebucadnețar. A fost izgonit din mijlocul oamenilor, a mâncat iarbă ca boii, trupul i-a fost udat de roua cerului până i-a crescut părul ca penele vulturului, și unghiile – ca ghearele păsărilor.",
        "34": "După trecerea vremii sorocite, eu, Nebucadnețar, am ridicat ochii spre cer și mi-a venit iarăși mintea la loc. L-am binecuvântat pe Cel Preaînalt, L-am lăudat și L-am slăvit pe Cel ce trăiește veșnic, pe Acela a cărui stăpânire este veșnică și a cărui împărăție dăinuie din neam în neam.",
        "35": "Toți locuitorii pământului sunt o nimica înaintea Lui; El face ce vrea cu oastea cerurilor și cu locuitorii pământului și nimeni nu poate să stea împotriva mâinii Lui, nici să-I zică: «Ce faci?»",
        "36": "În vremea aceea mi-a venit mintea înapoi; slava împărăției mele, măreția și strălucirea mea mi s-au dat înapoi; sfetnicii și mai-marii mei din nou m-au căutat; am fost pus iarăși peste împărăția mea și puterea mea a crescut.",
        "37": "Acum, eu, Nebucadnețar, Îl laud, Îl înalț și-L slăvesc pe Împăratul cerurilor, căci toate lucrările Lui sunt adevărate, toate căile Lui sunt drepte și El poate să-i smerească pe cei ce umblă cu mândrie!”"
    },
    "5": {
        "1": "Împăratul Belșațar le-a făcut un mare ospăț celor o mie de mai-mari ai lui și a băut vin înaintea lor.",
        "2": "Și în cheful vinului a poruncit să aducă vasele de aur și de argint pe care le luase tatăl său, Nebucadnețar, din Templul de la Ierusalim, ca să bea cu ele împăratul și mai-marii lui, nevestele și țiitoarele lui.",
        "3": "Au adus îndată vasele de aur care fuseseră luate din Templu, din Casa lui Dumnezeu din Ierusalim, și au băut din ele împăratul și mai-marii lui, nevestele și țiitoarele lui.",
        "4": "Au băut vin și au lăudat dumnezeii de aur, de argint, de aramă și de fier, de lemn și de piatră.",
        "5": "În clipa aceea s-au arătat degetele unei mâini de om și au scris în fața sfeșnicului, pe tencuiala zidului palatului împărătesc. Împăratul a văzut această bucată de mână care a scris.",
        "6": "Atunci împăratul a îngălbenit, și gândurile atât l-au tulburat, că i s-au desfăcut încheieturile șoldurilor și genunchii i s-au izbit unul de altul.",
        "7": "Împăratul a strigat în gura mare să i se aducă cititorii în stele, haldeenii și ghicitorii. Apoi împăratul a luat cuvântul și le-a zis înțelepților Babilonului: „Oricine va putea citi scrisoarea aceasta și mi-o va tâlcui va fi îmbrăcat cu purpură, va purta un lănțișor de aur la gât și va avea locul al treilea în cârmuirea împărăției.”",
        "8": "Toți înțelepții împăratului au intrat, dar n-au putut nici să citească scrisoarea și nici să i-o tâlcuiască împăratului.",
        "9": "Din pricina aceasta împăratul Belșațar s-a înspăimântat foarte tare, fața i s-a îngălbenit, și mai-marii lui au rămas încremeniți.",
        "10": "Împărăteasa, la auzul cuvintelor împăratului și ale mai-marilor lui, a intrat în odaia ospățului, a luat cuvântul și a vorbit astfel: „Să trăiești veșnic, împărate! Să nu te tulbure gândurile tale și să nu ți se îngălbenească fața!",
        "11": "În împărăția ta este un om care are în el duhul dumnezeilor celor sfinți; și pe vremea tatălui tău s-au găsit la el lumini, pricepere și o înțelepciune dumnezeiască. De aceea împăratul Nebucadnețar, tatăl tău, da, tatăl tău, împărate, l-a pus mai-mare peste vrăjitori, cititori în stele, haldeeni, ghicitori,",
        "12": "și anume pentru că s-a găsit la el, la Daniel, numit de împărat Beltșațar, un duh înalt, știință și pricepere, putința să tâlcuiască visele, să lămurească întrebările grele și să dezlege lucrurile încâlcite. Să fie chemat dar Daniel, și el îți va da tâlcuirea!”",
        "13": "Atunci Daniel a fost adus înaintea împăratului. Împăratul a luat cuvântul și i-a zis lui Daniel: „Tu ești Daniel acela, unul dintre prinșii de război ai lui Iuda pe care i-a adus aici din Iuda tatăl meu, împăratul?",
        "14": "Am aflat despre tine că ai în tine duhul dumnezeilor și că la tine se găsesc lumini, pricepere și o înțelepciune nemaipomenită.",
        "15": "I-au adus înaintea mea pe înțelepți și pe cititorii în stele, ca să citească scrierea aceasta și să mi-o tâlcuiască, dar n-au putut să tâlcuiască aceste cuvinte.",
        "16": "Am aflat că tu poți să tâlcuiești și să dezlegi întrebări grele; acum, dacă vei putea să citești scrierea aceasta și să mi-o tâlcuiești, vei fi îmbrăcat cu purpură, vei purta un lănțișor de aur la gât și vei avea locul al treilea în cârmuirea împărăției.”",
        "17": "Daniel a răspuns îndată înaintea împăratului: „Ține-ți darurile și dă-i altuia răsplătirile tale! Totuși, îi voi citi împăratului scrierea și i-o voi tâlcui.",
        "18": "Împărate, Dumnezeul cel Preaînalt îi dăduse tatălui tău, Nebucadnețar, împărăție, mărime, slavă și strălucire;",
        "19": "și din pricina mărimii pe care i-o dăduse, toate popoarele, neamurile și oamenii de toate limbile se temeau și tremurau înaintea lui. Căci împăratul omora pe cine voia și lăsa cu viață pe cine voia; înălța pe cine voia și cobora pe cine voia.",
        "20": "Dar când i s-a îngâmfat inima și i s-a împietrit duhul până la mândrie, a fost aruncat de pe scaunul lui împărătesc și a fost despuiat de slava lui;",
        "21": "a fost izgonit din mijlocul copiilor oamenilor, inima i s-a făcut ca a fiarelor și a locuit la un loc cu măgarii sălbatici; i-au dat să mănânce iarbă ca la boi, și trupul i-a fost udat cu roua cerului, până când a recunoscut că Dumnezeul cel Preaînalt stăpânește peste împărăția oamenilor și că o dă cui vrea.",
        "22": "Dar tu, Belșațar, fiul lui, nu ți-ai smerit inima, măcar că ai știut toate aceste lucruri,",
        "23": "ci te-ai înălțat împotriva Domnului cerurilor; vasele din Casa Lui au fost aduse înaintea ta și ați băut vin cu ele tu și mai-marii tăi, nevestele și țiitoarele tale; ai lăudat dumnezeii de argint, de aur, de aramă, de fier, de lemn și de piatră, care nici nu văd, nici nu aud și nici nu pricep nimic, și nu L-ai slăvit pe Dumnezeul în mâna căruia se află suflarea ta și toate căile tale.",
        "24": "De aceea a trimis El acest cap de mână care a scris scrierea aceasta.",
        "25": "Iată însă scrierea care a fost scrisă: «Numărat, numărat, cântărit și împărțit.»",
        "26": "Și iată tâlcuirea acestor cuvinte. Numărat înseamnă că Dumnezeu ți-a numărat zilele domniei și i-a pus capăt.",
        "27": "Cântărit înseamnă că ai fost cântărit în cumpănă și ai fost găsit ușor.",
        "28": "Împărțit înseamnă că împărăția ta va fi împărțită și dată mezilor și perșilor.”",
        "29": "Îndată Belșațar a dat poruncă și l-au îmbrăcat pe Daniel cu purpură, i-au pus un lănțișor de aur la gât și au dat de știre că va avea locul al treilea în cârmuirea împărăției.",
        "30": "Dar chiar în noaptea aceea Belșațar, împăratul haldeenilor, a fost omorât.",
        "31": "Și a pus mâna pe împărăție Darius Medul, care era în vârstă de șaizeci și doi de ani."
    },
    "6": {
        "1": "Darius a găsit cu cale să pună peste împărăție o sută douăzeci de dregători, care trebuiau să fie răspândiți în toată împărăția;",
        "2": "a pus în fruntea lor trei căpetenii, în numărul cărora era și Daniel. Dregătorii aceștia aveau să le dea socoteală, ca împăratul să nu sufere nicio pagubă.",
        "3": "Daniel însă le întrecea pe toate aceste căpetenii și pe dregători, pentru că în el era un duh înalt, și împăratul se gândea să-l pună peste toată împărăția.",
        "4": "Atunci căpeteniile și dregătorii au căutat să afle ceva asupra lui Daniel, ca să-l pârască în ce privea treburile împărăției. Dar n-au putut să găsească nimic, niciun lucru vrednic de mustrare, pentru că el era credincios și nu se găsea nicio greșeală la el și niciun lucru rău.",
        "5": "Atunci oamenii aceștia au zis: „Nu vom găsi niciun cuvânt de plângere împotriva acestui Daniel, afară numai dacă am găsi vreunul în Legea Dumnezeului lui.”",
        "6": "Apoi aceste căpetenii și dregătorii aceștia s-au dus cu mare zarvă la împărat și i-au vorbit așa: „Să trăiești veșnic, împărate Darius!",
        "7": "Toate căpeteniile împărăției, îngrijitorii, dregătorii, sfetnicii și cârmuitorii sunt de părere să se dea o poruncă împărătească, însoțită de o aspră oprire, care să spună că oricine va înălța în răstimp de treizeci de zile rugăciuni către vreun dumnezeu sau către vreun om, în afară de tine, împărate, va fi aruncat în groapa cu lei.",
        "8": "Acum, împărate, întărește oprirea și iscălește porunca aceasta, ca să nu se poată schimba după legea mezilor și perșilor, care, odată dată, rămâne neschimbată!”",
        "9": "În urma celor de mai sus, împăratul Darius a scris porunca și oprirea.",
        "10": "Când a aflat Daniel că s-a iscălit porunca, a intrat în casa lui, unde ferestrele odăii de sus erau deschise înspre Ierusalim, și de trei ori pe zi îngenunchea, se ruga și Îl lăuda pe Dumnezeul lui, cum făcea și mai înainte.",
        "11": "Atunci oamenii aceștia au dat năvală în casă și l-au găsit pe Daniel rugându-se și chemându-L pe Dumnezeul lui.",
        "12": "Apoi s-au înfățișat înaintea împăratului și i-au zis cu privire la oprirea împărătească: „N-ai scris tu o oprire care spune că oricine va înălța în răstimp de treizeci de zile rugăciuni vreunui dumnezeu sau vreunui om, în afară de tine, împărate, să fie aruncat în groapa cu lei?” Împăratul a răspuns: „Lucrul acesta este adevărat, după legea mezilor și perșilor, care nu se poate schimba.”",
        "13": "Ei au luat din nou cuvântul și i-au zis împăratului: „Daniel, unul dintre prinșii de război ai lui Iuda, nu ține deloc seama de tine, împărate, nici de oprirea pe care ai scris-o și își face rugăciunea de trei ori pe zi!”",
        "14": "Împăratul s-a mâhnit foarte mult când a auzit lucrul acesta; s-a gândit cum ar putea să-l scape pe Daniel și, până la asfințitul soarelui, s-a trudit să-l scape.",
        "15": "Dar oamenii aceia au stăruit de împărat și i-au zis: „Să știi, împărate, că, după legea mezilor și perșilor, orice oprire sau orice poruncă întărită de împărat nu se poate schimba!”",
        "16": "Atunci împăratul a poruncit să-l aducă pe Daniel și să-l arunce în groapa cu lei. Împăratul a luat cuvântul și i-a zis lui Daniel: „Dumnezeul tău, căruia necurmat Îi slujești, să te scape!”",
        "17": "Au adus o piatră și au pus-o la gura gropii. Împăratul a pecetluit-o cu inelul lui și cu inelul mai-marilor lui, ca să nu se schimbe nimic cu privire la Daniel.",
        "18": "Împăratul s-a întors apoi în palatul său. A petrecut noaptea fără să mănânce, nu i s-a adus nicio țiitoare și n-a putut să doarmă.",
        "19": "În revărsatul zorilor însă, împăratul s-a sculat și s-a dus în grabă la groapa cu lei.",
        "20": "Și, apropiindu-se de groapă, l-a chemat pe Daniel cu un glas plângător. Împăratul a luat cuvântul și i-a zis lui Daniel: „Daniele, robul Dumnezeului celui viu, a putut Dumnezeul tău, căruia Îi slujești necurmat, să te scape de lei?”",
        "21": "Și Daniel i-a zis împăratului: „Veșnic să trăiești, împărate!",
        "22": "Dumnezeul meu l-a trimis pe îngerul Său și a închis gura leilor, care nu mi-au făcut niciun rău, pentru că am fost găsit nevinovat înaintea Lui. Și nici înaintea ta, împărate, n-am făcut nimic rău!”",
        "23": "Atunci împăratul s-a bucurat foarte mult și a poruncit să-l scoată pe Daniel din groapă. Daniel a fost scos din groapă și nu s-a găsit nicio rană pe el, pentru că avusese încredere în Dumnezeul său.",
        "24": "Împăratul a poruncit să-i aducă pe oamenii aceia care îl pârâseră pe Daniel. Și au fost aruncați în groapa cu lei ei, copiii lor și nevestele lor; și până să ajungă în fundul gropii, leii i-au și apucat și le-au fărâmițat oasele.",
        "25": "După aceea împăratul Darius a scris o scrisoare către toate popoarele, către toate neamurile, către oamenii de toate limbile care locuiau în toată împărăția: „Pacea să vă fie dată din belșug!",
        "26": "Poruncesc ca, în toată întinderea împărăției mele, oamenii să se teamă și să se înfricoșeze de Dumnezeul lui Daniel. Căci El este Dumnezeul cel viu și El dăinuie veșnic; împărăția Lui nu se va nimici niciodată, și stăpânirea Lui nu va avea sfârșit.",
        "27": "El izbăvește și mântuiește, El face semne și minuni în ceruri și pe pământ. El l-a izbăvit pe Daniel din ghearele leilor.”",
        "28": "Daniel a dus-o bine sub domnia lui Darius și sub domnia lui Cir Persanul."
    },
    "7": {
        "1": "În anul dintâi al lui Belșațar, împăratul Babilonului, Daniel a visat un vis și a avut vedenii în mintea lui pe când era în pat. În urmă a scris visul și a istorisit lucrurile de căpetenie.",
        "2": "Daniel a început și a zis: „În vedenia mea de noapte am văzut cum cele patru vânturi ale cerurilor au izbucnit pe Marea cea Mare.",
        "3": "Și patru fiare mari au ieșit din mare, deosebite una de alta.",
        "4": "Cea dintâi semăna cu un leu și avea aripi de vultur. M-am uitat la ea până în clipa când i s-au smuls aripile și, sculându-se de pe pământ, a stat drept în picioare ca un om și i s-a dat o inimă de om.",
        "5": "Și iată că o a doua fiară era ca un urs și stătea într-o rână; avea trei coaste în gură, între dinți, și i s-a zis: «Scoală-te și mănâncă multă carne!»",
        "6": "După aceea m-am uitat mai departe, și iată o alta ca un pardos, care avea pe spate patru aripi ca o pasăre; fiara aceasta avea și patru capete și i s-a dat stăpânire.",
        "7": "După aceea m-am uitat în vedeniile mele de noapte, și iată că era o a patra fiară, nespus de grozavă, de înspăimântătoare și de puternică; avea niște dinți mari de fier, mânca, sfărâma și călca în picioare ce mai rămânea; era cu totul deosebită de toate fiarele de mai înainte și avea zece coarne.",
        "8": "M-am uitat cu băgare de seamă la coarne, și iată că un alt corn mic a ieșit din mijlocul lor; și dinaintea acestui corn au fost smulse trei din cele dintâi coarne. Și cornul acesta avea niște ochi ca ochii de om și o gură care vorbea cu trufie.",
        "9": "Mă uitam la aceste lucruri până când s-au așezat niște scaune de domnie. Și un Îmbătrânit de zile a șezut jos. Haina Lui era albă ca zăpada, și părul capului Lui era ca niște lână curată; scaunul Lui de domnie era ca niște flăcări de foc, și roțile lui – ca un foc aprins.",
        "10": "Un râu de foc curgea și ieșea dinaintea Lui. Mii de mii de slujitori Îi slujeau și de zece mii de ori zece mii stăteau înaintea Lui. S-a ținut judecata și s-au deschis cărțile.",
        "11": "Eu mă uitam mereu din pricina cuvintelor pline de trufie pe care le rostea cornul acela: m-am uitat până când fiara a fost ucisă și trupul ei a fost nimicit și aruncat în foc, ca să fie ars.",
        "12": "Și celelalte fiare au fost dezbrăcate de puterea lor, dar li s-a îngăduit o lungire a vieții până la o vreme și un ceas anumit.",
        "13": "M-am uitat în timpul vedeniilor mele de noapte, și iată că pe norii cerurilor a venit unul ca un Fiu al Omului; a înaintat spre Cel Îmbătrânit de zile și a fost adus înaintea Lui.",
        "14": "I s-a dat stăpânire, slavă și putere împărătească, pentru ca să-I slujească toate popoarele, neamurile și oamenii de toate limbile. Stăpânirea Lui este o stăpânire veșnică și nu va trece nicidecum, și Împărăția Lui nu va fi nimicită niciodată.",
        "15": "Eu, Daniel, m-am tulburat cu duhul, și vedeniile din capul meu m-au înspăimântat.",
        "16": "M-am apropiat de unul din cei ce stăteau acolo și l-am rugat să-mi dea lămuriri temeinice cu privire la toate aceste lucruri. El mi-a vorbit și mi le-a tâlcuit astfel:",
        "17": "«Aceste patru fiare mari sunt patru împărați care se vor ridica pe pământ.",
        "18": "Dar sfinții Celui Preaînalt vor primi împărăția și vor stăpâni împărăția în veci, din veșnicie în veșnicie.»",
        "19": "În urmă am dorit să știu adevărul asupra fiarei a patra – care se deosebea de toate celelalte și era nespus de grozavă: avea dinți de fier și gheare de aramă, mânca, sfărâma și călca în picioare ce rămânea –,",
        "20": "asupra celor zece coarne pe care le avea în cap și asupra celuilalt corn care ieșise și înaintea căruia căzuseră trei, asupra cornului acestuia, care avea ochi, o gură care vorbea cu trufie și avea o înfățișare mai mare decât celelalte coarne.",
        "21": "Am văzut, de asemenea, cum cornul acesta a făcut război sfinților și i-a biruit,",
        "22": "până când a venit Cel Îmbătrânit de zile și le-a făcut dreptate sfinților Celui Preaînalt și a venit vremea când sfinții au luat în stăpânire împărăția.",
        "23": "El mi-a vorbit așa: «Fiara a patra este o a patra împărăție care va fi pe pământ. Ea se va deosebi de toate celelalte, va sfâșia tot pământul, îl va călca în picioare și-l va zdrobi.",
        "24": "Cele zece coarne înseamnă că din împărăția aceasta se vor ridica zece împărați. Iar după ei se va ridica un altul, care se va deosebi de înaintașii lui, și va doborî trei împărați.",
        "25": "El va rosti vorbe de hulă împotriva Celui Preaînalt, îi va asupri pe sfinții Celui Preaînalt și se va încumeta să schimbe vremurile și legea; și sfinții vor fi dați în mâinile lui timp de o vreme, două vremuri și o jumătate de vreme.",
        "26": "Apoi va veni judecata și i se va lua stăpânirea, care va fi prăbușită și nimicită pentru totdeauna.",
        "27": "Dar domnia, stăpânirea și puterea tuturor împărățiilor care sunt pretutindeni sub ceruri se vor da poporului sfinților Celui Preaînalt. Împărăția Lui este o împărăție veșnică și toate puterile Îi vor sluji și-L vor asculta.»",
        "28": "Aici s-au sfârșit cuvintele. Pe mine, Daniel, m-au tulburat nespus de mult gândurile mele și mi s-a schimbat culoarea feței, dar am păstrat cuvintele acestea în inima mea.”"
    },
    "8": {
        "1": "În anul al treilea al domniei împăratului Belșațar, eu, Daniel, am avut o vedenie, în afară de cea pe care o avusesem mai înainte.",
        "2": "Când am avut vedenia aceasta, mi s-a părut că eram în capitala Susa, în ținutul Elam, și în timpul vedeniei mele mă aflam lângă râul Ulai.",
        "3": "Am ridicat ochii, m-am uitat, și iată că într-un râu stătea un berbec și avea două coarne; coarnele acestea erau înalte, dar unul era mai înalt decât celălalt, și cel mai înalt a crescut cel din urmă.",
        "4": "Am văzut cum berbecul împungea cu coarnele spre apus, spre miazănoapte și spre miazăzi; nicio fiară nu putea să-i stea împotrivă și nimeni nu putea să scape pe cine-i cădea în mână, ci el făcea ce voia și a ajuns puternic.",
        "5": "Pe când mă uitam cu băgare de seamă, iată că a venit un țap de la apus și a cutreierat toată fața pământului, fără să se atingă de el; țapul acesta însă avea un corn mare între ochi.",
        "6": "A venit până la berbecul care avea coarne și pe care-l văzusem stând în râu și s-a repezit asupra lui cu toată puterea lui.",
        "7": "L-am văzut cum s-a apropiat de berbec, s-a aruncat încruntat asupra lui, a izbit berbecul și i-a frânt amândouă coarnele, fără ca berbecul să i se fi putut împotrivi; l-a trântit la pământ și l-a călcat în picioare, și nimeni n-a scăpat berbecul din mâna lui.",
        "8": "Țapul însă a ajuns foarte puternic, dar când a fost puternic de tot, i s-a frânt cornul cel mare. În locul lui au crescut patru coarne mari, în cele patru vânturi ale cerurilor.",
        "9": "Dintr-unul din ele a crescut un corn mic, care s-a mărit nespus de mult spre miazăzi, spre răsărit și spre țara cea minunată.",
        "10": "S-a înălțat până la oștirea cerurilor, a doborât la pământ o parte din oștirea aceasta și din stele și le-a călcat în picioare.",
        "11": "S-a înălțat până la căpetenia oștirii, i-a smuls jertfa necurmată și a surpat locul Locașului său celui sfânt.",
        "12": "Oastea a fost pedepsită din pricina păcatului săvârșit împotriva jertfei necurmate; cornul a aruncat adevărul la pământ și a izbutit în ce a început.",
        "13": "L-am auzit pe un sfânt vorbind; și un alt sfânt l-a întrebat pe cel ce vorbea: „În câtă vreme se va împlini vedenia despre desființarea jertfei necurmate și despre urâciunea pustiirii? Până când vor fi călcate în picioare sfântul Locaș și oștirea?”",
        "14": "Și el mi-a zis: „Până vor trece două mii trei sute de seri și dimineți; apoi sfântul Locaș va fi curățit!”",
        "15": "Pe când eu, Daniel, aveam vedenia aceasta și căutam s-o pricep, iată că înaintea mea stătea cineva care avea înfățișarea unui om.",
        "16": "Și am auzit un glas de om în mijlocul râului Ulai, care a strigat și a zis: „Gavrile, tâlcuiește-i vedenia aceasta!”",
        "17": "El a venit atunci lângă locul unde eram; și, la apropierea lui, m-am înspăimântat și am căzut cu fața la pământ. El mi-a zis: „Fii cu luare aminte, fiul omului, căci vedenia privește vremea sfârșitului!”",
        "18": "Pe când îmi vorbea el, am căzut cu fața la pământ leșinat. El m-a atins și m-a așezat iarăși în picioare în locul în care mă aflam.",
        "19": "Apoi mi-a zis: „Iată, îți arăt ce se va întâmpla în vremea de apoi a mâniei, căci vedenia aceasta privește vremea sfârșitului.",
        "20": "Berbecul pe care l-ai văzut, cu cele două coarne, sunt împărații mezilor și perșilor.",
        "21": "Țapul însă este împărăția Greciei, și cornul cel mare dintre ochii lui este cel dintâi împărat.",
        "22": "Cele patru coarne care au crescut în locul acestui corn frânt sunt patru împărății care se vor ridica din neamul acesta, dar care nu vor avea atâta putere.",
        "23": "La sfârșitul stăpânirii lor, când păcătoșii vor fi umplut măsura nelegiuirilor, se va ridica un împărat fără rușine și viclean.",
        "24": "El va fi tare, dar nu prin puterea lui însuși; el va face pustiiri de necrezut, va izbuti în tot ce va începe, îi va nimici pe cei puternici și chiar poporul sfinților.",
        "25": "Din pricina propășirii lui și a izbândirii vicleniilor lui, inima i se va îngâmfa, va pierde mulți oameni care trăiau liniștiți și se va ridica împotriva Domnului domnilor, dar va fi zdrobit fără ajutorul vreunei mâini omenești.",
        "26": "Iar vedenia cu serile și diminețile de care a fost vorba este adevărată. Tu pecetluiește vedenia aceasta, căci este cu privire la niște vremuri îndepărtate!”",
        "27": "Eu, Daniel, am stat leșinat și bolnav mai multe zile; apoi m-am sculat și mi-am văzut de treburile împăratului. Eram uimit de vedenia aceasta, și nimeni nu știa."
    },
    "9": {
        "1": "În anul dintâi al lui Darius, fiul lui Ahașveroș, din neamul mezilor, care ajunsese împărat peste împărăția haldeenilor,",
        "2": "în anul dintâi al domniei lui, eu, Daniel, am văzut din cărți că trebuiau să treacă șaptezeci de ani pentru dărâmăturile Ierusalimului, după numărul anilor despre care vorbise Domnul către prorocul Ieremia.",
        "3": "Și mi-am întors fața spre Domnul Dumnezeu ca să-L caut cu rugăciune și cereri, postind în sac și cenușă.",
        "4": "M-am rugat Domnului, Dumnezeului meu, și I-am făcut următoarea mărturisire: „Doamne, Dumnezeule mare și înfricoșător, Tu, care ții legământul și le dai îndurare celor ce Te iubesc și păzesc poruncile Tale!",
        "5": "Noi am păcătuit, am săvârșit nelegiuire, am fost răi și îndărătnici, ne-am abătut de la poruncile și orânduirile Tale.",
        "6": "Nu i-am ascultat pe robii Tăi, prorocii, care le-au vorbit în Numele Tău împăraților noștri, căpeteniilor noastre, părinților noștri și către tot poporul țării.",
        "7": "Tu, Doamne, ești drept, iar nouă ni se cuvine astăzi să ni se umple fața de rușine, nouă, tuturor oamenilor lui Iuda, locuitorilor Ierusalimului și întregului Israel, fie ei aproape, fie departe, în toate țările în care i-ai izgonit din pricina fărădelegilor de care s-au făcut vinovați față de Tine!",
        "8": "Doamne, nouă ni se cuvine să ni se umple fața de rușine, da, nouă, împăraților noștri, căpeteniilor noastre și părinților noștri, pentru că am păcătuit împotriva Ta!",
        "9": "La Domnul, Dumnezeul nostru, însă sunt îndurarea și iertarea, căci împotriva Lui ne-am răzvrătit.",
        "10": "N-am ascultat glasul Domnului, Dumnezeului nostru, ca să urmăm legile Lui pe care ni le pusese înainte prin robii Săi, prorocii,",
        "11": "ci tot Israelul a călcat Legea Ta și s-a abătut astfel ca să nu asculte de glasul Tău. De aceea ne-au și lovit blestemele și jurămintele scrise în Legea lui Moise, robul lui Dumnezeu, pentru că am păcătuit împotriva lui Dumnezeu.",
        "12": "El a împlinit astfel cuvintele pe care le rostise împotriva noastră și împotriva căpeteniilor noastre care ne-au cârmuit și a adus peste noi o mare nenorocire, așa cum niciodată și nicăieri sub cer nu s-a mai întâmplat o nenorocire ca aceea care a venit acum asupra Ierusalimului.",
        "13": "După cum este scris în Legea lui Moise, toată nenorocirea aceasta a venit peste noi, și noi nu L-am rugat pe Domnul, Dumnezeul nostru, nu ne-am întors de la nelegiuirile noastre și n-am luat aminte la adevărul Tău.",
        "14": "De aceea și Domnul S-a îngrijit ca nenorocirea aceasta să vină peste noi; căci Domnul, Dumnezeul nostru, este drept în toate lucrurile pe care le-a făcut, dar noi n-am ascultat glasul Lui.",
        "15": "Și acum, Doamne, Dumnezeul nostru, Tu, care ai scos poporul Tău din țara Egiptului prin mâna Ta cea puternică și Ți-ai făcut un Nume, așa cum este și astăzi, noi am păcătuit, am săvârșit nelegiuire,",
        "16": "dar, Doamne, după toată îndurarea Ta, abate mânia și urgia Ta de la cetatea Ta, Ierusalim, de la muntele Tău cel sfânt, căci din pricina păcatelor noastre și din pricina nelegiuirilor părinților noștri sunt Ierusalimul și poporul Tău de ocara tuturor celor ce ne înconjoară!",
        "17": "Ascultă dar, acum, Dumnezeul nostru, rugăciunea și cererile robului Tău și, pentru dragostea Domnului, fă să strălucească Fața Ta peste sfântul Tău Locaș pustiit!",
        "18": "Pleacă urechea, Dumnezeule, și ascultă! Deschide ochii și privește la dărâmăturile noastre și la cetatea peste care este chemat Numele Tău! Căci nu pentru neprihănirea noastră Îți aducem noi cererile noastre, ci pentru îndurările Tale cele mari.",
        "19": "Ascultă, Doamne! Iartă, Doamne! Ia aminte, Doamne! Lucrează și nu zăbovi, din dragoste pentru Tine, Dumnezeul meu! Căci Numele Tău este chemat peste cetatea Ta și peste poporul Tău!”",
        "20": "Pe când încă vorbeam eu, mă rugam, îmi mărturiseam păcatul meu și păcatul poporului meu, Israel, și îmi aduceam cererile înaintea Domnului, Dumnezeului meu, pentru muntele cel sfânt al Dumnezeului meu,",
        "21": "pe când vorbeam eu încă în rugăciunea mea, a venit repede în zbor, iute, omul Gavril, pe care-l văzusem mai înainte într-o vedenie, și m-a atins în clipa când se aducea jertfa de seară.",
        "22": "El m-a învățat, a stat de vorbă cu mine și mi-a zis: „Daniele, am venit acum să-ți luminez mintea.",
        "23": "Când ai început tu să te rogi, a ieșit cuvântul, și eu vin să ți-l vestesc; căci tu ești preaiubit și scump. Ia aminte dar la cuvântul acesta și înțelege vedenia!",
        "24": "Șaptezeci de săptămâni au fost hotărâte asupra poporului tău și asupra cetății tale celei sfinte până la încetarea fărădelegilor, până la ispășirea păcatelor, până la ispășirea nelegiuirii, până la aducerea neprihănirii veșnice, până la pecetluirea vedeniei și a prorociei și până la ungerea Sfântului Sfinților.",
        "25": "Să știi dar și să înțelegi că, de la darea poruncii pentru zidirea din nou a Ierusalimului până la Unsul (Mesia), la Cârmuitorul, vor trece șapte săptămâni; apoi, timp de șaizeci și două de săptămâni, piețele și gropile vor fi zidite din nou, și anume în vremuri de strâmtorare.",
        "26": "După aceste șaizeci și două de săptămâni, Unsul va fi stârpit și nu va avea nimic. Poporul unui domn care va veni va nimici cetatea și sfântul Locaș, și sfârșitul lui va fi ca printr-un potop; este hotărât că războiul va ține până la sfârșit și împreună cu el și pustiirile.",
        "27": "El va face un legământ trainic cu mulți timp de o săptămână, dar la jumătatea săptămânii va face să înceteze jertfa și darul de mâncare, și pe aripa urâciunilor idolești va veni unul care pustiește, până va cădea asupra celui pustiit prăpădul hotărât.”"
    },
    "10": {
        "1": "În anul al treilea al lui Cir, împăratul Persiei, i s-a descoperit un cuvânt lui Daniel, numit Beltșațar. Cuvântul acesta, care este adevărat, vestește o mare nenorocire. El a fost cu luare aminte la cuvântul acesta și a priceput vedenia.",
        "2": "În vremea aceea, eu, Daniel, trei săptămâni am fost în jale.",
        "3": "N-am mâncat deloc bucate alese, nu mi-a intrat în gură nici carne, nici vin și nici nu m-am uns deloc, până s-au împlinit cele trei săptămâni.",
        "4": "În a douăzeci și patra zi a lunii întâi eram pe malul râului celui mare, care este Hidechel (Tigru).",
        "5": "Am ridicat ochii, m-am uitat, și iată că acolo stătea un om îmbrăcat în haine de in și încins la mijloc cu un brâu de aur din Ufaz.",
        "6": "Trupul lui era ca o piatră de crisolit, fața îi strălucea ca fulgerul și ochii îi erau niște flăcări ca de foc, dar brațele și picioarele semănau cu niște aramă lustruită, și glasul lui tuna ca vuietul unei mari mulțimi.",
        "7": "Eu, Daniel, am văzut singur vedenia, dar oamenii care erau cu mine n-au văzut-o; totuși au fost apucați de o mare spaimă și au luat-o la fugă ca să se ascundă.",
        "8": "Eu am rămas singur și am văzut această mare vedenie. Puterile m-au lăsat, culoarea mi s-a schimbat, fața mi s-a sluțit și am pierdut orice vlagă.",
        "9": "Am auzit glasul cuvintelor lui și, pe când auzeam glasul cuvintelor lui, am căzut leșinat cu fața la pământ.",
        "10": "Și iată că o mână m-a atins și m-a așezat tremurând pe genunchii și mâinile mele.",
        "11": "Apoi mi-a zis: „Daniele, om preaiubit și scump, fii cu luare aminte la cuvintele pe care ți le voi spune acum și stai în picioare în locul unde ești, căci acum sunt trimis la tine!” După ce mi-a vorbit astfel, am stat în picioare tremurând.",
        "12": "El mi-a zis: „Daniele, nu te teme de nimic, căci cuvintele tale au fost ascultate din cea dintâi zi, când ți-ai pus inima să înțelegi și să te smerești înaintea Dumnezeului tău, și tocmai din pricina cuvintelor tale vin eu acum!",
        "13": "Dar căpetenia împărăției Persiei mi-a stat împotrivă douăzeci și una de zile, și iată că Mihail, una dintre căpeteniile cele mai de seamă, mi-a venit în ajutor și am ieșit biruitor acolo, lângă împărații Persiei.",
        "14": "Acum vin să-ți fac cunoscut ce are să i se întâmple poporului tău în vremurile de apoi, căci vedenia este cu privire tot la acele vremuri îndepărtate.”",
        "15": "Pe când îmi spunea el aceste lucruri, eu mi-am plecat ochii în pământ și am tăcut.",
        "16": "Și iată că cineva care avea înfățișarea copiilor oamenilor s-a atins de buzele mele. Eu am deschis gura, am vorbit și i-am zis celui ce stătea înaintea mea: „Domnul meu, vedenia aceasta m-a umplut de groază și am pierdut orice putere!",
        "17": "Cum ar putea robul domnului meu să-i vorbească domnului meu? Acum puterile m-au părăsit și nu mai am nici suflare!”",
        "18": "Atunci cel ce avea înfățișarea unui om m-a atins din nou și m-a întărit.",
        "19": "Apoi mi-a zis: „Nu te teme de nimic, om preaiubit! Pace ție! Fii tare și cu inimă!” Și pe când îmi vorbea el, am prins iar puteri și am zis: „Vorbește, domnul meu, căci m-ai întărit!”",
        "20": "El mi-a zis: „Știi pentru ce am venit la tine? Acum mă întorc să mă lupt împotriva căpeteniei Persiei; și când voi pleca, iată că va veni căpetenia Greciei.",
        "21": "Dar vreau să-ți fac cunoscut ce este scris în cartea adevărului. Nimeni nu mă ajută împotriva acestora, în afară de voievodul vostru Mihail."
    },
    "11": {
        "1": "În anul dintâi al lui Darius Medul, eram și eu la el, ca să-l ajut și să-l sprijin.",
        "2": "Acum, îți voi face cunoscut adevărul: iată că vor mai fi încă trei împărați în Persia. Cel de-al patrulea va strânge mai multă bogăție decât toți ceilalți și, când se va simți puternic prin bogățiile lui, va răscula totul împotriva împărăției Greciei.",
        "3": "Dar se va ridica un împărat viteaz, care va stăpâni cu o mare putere și va face ce va voi.",
        "4": "Și cum se va întări, așa se va și sfărâma împărăția lui și va fi împărțită în cele patru vânturi ale cerurilor, dar nu între urmașii lui și nici nu va fi tot atât de puternică pe cât era sub el, căci va fi făcută bucățele și va trece la alții, în afară de aceștia.",
        "5": "Împăratul de la miazăzi va ajunge tare. Dar unul din mai-marii lui va fi și mai tare decât el și va domni întemeind o mare împărăție.",
        "6": "După câțiva ani se vor uni, și fata împăratului de la miazăzi va veni ca nevastă la împăratul de la miazănoapte, ca să facă o învoială. Dar aceste mijloace de ajutorare nu vor avea nicio putere și nici celelalte mijloace ale ei nu vor putea ține piept, ci ea va fi dată la moarte împreună cu alaiul ei, cu tatăl ei și cu cel ce s-a legat cu ea.",
        "7": "În vremea aceea însă se va ridica în locul ei un lăstar din aceeași rădăcină cu ea și va veni împotriva oștirii Siriei; da, va intra în cetățuia împăratului de la miazănoapte, va face ce va voi cu ea și va fi biruitor.",
        "8": "Va ridica și va strămuta în Egipt, odată cu prinșii de război, chiar și dumnezeii și chipurile lor turnate, împreună cu vasele lor scumpe de argint și de aur. Apoi îl va lăsa câțiva ani în pace pe împăratul de la miazănoapte.",
        "9": "Acesta va porni împotriva împărăției împăratului de la miazăzi, dar se va întoarce iarăși în țara sa.",
        "10": "Totuși, fiii săi vor începe iarăși războiul și vor strânge o mare mulțime de oști, care va înainta, se va revărsa ca un râu care iese din matcă și-l vor împinge iarăși înapoi până la cetățuie.",
        "11": "Împăratul de la miazăzi, mâniat de aceasta, va ieși și se va lupta cu împăratul de la miazănoapte; va ridica o mare oștire, dar oștile împăratului de la miazănoapte vor fi date în mâinile lui și nimicite.",
        "12": "Atunci inima împăratului se va îngâmfa, va doborî zece mii, dar tot nu va birui.",
        "13": "Căci împăratul de la miazănoapte se va întoarce și va strânge o oștire mai mare decât cea dintâi și, după câtăva vreme, după câțiva ani, va porni în fruntea unei mari oștiri bine înarmate.",
        "14": "În vremea aceea se vor ridica mulți împotriva împăratului de la miazăzi, și o ceată de derbedei din poporul tău se vor răscula, ca să împlinească vedenia, dar vor cădea.",
        "15": "Împăratul de la miazănoapte va înainta, va ridica întărituri și va pune mâna pe cetățile întărite. Nici oștile de la miazăzi și nici chiar floarea oamenilor împăratului nu vor putea să țină piept, nu vor avea putere să se împotrivească.",
        "16": "Cel ce va merge împotriva lui va face ce va voi și nimeni nu i se va împotrivi; el se va opri în țara minunată, nimicind cu desăvârșire tot ce-i va cădea în mână.",
        "17": "Își va pune de gând să ia în stăpânire toată împărăția lui și, făcându-se că are gânduri curate cu el, i-o va da pe fiica sa de nevastă, cu gând să-l piardă, dar lucrul acesta nu se va întâmpla și nu-i va izbândi.",
        "18": "Apoi își va întoarce privirile înspre ostroave și va lua multe din ele, dar o căpetenie va pune capăt rușinii pe care voia el să i-o aducă și o va întoarce asupra lui.",
        "19": "Apoi se va îndrepta spre cetățuile țării lui, dar se va poticni, va cădea și nu-l vor mai găsi.",
        "20": "Cel ce-i va lua locul va aduce un asupritor în cea mai frumoasă parte a împărăției, dar în câteva zile va fi zdrobit, și anume nu prin mânie, nici prin război.",
        "21": "În locul lui se va ridica un om disprețuit, fără să aibă putere împărătească; dar se va ridica deodată și va pune mâna pe împărăție prin uneltire.",
        "22": "Oștile se vor revărsa ca un râu înaintea lui, dar vor fi nimicite împreună cu o căpetenie a legământului.",
        "23": "După ce se vor uni cu el, el va întrebuința o viclenie; va porni și va birui cu puțină lume.",
        "24": "Va intra pe neașteptate în locurile cele mai roditoare ale ținutului; va face ce nu făcuseră nici părinții lui, nici părinții părinților lui; va împărți prada, jafurile și bogățiile; va urzi la planuri împotriva cetățuilor, și aceasta va ține o vreme.",
        "25": "Apoi va porni în fruntea unei mari oștiri, cu puterea și mânia lui, împotriva împăratului de la miazăzi. Și împăratul de la miazăzi se va prinde la război cu o oaste mare și foarte puternică, dar nu va putea să țină piept, căci se vor urzi planuri rele împotriva lui.",
        "26": "Cei ce vor mânca bucate de la masa lui îi vor aduce pieirea; oștile lui se vor împrăștia ca un râu, și morții vor cădea în mare număr.",
        "27": "Cei doi împărați nu vor căuta decât să-și facă rău unul altuia; vor sta la aceeași masă și vor vorbi cu viclenie. Dar nu vor izbuti, căci sfârșitul nu va veni decât la vremea hotărâtă.",
        "28": "Când se va întoarce în țara lui cu mari bogății, în inima lui va fi vrăjmaș legământului sfânt, va lucra împotriva lui și apoi se va întoarce în țara lui.",
        "29": "La o vreme hotărâtă, va porni din nou împotriva împăratului de la miazăzi, dar de data aceasta lucrurile nu vor mai merge ca mai înainte,",
        "30": "ci niște corăbii din Chitim vor înainta împotriva lui, iar el, deznădăjduit, se va întoarce înapoi. Apoi, mânios împotriva legământului sfânt, nu va sta cu mâinile în sân, ci la întoarcere se va înțelege cu cei ce vor părăsi legământul sfânt.",
        "31": "Niște oști trimise de el vor veni și vor spurca sfântul Locaș, cetățuia, vor face să înceteze jertfa necurmată și vor așeza urâciunea pustiitorului. Îi va ademeni prin lingușiri pe cei ce rup legământul.",
        "32": "Dar aceia din popor care Îl vor cunoaște pe Dumnezeul lor vor rămâne tari și vor face mari isprăvi.",
        "33": "Înțelepții poporului îi vor învăța pe mulți. Unii vor cădea, pentru o vreme, loviți de sabie și de flacără, de robie și de jaf.",
        "34": "Când vor cădea, vor fi ajutați puțin, și mulți se vor uni cu ei din fățărnicie.",
        "35": "Chiar și din cei înțelepți mulți vor cădea, ca să fie încercați, curățiți și albiți până la vremea sfârșitului, căci sfârșitul nu va fi decât la vremea hotărâtă.",
        "36": "Împăratul va face ce va voi; se va înălța, se va slăvi mai presus de toți dumnezeii și va spune lucruri nemaiauzite împotriva Dumnezeului dumnezeilor și va propăși până va trece mânia, căci ce este hotărât se va împlini.",
        "37": "Nu va ține seamă nici de dumnezeii părinților săi, nici de dorința femeilor; cu un cuvânt, nu va ține seamă de niciun dumnezeu, ci se va slăvi pe sine mai presus de toți.",
        "38": "În schimb, îl va cinsti pe dumnezeul cetățuilor; acestui dumnezeu, pe care nu-l cunoșteau părinții săi, îi va aduce cinste cu aur și argint, cu pietre scumpe și lucruri de preț.",
        "39": "Cu ajutorul acestui dumnezeu străin va lucra împotriva locurilor întărite; cui îl va recunoaște îi va da mare cinste, îl va face să domnească peste mulți și îi va împărți moșii ca răsplată.",
        "40": "La vremea sfârșitului, împăratul de la miazăzi se va împunge cu el. Și împăratul de la miazănoapte se va năpusti ca o furtună peste el, cu care și călăreți și cu multe corăbii; va înainta asupra țărilor lui, se va revărsa ca un râu și le va îneca.",
        "41": "Va intra și în țara cea minunată, și zeci de mii vor cădea. Dar Edomul, Moabul și fruntașii copiilor lui Amon vor scăpa din mâna lui.",
        "42": "Își va întinde mâna peste felurite țări și nici țara Egiptului nu va scăpa.",
        "43": "Și se va face stăpân pe vistieriile de aur și de argint și pe toate lucrurile scumpe ale Egiptului. Libienii și etiopienii vor veni în alai după el.",
        "44": "Dar niște zvonuri venite de la răsărit și de la miazănoapte îl vor înspăimânta și atunci va porni cu o mare mânie ca să-i prăpădească și să-i nimicească cu desăvârșire pe mulți.",
        "45": "Își va întinde corturile palatului său între mare și muntele cel slăvit și sfânt. Apoi își va ajunge sfârșitul, și nimeni nu-i va fi într-ajutor."
    },
    "12": {
        "1": "În vremea aceea se va scula marele voievod Mihail, ocrotitorul copiilor poporului tău; căci aceasta va fi o vreme de strâmtorare cum n-a mai fost de când sunt neamurile și până la vremea aceasta. Dar în vremea aceea poporul tău va fi mântuit, și anume oricine va fi găsit scris în carte.",
        "2": "Mulți din cei ce dorm în țărâna pământului se vor scula: unii – pentru viața veșnică, și alții – pentru ocară și rușine veșnică.",
        "3": "Cei înțelepți vor străluci ca strălucirea cerului, și cei ce îi vor învăța pe mulți să umble în neprihănire vor străluci ca stelele în veac și în veci de veci.",
        "4": "Tu însă, Daniele, ține ascunse aceste cuvinte și pecetluiește cartea până la vremea sfârșitului! Atunci mulți o vor citi și cunoștința va crește.”",
        "5": "Și eu, Daniel, m-am uitat, și iată că alți doi oameni stăteau în picioare, unul dincoace de râu și altul dincolo de malul râului.",
        "6": "Unul dintre ei i-a zis omului aceluia îmbrăcat în haine de in, care stătea deasupra apelor râului: „Cât va mai fi până la sfârșitul acestor minuni?”",
        "7": "Și l-am auzit pe omul acela îmbrăcat în haine de in, care stătea deasupra apelor râului; el și-a ridicat spre ceruri mâna dreaptă și mâna stângă și a jurat pe Cel ce trăiește veșnic că vor mai fi o vreme, două vremuri și o jumătate de vreme și că toate aceste lucruri se vor sfârși când puterea poporului sfânt va fi zdrobită de tot.",
        "8": "Eu am auzit, dar n-am înțeles și am zis: „Domnul meu, care va fi sfârșitul acestor lucruri?”",
        "9": "El a răspuns: „Du-te, Daniele! Căci cuvintele acestea vor fi ascunse și pecetluite până la vremea sfârșitului.",
        "10": "Mulți vor fi curățiți, albiți și lămuriți; cei răi vor face răul și niciunul din cei răi nu va înțelege, dar cei pricepuți vor înțelege.",
        "11": "De la vremea când va înceta jertfa necurmată și de când se va așeza urâciunea pustiitorului, vor mai fi o mie două sute nouăzeci de zile.",
        "12": "Ferice de cine va aștepta și va ajunge până la o mie trei sute treizeci și cinci de zile!",
        "13": "Iar tu du-te până va veni sfârșitul; tu te vei odihni și te vei scula iarăși odată în partea ta de moștenire, la sfârșitul zilelor.”"
    }
}