{
    "1": {
        "1": "Вот послание, пришедшее пророку Аввакуму.",
        "2": "Господи, я продолжаю взывать о помощи! Когда же Ты услышишь меня? Я кричал о насилии и вновь взывал к Тебе, но Ты спасения не дал.",
        "3": "Люди грабят и обижают друг друга, между ними вражда и раздоры. Почему же Ты заставляешь меня смотреть на весь этот ужас?",
        "4": "Закон потерял силу и несправедлив к людям, а зло творящие выигрывают в борьбе против праведных. Закон утратил свою справедливость, и правосудие уже не торжествует!",
        "5": "Господь ответил Израилю: «Посмотрите на другие народы! Понаблюдайте за ними и будете удивлены, потому что ещё в дни вашей жизни Я собираюсь сделать такое, чему бы вы не поверили, даже если бы вам рассказали об этом.",
        "6": "Я сделаю вавилонский народ сильным. Эти люди — жестокие и могучие воины; они маршем пройдут по всей земле и завладеют домами и городами, не принадлежащими им.",
        "7": "Страшен и грозен этот народ. Они — сами себе закон и делают всё, что хотят.",
        "8": "Их кони быстрее барсов и злее волков на закате дня. Их всадники прискачут издалека и стремительно нападут на врагов как голодный орёл, бросающийся с высоты на свою добычу.",
        "9": "Всё, что они хотят, — это воевать! Их армии пройдут быстрым маршем, как стремительно проносится ветер в пустыне, и вавилонские воины захватят столько пленных, что словно песчинкам не будет им числа.",
        "10": "Вавилонские воины будут смеяться над царями других народов, а иноземные правители будут посмешищем для них. Вавилоняне будут смеяться над всеми укреплёнными городами и просто насыпят осадные валы до самого верха стен, и легко захватят города.",
        "11": "А затем они унесутся прочь как ветер и нападут на другие народы. Лишь собственной силе поклоняются они!»",
        "12": "И сказал тогда Аввакум: «Господь, Бог мой, Ты — вечно живущий! Ты — бессмертный мой Бог святой! Господи, Ты сотворил народ Вавилона для свершения суда. О, Скала моя, Ты определил ему наказать народ Иуды.",
        "13": "Твои глаза слишком чисты, чтобы смотреть на злодеяния и терпеть, когда люди творят несправедливость. Почему же Ты выносишь всё это зло? Почему Ты безмолвно наблюдаешь, как нечестивые губят тех, кто праведнее их?",
        "14": "Ты сотворил людей подобно рыбе в море, словно морских животных, у которых нет вожака.",
        "15": "Злой враг вытаскивает их крюками, ловит сетями и тащит неводами, а потом радуется и торжествует.",
        "16": "Сети помогают ему жить богато и есть изысканную пищу, и поэтому он боготворит свою сеть. Враг приносит ей жертвы и сжигает благовонное курение в её честь.",
        "17": "Так неужели он будет продолжать собирать свои богатства сетями? Неужели он будет беспощадно губить народы?»"
    },
    "2": {
        "1": "Я буду стоять на страже и ждать, что скажет мне Господь. Я буду ждать, и Он ответит на мои вопросы.",
        "2": "И ответил Господь: «Запиши видение, ясно и точно перенеси слова на глиняные скрижали так, чтобы люди могли прочесть их без труда.",
        "3": "Эта весть говорит о назначенном времени в будущем, она гласит о том, что произойдёт в конце, и это непременно сбудется. Будь терпелив и жди, потому что конец придёт без опоздания, и назначенное время обязательно наступит.",
        "4": "Эта весть не поможет тем, кто отказывается её слушать, но праведные люди будут жить, потому что они поверят ей».",
        "5": "Бог сказал: «Как вино обманывает человека, так и гордыня может одурачить сильного, но он не найдёт себе покоя. Он ненасытен как смерть, и как смерть он никогда не будет удовлетворён. Он будет продолжать захватывать и пленять все народы.",
        "6": "Но скоро все эти народы будут смеяться над ним и рассказывать о его поражении. Они скажут: „Горе тому, кто обогатил себя тем, что не принадлежит ему, и умножил свои долги. Как долго будешь ты так жить?”",
        "7": "Твои кредиторы внезапно восстанут против тебя и всё отнимут, и ужас наведут на тебя.",
        "8": "Ты разграбил много стран, поэтому те, кто остались в них, ограбят тебя. Всё это произойдёт потому, что ты пролил много человеческой крови, разорил земли и города и убил всех живущих в них.",
        "9": "Горе тебе, строящему своё богатство на лжи и обмане, даже несмотря на то, что твои поступки губят твою семью. Ты строишь свой дом на утёсах, желая защитить себя.",
        "10": "Ты замышляешь опозорить многие народы, но эти планы устыдят твою собственную семью. Ты совершил зло и поплатишься за это жизнью!",
        "11": "Каменные стены возопят против тебя, и деревянные перекрытия вину твою докажут.",
        "12": "Горе тебе, кто строит город на крови и возводит крепкие стены неправдой!",
        "13": "Господь Всемогущий определил, что огонь разрушит всё, что построил ты, и всё, что сделал ты, будет напрасно.",
        "14": "Тогда люди по всей земле узнают о славе Господа. И новость эта разнесётся, как растекается впадающая в море вода.",
        "15": "Горе будет тебе, так как ты заставляешь других испить чашу гнева твоего. Ты заставляешь их пить допьяна, а затем раздеваешь их, чтобы увидеть их наготу!",
        "16": "Но ты познаешь гнев Господний! Ты выпьешь чашу яда из правой руки Господа и тогда испытаешь гнев Его, и словно пьяница ты на землю упадёшь. Жестокий правитель, ты до дна выпьешь эту чашу, и вместо славы познаешь ты позор.",
        "17": "Ты вырубил леса Ливана, а также истребил животных, обитавших в них, и поэтому ты будешь жестоко наказан, и страх охватит тебя. Тебя одолеет страх, потому что ты проливал кровь людей, опустошал города в этой стране и уничтожал всех, кто там жил».",
        "18": "«Идол никому помочь не может, потому что это всего лишь статуя, покрытая металлом. Это лишь статуя, и поэтому человек, который её сделал, не может ожидать помощи от неё. Она даже не умеет говорить!",
        "19": "Горе будет тому, кто говорит деревянной статуе: „Оживи и спаси меня!” Горе будет тому, кто говорит безмолвному камню: „Проснись!” Это изваяние не может ему помочь. Оно покрыто золотом и серебром, но нет в нём жизни.",
        "20": "Но Господь пребывает в Своём святом храме, так пусть же с благоговением земля будет безмолвной перед Ним!»"
    },
    "3": {
        "1": "Молитва пророка Аввакума.",
        "2": "Господи, услышал я весть о Тебе, и я изумлён великими делами, которые Ты в прошлом совершил! Теперь же я молю, чтобы Ты сотворил великие дела и в наше время. Дай деяниям этим случиться в дни нашей жизни, но в гневе Своём вспомни и к нам милость прояви. Селах",
        "3": "Бог идёт из Фемана. Святой идёт от горы Фаран. Селах Величие Господа покрыло небеса! Славой Его наполнилась земля!",
        "4": "От руки Его исходят лучи света, она как яркий свет. В руке Его скрыта такая великая сила!",
        "5": "Впереди Него шли болезни, а по Его стопам разрушение шло.",
        "6": "Господь стоял и судил землю, и под Его взглядом в страхе затрепетали народы всех стран, обрушились вековые горы, и осели древние холмы. Испокон веков Господь совершал эти дела!",
        "7": "Я видел, что в беде города Кушана, а дома земли Мадиамской дрожали от страха.",
        "8": "Господи, разве гневался Ты на реки? Разве гневался Ты на потоки? Разве гневался Ты на море, когда скакали Твои кони и победоносные колесницы?",
        "9": "И даже тогда Ты показал радугу в доказательство Твоего соглашения с народами земли. Селах Ты рассёк землю реками.",
        "10": "Увидев Тебя, сотрясались вершины. Воды отступили от суши; вода морская взревела, потому что потеряла она власть над землёй.",
        "11": "Луна и солнце потеряли свой блеск и перестали светить, видя яркие вспышки Твоих молний. Эти молнии были подобны копьям и стрелам, летящим в небесах.",
        "12": "В гневе Ты проходил по земле, и, негодуя, Ты карал народы.",
        "13": "Ты пришёл, чтобы спасти Свой народ, чтобы вести к победе Тобою избранного царя. Ты убил главу каждой бесчестной семьи, от самых малых до самых великих в стране. Селах",
        "14": "Посохом Моисея Ты остановил солдат врага, которые, грозе подобно, пришли сражаться против нас. Они думали, что нас победить так же легко, как тайно ограбить бедняка.",
        "15": "Своих коней Ты провёл через море, от них всколыхнулись великие воды.",
        "16": "Всё моё тело сотряслось, когда я услышал рассказ, и губы задрожали мелкой дрожью. Ослабели кости мои, и я стоял содрогаясь. Но я терпеливо буду ждать тот день, когда гибель нагрянет на наших врагов.",
        "17": "Даже если фиговые деревья перестанут плодоносить и виноград не созреет на лозе, даже если оливы не принесут плодов и поля не дадут урожая, даже если не останется в загоне овец и не будет скота в стойлах,",
        "18": "я всё же буду радоваться в Господе и ликовать в Спасителе моём.",
        "19": "Господь Всемогущий даёт мне силу, Он помогает мне бежать как быстроногому оленю, и бережно в горы меня ведёт. Дирижёру хора. Для струнных инструментов."
    }
}