{
    "1": {
        "1": "Вас приветствует Павел, апостол, избранный не людьми, а Иисусом Христом и Богом Отцом, воскресившим Иисуса из мертвых.",
        "2": "Я обращаюсь к галатийским церквям с приветствиями от себя и от всех братьев, которые находятся со мной.",
        "3": "Благодать вам и мир от Бога, Отца нашего, и Господа Иисуса Христа.",
        "4": "Он пожертвовал Собой за грехи наши, чтобы избавить нас от злого мира, в котором мы живём. Такова была воля Бога, Отца нашего.",
        "5": "Слава Ему во веки веков! Аминь.",
        "6": "Я удивлён, что вы так быстро отвернулись от Бога, призвавшего вас благодатью Христовой, и обратились к иному Благовестию,",
        "7": "но на самом деле иного Благовестия нет. Однако есть люди, которые смущают вас, пытаясь извратить Благовестие Христово.",
        "8": "Но даже если мы или Ангел с небес станем проповедовать вам Благовестие, отличающееся от того, которое мы благовествовали вам, то пусть тот будет проклят!",
        "9": "Мы говорили раньше, и теперь я снова повторяю это: вы уже получили спасение, и если кто станет проповедовать иное Благовестие, чем то, что мы благовествовали вам, то пусть он будет проклят!",
        "10": "У людей ли я ищу одобрения или у Бога? Людям ли стараюсь угодить? Если бы я старался угодить людям, то не был бы слугой Христовым.",
        "11": "Братья и сёстры, я хочу, чтобы вы знали, что Благовестие, которое я проповедовал, — не от людей.",
        "12": "Не человек научил меня этому Благовестию, но Иисус Христос открыл мне его!",
        "13": "Вы слышали о моём прежнем образе жизни в иудействе, и знаете, что я жестоко преследовал церковь Божью и пытался уничтожить её.",
        "14": "В исповедании иудейской религии я опережал многих сотоварищей-иудеев моего возраста, так как я был весьма предан учению, полученному от моих предков.",
        "15": "И когда Бог, избравший меня ещё до моего рождения по благодати Своей, призвал меня,",
        "16": "чтобы открыть мне Своего Сына, я тотчас же начал благовествовать о Нём среди язычников. Я не стал советоваться ни с кем из людей",
        "17": "и не пошёл в Иерусалим к предшествовавшим мне апостолам. Вместо этого я пошёл в Аравию, а затем вернулся в Дамаск.",
        "18": "Затем, три года спустя, я отправился в Иерусалим, чтобы познакомиться с Кифой, и пробыл с ним пятнадцать дней.",
        "19": "Однако других апостолов я не встретил, только Иакова, брата Господа.",
        "20": "Бог — мой свидетель в том, что я не лгу.",
        "21": "Затем я отправился в Сирию и Киликию.",
        "22": "Но ни с кем из тех людей, которые принадлежали церквям Христовым в Иудее, я лично не был знаком.",
        "23": "Они только слышали, что люди говорили обо мне: «Человек, который раньше преследовал нас, теперь провозглашает веру, которую когда-то пытался искоренить».",
        "24": "И они прославили Бога за меня."
    },
    "2": {
        "1": "Потом, четырнадцать лет спустя, сопровождаемый Варнавой, я снова отправился в Иерусалим; я также взял с собой и Тита.",
        "2": "Я пошёл, потому что Бог открыл мне, что я должен пойти. Я изложил им Благую Весть так, как я проповедую её среди язычников, но сделал это не всенародно, а только среди тех, кто был уважаем среди них. Я поступил так, чтобы убедиться в том, что мы преодолели все разногласия. Тогда они не смогут сказать, что мой труд был напрасен.",
        "3": "Даже Тита, бывшего со мной, они не принуждали сделать обрезание, хотя он грек.",
        "4": "Мы должны были рассказать об этом, потому что некие лжебратья тайно проникли к нам, чтобы выведать о той свободе, которую мы имеем во Христе Иисусе, с тем, чтобы поработить нас.",
        "5": "Но мы не поддались им, чтобы истина, воплощённая в Благовестии, оставалась с вами.",
        "6": "Иудеи, которые считались важными людьми, не изменили моего учения Благой Вести. (Кто бы они ни были — мне безразлично. Все люди равны перед Богом).",
        "7": "Наоборот, они убедились в том, что мне было доверено нести Благовестие язычникам, так же как Петру было доверено проповедовать Благую Весть иудеям.",
        "8": "Потому что Тот, Кто сделал Петра апостолом иудеев, сделал меня апостолом язычников.",
        "9": "Все считали Иакова, Петра и Иоанна пастырями в церкви. Когда же они увидели мой духовный дар, которым Бог наделил меня, то признали меня и Варнаву товарищами в общем деле и согласились, что мы должны отправиться проповедовать язычникам, а они — иудеям.",
        "10": "Иаков, Пётр и Иоанн просили только не забывать о нищих, и я сам горел желанием заботиться о них.",
        "11": "Однако, когда Пётр пришёл в Антиохию, я открыто выступил против него, потому что он был неправ.",
        "12": "По прибытии в Антиохию, Пётр свободно общался и ел вместе с язычниками. Но, когда несколько посланцев Иакова прибыли в Антиохию, он отделился от язычников, так как боялся тех евреев, которые утверждали, что все язычники должны подвергнуться обрезанию.",
        "13": "Остальные иудеи присоединились к нему в этом лицемерии до такой степени, что даже Варнаву их лицемерие ввело в заблуждение.",
        "14": "Когда я увидел, что они не ведут себя как должно, в соответствии с истиной Благой Вести, то я сказал Кифе перед всеми: «Если ты, иудей, живёшь как язычник, а не как иудей, то как же ты можешь принуждать язычников следовать обычаям иудеев?»",
        "15": "Мы — иудеи по рождению и не принадлежим к «грешникам-язычникам».",
        "16": "Но тем не менее нам известно, что никто не будет оправдан перед Богом лишь потому, что соблюдает закон, а только если уверует в Иисуса Христа. Именно поэтому мы и поверили в Иисуса, чтобы быть оправданными перед Богом через веру во Христа, а не за соблюдение закона.",
        "17": "Но если мы, евреи, получили оправдание перед Богом во Христе, то это означает, что мы также были повинны в грехе. В этом случае, Христос ли сделал нас грешниками? Конечно же, нет!",
        "18": "Так как если я снова начну проповедовать то, от чего отрёкся, то стану нарушителем закона.",
        "19": "Ведь с помощью закона я «умер» для закона, чтобы жить для Бога. Я был распят вместе с Христом,",
        "20": "так что сам я больше не живу, но Христос живёт во мне. Своей жизнью во плоти я обязан вере в Сына Божьего, Который возлюбил меня и предложил Себя в жертву вместо меня.",
        "21": "Я не отрекаюсь от дара благодати Божьей, поскольку если благочестие достигается через закон, то Христос умер напрасно!"
    },
    "3": {
        "1": "О неразумные галаты! Находясь перед вами, через свои проповеди я лично объявил вам о смерти Иисуса Христа на кресте. Но вы забыли обо всём этом, как будто поддавшись колдовским чарам.",
        "2": "Я хочу узнать от вас только одно: получили ли вы Духа благодаря соблюдению закона или же потому, что слушали Благовестие и поверили в него?",
        "3": "Неужели вы настолько неразумны, что жизнь, начатую с Духом, вы теперь пытаетесь усовершенствовать человеческими усилиями?",
        "4": "Неужели всё то, что вы испытали, было напрасно? Я надеюсь, что это всё не было понапрасну!",
        "5": "Разве Бог, Который даровал вам Духа и Который творит среди вас чудеса, делает это потому, что вы соблюдаете закон, а не потому, что вы слушали Благовествование и поверили в него?",
        "6": "Как сказано в Писаниях об Аврааме: «Он поверил Богу и был оправдан этим».",
        "7": "Значит, вы должны знать, что те, кто верят, — настоящие потомки Авраама.",
        "8": "Писание предсказало, что Бог оправдает язычников через их веру, и Аврааму было заранее объявлено через Благовестие: «Все народы получат через тебя благодать».",
        "9": "Следовательно, все те, кто верят, благословенны вместе с Авраамом, который верил.",
        "10": "Но все, кто полагаются на соблюдение закона, — прокляты, потому что в Писаниях сказано: «Проклят всякий, кто не соблюдает всё, что записано в книге закона».",
        "11": "Значит, ясно, что никто не будет праведен перед Богом через соблюдение закона, потому что «праведный через веру жить будет».",
        "12": "Закон же основан не на вере, но как в Писаниях сказано: «Кто соблюдает заповеди, будет жить через них».",
        "13": "Христос освободил нас от проклятия, наложенного на нас законом, приняв на Себя это проклятие вместо нас, потому что в Писаниях сказано: «Проклят всякий, повешенный на дереве».",
        "14": "Христос освободил нас, чтобы благословение, данное Аврааму, было даровано и язычникам. Христос умер, чтобы мы, веруя в Него, обрели обещанного Духа.",
        "15": "Братья и сёстры, я приведу вам пример из обыденной жизни. Никто не может отменить соглашение между людьми или добавить к нему что-либо после того, как оно принято.",
        "16": "Обещания были даны Аврааму и его Потомку. Не сказано «и его потомкам» как о множестве людей, но говорится как об одном Человеке — «и Потомку твоему», Которым и был Христос.",
        "17": "Вот что я имею в виду: закон, который появился спустя четыреста тридцать лет, не мог отменить договор, ранее принятый Богом, и таким образом отменить обещание.",
        "18": "Потому что если бы наследие зависело от закона, то оно не было бы основано на обещании. Бог же даровал его Аврааму через Своё обещание.",
        "19": "Каково же тогда назначение закона? Он был дарован людям из-за их грехов, пока не придёт Потомок Авраама, Которому и было дано обещание Божье. Закон был дан израильскому народу через Ангелов с помощью посредника Моисея.",
        "20": "Но Божье обещание было дано без посредника, так как посредник не нужен, когда существует всего лишь одна сторона. Бог же — един.",
        "21": "Означает ли это, что закон противоречит обещанию Божьему? Конечно же, нет! Потому что если был дарован закон, который мог принести людям жизнь, то праведность пришла бы от этого закона.",
        "22": "Но Писание объявило, что весь мир находится в плену греха, поэтому то, что обещано на основании веры в Иисуса Христа, может быть даровано верующим.",
        "23": "Прежде чем пришла эта вера, мы находились под опекой закона и были пленниками до тех пор, пока Бог не явил нам пришедшую веру.",
        "24": "Таким образом, закон был нашим строгим опекуном, который должен был привести нас к Христу, чтобы мы могли оправдаться на основании нашей веры.",
        "25": "Теперь же, когда пришла вера, у нас больше нет необходимости в этом строгом опекуне.",
        "26": "Все вы — дети Божьи благодаря вере своей во Христа Иисуса,",
        "27": "потому что все вы, кто был крещён во Христе, облачились во Христа, как будто бы вы надели новую одежду.",
        "28": "Нет разницы между иудеем и язычником, между рабом и свободным человеком, между мужчиной и женщиной, потому что все едины во Христе Иисусе.",
        "29": "Если вы принадлежите Христу, то вы — потомки Авраама и наследники в соответствии с обещанием, которое дал ему Бог."
    },
    "4": {
        "1": "Вот что хочу сказать вам: до тех пор пока наследник ещё ребёнок, он ничем не отличается от раба, хотя и владеет всем.",
        "2": "Он находится под охраной опекунов и домоправителей до времени, назначенного его отцом.",
        "3": "Так же и мы, пока были «детьми», подчинялись бесполезным законам этого мира.",
        "4": "В надлежащее время Бог послал нам Своего Сына, рождённого от женщины и жившего по закону,",
        "5": "для того, чтобы освободить тех, кто находятся под властью закона. Бог совершил всё это, так как хотел сделать нас Своими детьми.",
        "6": "И так как вы — Его дети, Бог послал в ваши сердца Духа Сына Своего, взывающего: « Авва! Отец!»",
        "7": "Таким образом, ты более не раб, а сын. А если ты сын, то Бог сделал тебя и наследником.",
        "8": "В прошлом, когда вы не знали Бога, вы были рабами богов, которые на самом деле не являются богами.",
        "9": "Но теперь вы знаете истинного Бога или, вернее, это Бог знает вас! Так почему же вы опять возвращаетесь к этим жалким, бесполезным законам, которым снова пытаетесь служить?",
        "10": "Вы соблюдаете особые дни, месяцы, сезоны и годы.",
        "11": "Я боюсь, что весь мой труд на благо вам был напрасен.",
        "12": "Братья и сёстры мои, умоляю вас: уподобьтесь мне, ведь я же уподобился вам. Поэтому, следуя моему примеру, освободитесь от закона, ведь вы были так добры ко мне.",
        "13": "Вы знаете, что когда я впервые пришёл к вам больной и начал проповедовать Благую Весть,",
        "14": "то несмотря на то что моё состояние было испытанием для вас, вы не презрели меня и не отвергли. Наоборот, вы приветствовали меня как Ангела Божьего, как если бы я был самим Христом Иисусом.",
        "15": "Так что же случилось с вашей радостью? Я сам свидетель тому, что если бы вы могли, то вынули бы свои глаза и отдали их мне.",
        "16": "Неужели я стал вашим врагом из-за того, что говорил вам правду?",
        "17": "Эти люди так усердно стараются привлечь вас к себе, но это вам не во благо. Они пытаются увести вас от меня, чтобы вы упорно трудились для них.",
        "18": "Безусловно, упорный труд вам всегда во благо, но лишь когда он направлен на добрые дела. Поэтому трудитесь не только пока я нахожусь среди вас, но и когда меня с вами нет.",
        "19": "Дорогие дети мои! Словно женщина, которая переживает родовые муки, я снова и снова буду испытывать боль ради вас до тех пор, пока вы воистину не станете подобны Христу.",
        "20": "Я хотел бы сейчас быть среди вас, и тогда, возможно, я изменил бы свой тон, так как не знаю, что делать с вами.",
        "21": "Скажите же мне: вы, кто хочет быть в повиновении закону, разве не слышите, что говорит закон?",
        "22": "Он гласит, что у Авраама было два сына, один от рабыни, а другой от свободной женщины.",
        "23": "Тот, кто был от рабыни, родился при обычных обстоятельствах, тот же, кто был от свободной, родился согласно обещанию, данному Богом.",
        "24": "Эти события имеют скрытое значение. Эти женщины олицетворяют собой два соглашения. Одно было дано Богом на горе Синай, и от него-то и пошли люди, обречённые на рабство. Это соглашение олицетворяет собой Агарь.",
        "25": "Агарь воплощает собой гору Синай в Аравии и соответствует земному Иерусалиму, жители которого являются рабами закона.",
        "26": "Тот же Иерусалим, который в небесах, — свободен. Небесный Иерусалим — мать наша!",
        "27": "В Писаниях сказано: «Радуйся, бесплодная, не знавшая деторождения. Разразись криками ликования, та, которая не знала мук родовых, потому что детей у одинокой матери больше, чем у той, которая замужем».",
        "28": "Вы же, братья и сёстры, подобно Исааку — дети, родившиеся в результате обещания Бога.",
        "29": "Но как тогда родившийся при обычных обстоятельствах преследовал родившегося по воле Духа, так и теперь.",
        "30": "Что же сказано в Писаниях? «Отошлите прочь рабыню и её сына, потому что сын рабыни не будет наследником наравне с сыном свободной женщины».",
        "31": "А потому, братья и сёстры, мы — не дети рабыни. Напротив, мы — дети свободной женщины."
    },
    "5": {
        "1": "Христос освободил нас, чтобы мы жили свободно. Поэтому крепитесь в этой свободе и не возвращайтесь в рабство!",
        "2": "Слушайте! Я, Павел, говорю вам: если вы возвратитесь в лоно закона через обрезание, то не будет вам никакой пользы от Христа! Так оставайтесь же тверды и не взваливайте на себя вновь бремя рабства.",
        "3": "Ещё раз говорю всем тем, кто подвергает себя обрезанию, что они обязаны соблюдать весь закон.",
        "4": "Если вы пытаетесь получить оправдание перед Богом через соблюдение закона, то больше не имеете ничего общего с Христом. Теперь вы вне благодати Божьей.",
        "5": "Через веру мы ревностно ожидаем оправдания перед Богом, на которое твёрдо надеемся благодаря Духу.",
        "6": "Потому что во Христе Иисусе не имеет силы ни обрезание, ни необрезание, а лишь вера, проявляющаяся в поступках, совершаемых по любви.",
        "7": "Вы так преуспели в учении Божьем. Кто же помешал вам следовать истине?",
        "8": "Доводы, уводящие вас от правды, не исходят от Призвавшего вас.",
        "9": "Немного дрожжей заквашивают целую опару.",
        "10": "Я уверен в Господе, что вы не примите тех ложных идей. Тот же, кто вводит вас в заблуждение, поплатится за это, кем бы он ни был.",
        "11": "Братья и сёстры, если я всё ещё проповедую обрезание, как утверждают некоторые, то почему же меня и теперь преследуют? И если бы я всё ещё учил, что каждый должен подвергнуться обрезанию, то мои проповеди о кресте перестали бы оскорблять иудеев.",
        "12": "Я бы хотел, чтобы те, кто возмущают ваше спокойствие, не только подверглись обрезанию, но и оскоплению!",
        "13": "Вы же, братья и сёстры, были призваны Богом, чтобы жить свободно. Однако пусть свобода не станет для вас поводом удовлетворять свою греховную природу! Вместо того служите друг другу с любовью.",
        "14": "Потому что весь закон сводится к одному утверждению, которое гласит: «Люби ближнего своего, как самого себя».",
        "15": "Если же вы будете по-прежнему вредить друг другу и приносить страдания, то смотрите, как бы вы полностью не истребили друг друга!",
        "16": "Но я говорю: пусть Дух направляет вашу жизнь, и тогда вы не поддадитесь влиянию своей греховной природы.",
        "17": "Потому что то, чего желает наша греховная природа, противно Духу, а то, чего желает Дух, противно греховной природе. Это две противоположности. И, следовательно, вы не делаете того, чего хотели бы.",
        "18": "Но как ведомые Духом, вы неподвластны закону.",
        "19": "Поступки, совершаемые греховной природой, известны: прелюбодеяние, блуд, нечистота, похоть,",
        "20": "идолопоклонство, колдовство, вражда, ссоры, зависть, злоба, распри, разногласия, противоречия,",
        "21": "ревность, пьянство, дикие оргии и тому подобное. Относительно всего этого я предупреждаю вас, как предупреждал и раньше, что тем, кто занимается подобным, не будет места в Царстве Божьем.",
        "22": "Дух же порождает любовь, радость, мир, терпение, благость, доброту, верность,",
        "23": "кротость и воздержание. Нет закона против этого!",
        "24": "Те, кто принадлежат Христу Иисусу, распяли свою греховную природу с её страстями и желаниями.",
        "25": "Так как Дух — источник нашей новой жизни, так давайте же будем следовать ему.",
        "26": "Не будем самовлюблёнными, не будем подстрекать друг друга и завидовать друг другу."
    },
    "6": {
        "1": "Братья и сёстры, если кто-либо согрешит, то вы, кто повинуются Духу, верните этого человека на путь истинный, но делайте это по-доброму и следите за собой, чтобы самим не подвергнуться искушению греха.",
        "2": "Помогайте друг другу в трудностях, и именно так вы сможете соблюсти закон Христа.",
        "3": "Потому что тот, кто думает о себе, что он важен, когда на самом деле он вовсе неважен, тот обманывает себя.",
        "4": "Каждый должен проверить своё поведение и тогда сможет гордиться своими достижениями, не сравнивая себя с другими.",
        "5": "Так каждый должен нести своё собственное бремя.",
        "6": "Кто изучает слово Божье, должен делиться всем добром со своим наставником.",
        "7": "Если вы думаете, что можете обмануть Бога, то тем самым обманываете лишь самих себя. Что посеете, то и пожнёте.",
        "8": "Если вы живёте, потворствуя своей греховной природе, то пожнёте смерть вечную. Если же вы живёте, угождая Духу, то пожнёте от него вечную жизнь.",
        "9": "Так не уставайте же творить добро, потому что мы пожнём нашу жатву в должное время, если не отступим.",
        "10": "Итак, если у нас есть возможность, будем творить добро всем людям, а особенно братьям нашим по вере.",
        "11": "Подчёркивая важность сказанного, я заканчиваю письмо своей собственной рукой. Вы сами можете в этом убедиться, увидев, какими крупными буквами я пишу.",
        "12": "Все те, кто хотят завоевать всеобщее одобрение, пытаются принудить вас к обрезанию, но лишь для того, чтобы избежать преследования за крест Христа.",
        "13": "Но даже те, кто подвергаются обрезанию, сами не соблюдают закон. Они принуждают вас к обрезанию, чтобы потом хвалиться этим.",
        "14": "Я же не буду хвалиться ничем, кроме креста Господа нашего Иисуса Христа! На этом кресте был распят мир, и сам я был распят для мира.",
        "15": "Потому что ни обрезание, ни необрезание ничего не значат. Важно лишь, чтобы вы стали новым созданием Божьим.",
        "16": "Да пребудет мир и милость с теми, кто следует этому правилу, — со всеми людьми Божьими.",
        "17": "И ещё, пусть никто больше не причиняет мне беспокойства, так как я ношу раны Иисуса на своём теле.",
        "18": "Пусть благодать Господа нашего Иисуса Христа будет с вами, братья и сёстры! Аминь."
    }
}