{
    "1": {
        "1": "Павел, волей Божьей апостол Христа Иисуса, обращается с приветствиями к верующим людям Божьим, принадлежащим Христу Иисусу, которые живут в Ефесе.",
        "2": "Благодать вам и мир от Бога Отца нашего и Господа Иисуса Христа.",
        "3": "Благословен будет Бог и Отец Господа нашего Иисуса Христа! Во Христе Он благословил нас всеми духовными благословениями в небесах.",
        "4": "Во Христе Бог избрал нас ещё до сотворения мира, чтобы мы были святы и непорочны перед Ним. Из Своей любви к нам",
        "5": "Он решил усыновить нас через Иисуса Христа. Таковы были Его цель и желание.",
        "6": "Он сделал это, чтобы мы воздавали хвалу Его благодати, которую Он свободно даровал нам по благоволению в лице Своего любимого Сына.",
        "7": "Во Христе мы обрели свободу от греха через жертву, принесённую Им. Мы получили отпущение грехов благодаря Его бесконечной благодати,",
        "8": "которую Он излил на нас потоками в глубочайшей мудрости и всеведении Своём.",
        "9": "Он открыл нам Свою тайную волю, которая проявилась нам через Христа, потому что так было Ему угодно.",
        "10": "Согласно Своей воле, Бог пожелал воссоединить в надлежащее время всё сотворённое на небе и на земле во Христе.",
        "11": "Во Христе мы были избраны Богом, потому что так была предопределена наша судьба в соответствии с намерением Того, Кто свершает всё согласно Своей воле.",
        "12": "Это было сделано для того, чтобы мы, евреи, получившие первыми надежду во Христе, имели повод восславить Бога во всём Его величии.",
        "13": "Вы также слышали истинное послание Благой Вести, в котором Бог рассказал о вашем спасении. Через Благую Весть вы уверовали в Иисуса Христа и были отмечены печатью Святого Духа, обещанного вам Богом.",
        "14": "Святой Дух — залог нашего наследия. Он предназначен Богом для обретения нашей полной свободы, и теперь мы принадлежим Ему. Бог совершил это, чтобы вы могли восславить Его во всём Его величии.",
        "15": "С тех пор как я услышал о вашей вере в Господа Иисуса и о вашей любви ко всем людям Божьим,",
        "16": "я не перестаю благодарить Бога за вас, вспоминая вас в своих молитвах.",
        "17": "Пусть Бог Господа нашего Иисуса Христа, славный Отец, дарует вам Духа, который откроет вам истину о Боге и поможет вам понять её, чтобы эта истина способствовала более глубокому познанию Бога.",
        "18": "Пусть ваш разум станет восприимчив к Его истине, чтобы вы узнали надежду, к которой Он призвал вас, и как великолепно наследие, которое Он дарит всем святым людям Своим.",
        "19": "Знайте же, что для нас, верующих, Божья сила ни с чем не сравнима! Это та же великая сила,",
        "20": "которой Он воскресил Христа из мёртвых и посадил Его по правую руку от Себя в небесных владениях.",
        "21": "Бог поместил Его выше всех правителей, властей, сил и царей, а также выше любого звания, которое может быть присвоено не только в наше время, но и во все будущие времена.",
        "22": "Бог отдал всё под власть Христа и сделал Его главой над всем во благо церкви.",
        "23": "Церковь — тело Христа, и Он наполняет Собой всё и вся."
    },
    "2": {
        "1": "Вы были мертвы духовно из-за своих преступлений против Бога и грехов,",
        "2": "в которых пребывали ранее. Вы следовали путями мирскими и повиновались князю злых сил, обитающих над землёй, духу, действующему сейчас в тех, кто непослушен Богу.",
        "3": "В прошлом мы жили так же, как и те люди, потакая потребностям своей греховной природы и следуя греховным желаниям и мыслям. Как и все остальные в мире, мы были обречены испытать на себе гнев Божий.",
        "4": "Но Бог щедр в Своём милосердии и возлюбил нас великой любовью.",
        "5": "Когда мы были духовно мертвы из-за своих грехов, совершённых против Бога, Он даровал нам жизнь вместе с Христом. Вы обрели спасение благодаря Божьей благодати.",
        "6": "Нас, кто во Христе Иисусе, Он воскресил к жизни вместе с Христом и посадил вместе с Ним на престоле в небесных владениях.",
        "7": "Бог явил нам, тем, кто принадлежит Иисусу Христу, несравнимую полноту Своей доброты и благодати на все времена.",
        "8": "Вы уверовали и поэтому были спасены благодаря вашей вере. Не своими силами вы обрели спасение. Ваше спасение — дар Божий,",
        "9": "а не вознаграждение за труды, так что никто не может хвалиться собой.",
        "10": "Бог сотворил нас такими, какие мы есть. Он создал нас новыми людьми во Христе Иисусе для того, чтобы мы могли посвятить нашу жизнь совершению добрых дел, которые Бог предопределил для нас заранее.",
        "11": "Вы не были рождены евреями, вы те, кого евреи называют «необрезанными», а себя они называют «обрезанными» (имея в виду действие, производимое человеческими руками).",
        "12": "Так помните, что в прошлом вы жили без Христа и не принадлежали к числу Божьих людей Израиля. Для вас оставались чужими соглашения, связанные с обещанием Божьим, и вы жили в этом мире без надежды и без Бога.",
        "13": "Теперь же во Христе Иисусе, вы, когда-то бывшие далеко от Бога, были приближены к Нему через кровную жертву Христа.",
        "14": "Потому что Он — наш источник мира. Он объединил нас в один народ и разрушил преграду, созданную разобщающей стеной враждебности, принеся в жертву Своё тело.",
        "15": "Он покончил с законом, со всеми его правилами и уставами, чтобы обеспечить мир, создав в Себе из двух групп людей новый народ,",
        "16": "и через Свою смерть на кресте объединить оба народа перед Богом в едином теле, и уничтожить враждебность.",
        "17": "Тогда Он пришёл и стал проповедовать мир вам, тем, кто был далёк, и тем, кто был близок,",
        "18": "потому что через Него мы соединились с Отцом в одном Духе.",
        "19": "И, следовательно, вы, неевреи, более не чужие и не посторонние. Напротив, вы сограждане со святыми людьми Божьими.",
        "20": "Вы строите на основании, которое держится на апостолах и пророках, а Иисус Христос является краеугольным камнем этого основания.",
        "21": "Он поддерживает Собой всё это строение, и оно растёт, чтобы стать святым храмом Господа.",
        "22": "Через Него и вы вместе с остальными созидаете себя, образуя жилище, где Бог будет жить через Святого Духа."
    },
    "3": {
        "1": "Я, Павел, нахожусь в заключении потому, что служу Христу Иисусу ради вас, язычники.",
        "2": "Вы, несомненно, слышали о том, как Божья благодать была оказана мне ради вашего блага.",
        "3": "Через откровение мне стала известна тайна Божья, о чём я уже кратко писал раньше,",
        "4": "и если вы прочтёте это, то сможете понять, что я познал тайную истину о Христе.",
        "5": "Прежним поколениям людей эта тайна не была объявлена так, как сейчас открылась она Его святым апостолам и пророкам через Духа.",
        "6": "Эта тайна состоит в том, что язычники вместе с евреями, приняв Благую Весть, станут сонаследниками, сочленами одного и того же тела и соучастниками в том, что обещано Богом через Иисуса Христа.",
        "7": "По благодати Божьей, дарованной мне Его властью, я стал слугой, проповедующим Благую Весть.",
        "8": "Хотя я и меньше самого ничтожного из всех людей Божьих, мне был дан дар проповедовать язычникам о непостижимом богатстве Христа",
        "9": "и разъяснять всем, в чём заключается тайный замысел. С начала времён он оставался скрытым у Бога, сотворившего всё,",
        "10": "чтобы с помощью церкви теперь открыть правителям и владыкам в небесных владениях многогранную мудрость Божью.",
        "11": "Этот замысел был исполнен Богом через Христа Иисуса, Господа нашего, в соответствии со Своим извечным намерением.",
        "12": "Во Христе мы обрели смелость и надёжный доступ к Богу благодаря вере во Христа.",
        "13": "Поэтому я и молюсь, чтобы вы не отчаялись из-за моего страдания, так как это страдание — для вашего блага: оно принесёт вам честь и славу.",
        "14": "По этой причине я преклоняю колени в молитве перед Отцом,",
        "15": "от Которого каждая семья на земле и на небе получила своё истинное имя.",
        "16": "Пусть же Он, от великого богатства славы Своей, даст вам силу укрепить своё духовное начало через Его Духа,",
        "17": "чтобы Христос жил в ваших сердцах благодаря вере. Пусть ваша жизнь укоренится в любви и строится на ней,",
        "18": "чтобы вы были в состоянии понять вместе со всеми людьми Божьими, сколь широка, глубока, высока и нескончаема любовь Христа.",
        "19": "Его любовь превосходит человеческий разум, и я молюсь, чтобы вы смогли познать эту любовь. Только познав её, вы обретёте всю полноту даров Божьих.",
        "20": "Так пусть же будет слава Богу, Который в состоянии свершить намного больше того, о чём мы молим и думаем, благодаря силе Его, действующей в нас.",
        "21": "Слава Ему в церкви и во Христе Иисусе на все будущие поколения во веки веков! Аминь."
    },
    "4": {
        "1": "Итак, я, узник за то, что принадлежу Господу, призываю вас жить так, чтобы быть достойными призвания, достигшего вас.",
        "2": "Постоянно проявляйте смирение, доброту и терпение и относитесь друг к другу с любовью.",
        "3": "Стремитесь сохранить единство Духа через мир, который связывает вас.",
        "4": "Есть лишь одно тело и один Дух, и Бог призвал вас разделить общую надежду.",
        "5": "Есть лишь один Господь, одна вера, одно крещение,",
        "6": "один Бог и Отец всех. Лишь Он правит над всеми, проявляется во всём и вездесущ.",
        "7": "Особая благодать дарована каждому из нас соответственно щедрости Христа.",
        "8": "Вот почему в Писаниях сказано: «Когда вознёсся Он, то взял с Собой захваченных пленников и раздал дары людям».",
        "9": "Что же означает сказанное «Он вознёсся», как не то, что Он также и спускался на землю?",
        "10": "Христос Сам спустился, и именно Он вознёсся выше всех небес, чтобы заполнить Собой всё.",
        "11": "И Сам Он некоторым даровал стать апостолами, другим — пророками, третьим — проповедниками Благой Вести, четвёртым — пастырями и учителями, чтобы они поучали и опекали людей Божьих.",
        "12": "Он сделал это, чтобы подготовить людей Божьих к служению ради укрепления тела Христа.",
        "13": "Это служение будет продолжаться до тех пор, пока мы все не придём к единству в вере и к полному познанию Сына Божьего. Наша цель — стать зрелыми людьми, подобными Христу, достигнув такого же совершенства, что и Он.",
        "14": "Тогда мы больше не будем подобны младенцам; не уподобимся кораблю, которого волны швыряют из стороны в сторону, и ветер всякого нового учения уносит вас с собой, а также людской обман и мошенничества, способствующие козням.",
        "15": "Давайте будем провозглашать истину с любовью и будем расти, чтобы стать подобными Ему во всех отношениях. Христос — глава",
        "16": "всему телу, которое соединяется всякими взаимно скрепляющими связями. И когда каждая отдельная часть действует как следует, то всё тело растёт и крепнет благодаря любви.",
        "17": "Поэтому я говорю это и предупреждаю вас во имя Господа: перестаньте жить, как живут неверующие с их никчёмными мыслями.",
        "18": "Их ум — в потёмках, и они отделены от жизни, исходящей от Бога, потому что невежественны и сердца их ожесточены.",
        "19": "Они утратили чувство стыда и предались сладострастию до такой степени, что занимаются всяким непотребством без стеснения.",
        "20": "Но такое поведение не соответствует тому, что вы узнали, когда пришли к Христу.",
        "21": "Я уверен, что вы слышали о Нём, а когда стали Его учениками, то получили наставления в соответствии с истиной, которая в Иисусе.",
        "22": "Что касается вашего прежнего образа жизни, вас учили отречься от вашей прежней сути, совращённой суетными желаниями.",
        "23": "Вам необходимо возродиться разумом и духом,",
        "24": "чтобы вы обрели новую сущность, созданную по подобию Божьему и отличающуюся праведностью и святостью в жизни, проистекающими от истины.",
        "25": "Так отрекитесь же от лжи! «Каждый человек должен быть честен с собратом своим», потому что все мы — члены одного тела.",
        "26": "«Можете гневаться, но не грешите». Вы должны избавиться от гнева до захода солнца.",
        "27": "Не позволяйте дьяволу победить вас.",
        "28": "Кто привык красть, не должен больше этого делать, а должен трудиться и делать что-нибудь полезное своими руками, чтобы приобрести то, что можно было бы разделить с тем, кто в нужде.",
        "29": "Пусть сквернословие не исходит из уст ваших, а только то, что помогает людям стать сильнее, чтобы те, кто слышит вас, были благословлены вашими словами.",
        "30": "И старайтесь не опечалить Божьего Духа Святого, потому что он есть доказательство того, что вы принадлежите Богу. Бог дал вам этот дар в знак того, что освободит вас, когда настанет час.",
        "31": "Пусть горечь, гнев, ярость, брань, клевета покинут вас вместе со всяким злом.",
        "32": "Будьте сострадательны друг к другу и прощайте друг друга, как Бог простил вас через Христа."
    },
    "5": {
        "1": "Подражайте Богу как возлюбленные дети,",
        "2": "и живите жизнью, отмеченной любовью, так как Христос любил нас и принёс Себя в жертву ради нас — благоуханное приношение и жертва Богу.",
        "3": "Вам не следует даже говорить о блуде, злодеяниях или жадности, так как это не подобает святым людям Божьим.",
        "4": "Среди вас не должно быть ни постыдных речей, ни глупых разговоров, ни грубых шуток, так как вам не подобает всё это. Вместо того неустанно благодарите Бога.",
        "5": "Потому что можете быть уверены, что никто из тех, кто предаётся блуду, кто совершает зло или жаден (а это то же самое, что и идолопоклонство), не имеет наследия в царстве Христа и Бога.",
        "6": "Пусть никто не обманет вас лживыми словами. Гнев Божий настигнет тех, кто говорит неправду.",
        "7": "Поэтому не будьте их соучастниками.",
        "8": "Потому что когда-то вы были полны тьмы, сейчас же исполнены света. Живите же как дети, принадлежащие свету.",
        "9": "Потому что влияние света проявляется во всякой доброте, праведности и истине.",
        "10": "Всегда старайтесь установить, что угодно Господу,",
        "11": "и не совершайте зло, как это делают люди, принадлежащие тьме, а напротив, обличайте их.",
        "12": "Потому что об их тайных деяниях позорно даже говорить,",
        "13": "но всё становится явным при обличающем свете.",
        "14": "Всё становится явным при свете. Вот почему мы говорим: «Проснись, о спящий! Восстань из мёртвых, и Христос осияет тебя».",
        "15": "Так будьте же осторожны в своих поступках. Не живите как неразумные, но будьте разумны,",
        "16": "как те, кто пользуются любой возможностью творить добро, потому что время сейчас недоброе.",
        "17": "Так не будьте же глупцами, а постигните волю Господнюю.",
        "18": "И не напивайтесь вином, так как это приводит к распутству, но лучше исполняйтесь Духом.",
        "19": "Вдохновляйте друг друга псалмами, гимнами и духовными песнями. Пойте и воспевайте Господа в ваших сердцах",
        "20": "и всегда благодарите за всё Бога, Отца нашего, во имя Господа нашего, Иисуса Христа.",
        "21": "Подчиняйтесь друг другу в знак почитания Христа.",
        "22": "Жёны, покоряйтесь вашим мужьям как Господу,",
        "23": "потому что муж — глава над своей женой, как Христос глава над церковью. Сам же Он — спаситель тела.",
        "24": "И как церковь покоряется Христу, так и жёны должны во всём покоряться своим мужьям.",
        "25": "Мужья, любите ваших жён, как Христос возлюбил церковь. Христос отдал Себя за неё в жертву,",
        "26": "чтобы освятить её, очистив её омовением в воде и провозглашением Благой Вести,",
        "27": "и чтобы взять церковь Себе в невесты как сияющую, безупречную, без всякого изъяна, чтобы она была свята и непорочна.",
        "28": "Мужья так должны любить своих жён, как любят свою собственную плоть. Кто любит свою жену, любит и себя.",
        "29": "Потому что нет такого человека, который бы ненавидел свою плоть. Наоборот, он заботится о ней, холит и лелеет её так, как Христос заботится о церкви,",
        "30": "потому что мы — члены Его тела.",
        "31": "Как сказано в Писаниях: «Поэтому человек покидает отца и мать своих и соединяется с женой своей, и два человека сольются воедино».",
        "32": "Эта тайная истина очень важна, и я говорю, что она касается Христа и церкви.",
        "33": "Однако каждый из вас должен любить свою жену, как самого себя, жена же должна уважать своего мужа."
    },
    "6": {
        "1": "Дети, повинуйтесь своим родителям, как угодно Богу, потому что это правильно.",
        "2": "«Чти своего отца и свою мать», — вот что гласит первая заповедь вместе с обещанием,",
        "3": "что «тогда всё будет хорошо у тебя и тебя ждёт долгая жизнь на земле».",
        "4": "Родители, не гневите ваших детей, а растите их в согласии с учениями и наставлениями Господа.",
        "5": "Рабы, повинуйтесь вашим земным хозяевам со страхом и трепетом, и искренностью в сердце, как вы повиновались бы Христу.",
        "6": "Трудитесь не только тогда, когда за вами наблюдают, как если бы вы искали людское одобрение, а трудитесь как слуги Христа, от всего сердца исполняющие Божью волю.",
        "7": "Трудитесь с рвением, как если бы вы служили Господу, а не людям.",
        "8": "Помните, что если человек совершит что-нибудь хорошее, то Господь вознаградит его, будь он рабом или свободным человеком.",
        "9": "А вы, хозяева, тоже по-доброму обращайтесь с вашими рабами и не угрожайте им. Помните, что и ваш хозяин, и их — на небе и что Он никому не оказывает предпочтения.",
        "10": "И наконец скажу, чтобы вы укрепились в вере в Бога и полагались на Его великую силу.",
        "11": "Облачитесь в доспехи Божьи, чтобы противостоять всем проискам дьявола.",
        "12": "Потому что мы боремся не против плоти и крови человеческой, а против правителей, против властей, против вселенских сил этого тёмного времени и духовных сил зла в небесных владениях.",
        "13": "А поэтому облачитесь в полные доспехи Божьи, чтобы противостоять, когда настанет чёрный день, и выстоять, сделав всё возможное.",
        "14": "Стойте же твёрдо, подпоясавшись истиной. Пусть праведность будет вашей кольчугой.",
        "15": "Обуйтесь, чтобы быть готовыми благовествовать о мире.",
        "16": "В дополнение к этому, воспользуйтесь верой как щитом, с помощью которого вы сможете погасить все огненные стрелы, выпущенные лукавым.",
        "17": "Воспользуйтесь спасеньем словно шлемом; примите от Святого Духа слово Божье, которое будет словно меч.",
        "18": "Молитесь при всяком случае Святым Духом и в каждой молитве просите, что вам нужно. А поэтому всегда будьте наготове и молитесь настоятельно за всех людей Божьих",
        "19": "и за меня, чтобы Бог дал мне слова, так что, когда я открою свои уста, я мог бы смело оповещать о тайной истине Благовестия.",
        "20": "Я проповедую это Благовестие, находясь здесь, в заключении. Молитесь, чтобы я смог смело проповедовать, как и следует мне это делать.",
        "21": "Я посылаю к вам Тихика, нашего возлюбленного брата и преданного слугу Господа. Он расскажет вам обо всех моих делах и о том, чем я занимаюсь.",
        "22": "Я посылаю его к вам, для того чтобы вы узнали все новости о нас и чтобы он утешил ваши сердца.",
        "23": "Мир и любовь вам, братья и сёстры, и вера от Бога Отца нашего и от Господа Иисуса Христа.",
        "24": "Пусть благодать Божья будет со всеми теми, кто любит Господа нашего Иисуса Христа бесконечной любовью!"
    }
}