{
    "1": {
        "1": "Павел, волей Божьей апостол Христа Иисуса, и Тимофей, брат наш во Христе, обращаются с приветствиями",
        "2": "к людям Божьим в Колоссах, к нашим преданным братьям и сёстрам во Христе. Благодать вам и мир от Бога, Отца нашего.",
        "3": "Когда мы молимся за вас, то всегда благодарим Бога, Отца нашего Господа Иисуса Христа,",
        "4": "потому что мы услышали о вашей вере во Христа Иисуса и о любви, которую вы питаете ко всем людям Божьим.",
        "5": "Ваша вера и любовь вызваны вашей надеждой, и всё, на что вы надеетесь, ожидает вас на небесах. Вы впервые услышали об этом через истинное послание, Благовестие,",
        "6": "пришедшее к вам. По всему миру оно приносит плоды и распространяется всё шире, так же как это было среди вас с того дня, как вы услышали о благодати Божьей и воистину поняли, в чём она.",
        "7": "Вы узнали о Благовестии от Епафраса, нашего возлюбленного собрата, преданного слуги Христа ради всех нас.",
        "8": "Он рассказал нам также о вашей любви, полученной от Духа.",
        "9": "По этой причине с того дня, как мы услышали об этом, мы не прекращали молиться за вас и просить, чтобы вы исполнились полного познания воли Божьей, мудрости и духовного понимания, приносимых Святым Духом.",
        "10": "Обретя это познание, ваша жизнь будет угодна Богу и принесёт Ему славу и почёт. Только тогда ваши поступки породят добрые плоды и вы будете возрастать в познании Бога.",
        "11": "Согласно Его великой силе, вам были дарованы долготерпение и выносливость,",
        "12": "чтобы вы радостно возносили благодарность Отцу, Который даровал вам способность получить Свою долю в наследии, принадлежащем Божьим людям, живущим в свете.",
        "13": "Он освободил нас от сил тьмы и привёл в царство возлюбленного Сына Своего.",
        "14": "Через Него мы получили искупление и отпущение наших грехов.",
        "15": "Он — зримое подобие незримого Бога, Он правит всем сущим,",
        "16": "потому что всё на небе и на земле было создано Им, то, что зримо и что незримо: будь то престолы и подданные, правители или власти. Всё пришло через Него и было создано для Него.",
        "17": "Он существовал прежде всего, и всё существует лишь благодаря Его власти.",
        "18": "Христос — глава тела, церкви, Он — начало всего сущего, и первый, кто был воскрешён из мёртвых, чтобы занять первое место во всём.",
        "19": "Потому что Богу было угодно, чтобы Его полнота обитала в Его Сыне.",
        "20": "Через Него Бог с радостью вернул к Себе всё. Через кровь, пролитую на кресте, Бог примирил с Собой всё сущее на земле и на небе.",
        "21": "Было время, когда ваши мысли и недобрые поступки не позволяли вам быть рядом с Богом и вы враждебно относились к Нему.",
        "22": "Теперь же через свою физическую смерть Христос примирил вас с Богом, чтобы представить вас перед Ним святыми, непорочными и невинными.",
        "23": "Всё именно так и произойдёт, если вы останетесь тверды и постоянны в своей вере и не отречётесь от надежды, несомой вам Благовестием. Вы слышали об этом Благовестии, о котором узнали все, живущие под небесами, и слугой которого я, Павел, стал.",
        "24": "Христу предстоит перенести множество страданий, которые поразят Его тело, то есть церковь. Я радуюсь, что страдаю ради вас и что своим телом я принимаю мою долю этих страданий, которые будут во благо Его церкви.",
        "25": "Я стал одним из её слуг во исполнение Божьего назначения, порученного мне ради вашего блага, — провозглашать слово Божье во всей его полноте.",
        "26": "Это и есть та тайная истина, скрытая в течение многих веков и поколений, которую Бог теперь открыл Своим людям.",
        "27": "Бог пожелал открыть Своим людям величие и глубину богатства этой тайной истины. Эта истина — для всех, и состоит она в том, что Христос живёт среди вас; Он является нашей надеждой на то, что мы получим славу Божью.",
        "28": "Мы провозглашаем Его, наставляем и поучаем каждого со всей доступной нам мудростью, чтобы всякого представить Богу духовно возмужавшим во Христе.",
        "29": "Ради этой цели я тружусь и борюсь благодаря великой силе, которую мне даёт Христос. Эта сила активна и действенна в моей жизни."
    },
    "2": {
        "1": "Я хочу, чтобы вы знали, с каким рвением я желаю помочь вам, а также жителям Лаодикии и тем людям, с которыми я лично не знаком.",
        "2": "Я желаю, чтобы их сердца ободрились и объединились в любви. Я хочу, чтобы они обогатились полным познанием и в совершенстве постигли тайную истину Божью — Христа,",
        "3": "в Котором скрыты все сокровища познания и мудрости.",
        "4": "Я говорю это, чтобы никто не мог обмануть вас никакими доводами, которые кажутся разумными, но на самом деле лживы.",
        "5": "Потому что хотя я и не присутствую среди вас телесно, духовно я вместе с вами, и радуюсь, видя, как упорядочены ваши жизни и как вы тверды в своей вере во Христа.",
        "6": "Итак, приняв Иисуса Христа и Господа, живите в Нём.",
        "7": "Полагайтесь исключительно на Христа, сделав Его основой вашей жизни и источником сил. Пусть ваше понимание истины, которой вас учили, становится всё глубже. И никогда не переставайте благодарить Бога!",
        "8": "Остерегайтесь, чтобы никто не совратил вас своими идеями и пустым обманом, исходящим от мирских законов, а не от Христа.",
        "9": "Ведь вся Божественная полнота заключена во Христе, Который принял человеческий облик.",
        "10": "Будучи во Христе, вы получили всё необходимое и достигли своей полноты в Нём. Ведь именно Христос является главой над всеми правителями и властями.",
        "11": "В Нём воплощено ваше обрезание, то есть не обрезание, сотворённое руками людей, а обрезание, совершённое Христом, когда вы освободились от своей греховной природы.",
        "12": "Это случилось, когда вы были погребены вместе с Ним при крещении, при котором вы также воскресли вместе с Ним через вашу веру в силу Бога, которой Он воскресил Христа из мёртвых.",
        "13": "Вы были мертвы духовно из-за своих грехов и из-за того, что находились в рабстве своего греховного естества, но Бог даровал вам жизнь вместе с Христом и простил все наши грехи.",
        "14": "Нарушив законы Божьи, мы были виновны во многих грехах. Однако Бог упразднил перечень всех обвинений, которые свидетельствовали против нас. Он простил наши грехи и уничтожил этот перечень, пригвоздив его к кресту.",
        "15": "Бог обезоружил правителей и власти духовного мира. С помощью креста Бог одержал победу над ними, а затем повёл их за Собой как пленников в шествии победителя.",
        "16": "Так пусть никто не осуждает вас за то, что вы едите или пьёте, за праздники, новолуния или субботние дни,",
        "17": "ведь это всё только тень грядущего, а настоящее принадлежит Христу.",
        "18": "Не позволяйте никому, кто любит выдавать себя за смиренного человека, который поклоняется Ангелам, заставить вас потерять свою награду. Такие люди всегда говорят о своих видениях и гордятся беспричинно, руководимые своими земными мыслями.",
        "19": "Они не придерживаются Христа — главы, благодаря которой всё тело, поддерживаемое и соединённое воедино связками и сочленениями, растёт перед Богом.",
        "20": "Вы умерли с Христом и освободились от главенствующих законов мира, так почему же вы подчиняетесь таким правилам, как если бы жили в мире? Вот правила, о которых я говорю:",
        "21": "«Не берите в руки этого! Не ешьте того! Не прикасайтесь к этому!»",
        "22": "Все эти правила относятся к земному, тому, что исчезает после употребления. Подчиняясь таким уставам, вы лишь следуете правилам и учениям, созданным людьми.",
        "23": "В самом деле, их признают мудрыми с точки зрения придуманного людьми почитания, самоуничижения и умерщвления плоти, но они не обладают никакой силой в борьбе против нашей греховной природы."
    },
    "3": {
        "1": "Так как вы воскресли из мёртвых вместе с Христом, то живите ради того, что находится в небесах, где Христос восседает по правую руку от Бога.",
        "2": "Продолжайте думать о том, что в небесах, а не о том, что на земле,",
        "3": "так как ваша прежняя суть умерла, а ваша новая жизнь скрыта с Христом в Боге.",
        "4": "Когда Христос, в Ком жизнь наша, явится во время второго пришествия, то и вы явитесь вместе с Ним во всей Его славе.",
        "5": "Так предайте смерти в себе всё то, что принадлежит земному: блуд, непотребство, вожделение, низкие стремления и жадность, которая подобна идолопоклонству.",
        "6": "Из-за этого зла всех непокорных постигнет гнев Божий.",
        "7": "И вы когда-то жили такой жизнью, когда творили подобное.",
        "8": "Теперь же вы должны избавиться от всего этого: от гнева, ярости, злобы, клеветы, брани в разговоре.",
        "9": "Не лгите друг другу, потому что вы сбросили с себя свою прежнюю суть",
        "10": "и приняли новую. Этот новый человек постоянно обновляется, чтобы достичь полного понимания Бога и принять образ Создателя,",
        "11": "так что нет разницы между греком и иудеем, между обрезанным и необрезанным, между варваром и скифом, между рабом и свободным человеком, но Христос — всё и во всём.",
        "12": "Бог возлюбил вас и избрал вас стать Своими святыми людьми. Поэтому в новой жизни будьте сострадательны, смиренны, кротки и терпеливы.",
        "13": "Будьте терпимы друг к другу и прощайте друг друга бескорыстно. Если у вас есть жалоба на кого-то, то, как Господь простил вас, так и вы должны прощать друг друга.",
        "14": "А кроме того, самое главное в вашей новой жизни — это любовь друг к другу. Именно любовь объединяет всё в совершенном союзе.",
        "15": "Пусть мир Христа властвует над вашими сердцами, мир, к которому вы все призваны, чтобы быть в едином теле, и за который вы должны быть благодарны.",
        "16": "Пусть слово Христа живёт в вас во всём его богатстве. Поучайте и наставляйте друг друга с мудростью через пение псалмов, гимнов и духовных песен, вдохновлённых Духом. Пойте с благодарностью Богу в ваших сердцах.",
        "17": "И что бы вы ни делали и ни говорили, всё должно быть во имя Господа Иисуса, так как именно через Иисуса вы возносите благодарность Богу Отцу.",
        "18": "Жёны, покоряйтесь вашим мужьям, как и подобает в Господе.",
        "19": "Мужья, любите ваших жён, не будьте с ними строги.",
        "20": "Дети, повинуйтесь родителям вашим во всём, потому что такое поведение угодно Господу.",
        "21": "Родители, не ожесточайте своих детей, чтобы они не впали в уныние.",
        "22": "Рабы, повинуйтесь во всём вашим земным хозяевам, и не только тогда, когда они наблюдают за вами, как поступают угодники. Делайте это чистосердечно, потому что почитаете Господа.",
        "23": "Что бы вы ни делали, трудитесь ревностно, как если бы трудились ради Господа, а не для людей.",
        "24": "Помните, что Господь дарует вам наследие ваше в награду. Продолжайте служить Господу Христу!",
        "25": "Потому что кто поступает неправедно, тот будет наказан за совершённое зло, а перед Богом все равны."
    },
    "4": {
        "1": "Хозяева, воздавайте вашим слугам честно и по справедливости. Помните, что и у вас есть Господь на небесах.",
        "2": "Усердно предавайтесь молитвам и возносите благодарения.",
        "3": "И за нас молитесь в то же время, чтобы Бог даровал нам возможность проповедовать Его слово и рассказывать о тайной истине, которой является Христос. Именно за эти проповеди я нахожусь в тюрьме.",
        "4": "Молитесь, чтобы я мог говорить открыто и ясно, как должен.",
        "5": "Ведите себя разумно с неверующими, мудро распоряжайтесь временем.",
        "6": "Ваша речь должна быть всегда приятна, а разговор — разумен, чтобы вы знали, как кому отвечать.",
        "7": "Тихик, возлюбленный брат и соратник по служению Господу, сообщит вам все новости обо мне.",
        "8": "Я послал его к вам для того, чтобы вы узнали о наших делах и чтобы ободрить вас.",
        "9": "Я послал его вместе с Онисимом, нашим преданным и возлюбленным братом, который также один из вас. Они расскажут вам о том, что здесь происходит.",
        "10": "Аристарх, мой сотоварищ по заключению, приветствует вас, как и Марк, двоюродный брат Варнавы. Вы уже получили наставление о нём. Если он придёт навестить вас, то окажите ему гостеприимство.",
        "11": "Иисус, по прозванию Иуст, также приветствует вас. Среди верующих иудеев только эти двое трудились со мной вместе ради Царства Божьего. Они были мне большим утешением.",
        "12": "Епафрас также приветствует вас. Он — один из вас и является слугой Христа. Епафрас постоянно горячо молится за вас, чтобы вы стали зрелыми духовно и полностью утвердились в исполнении воли Божьей.",
        "13": "Я свидетельствую о том, что он неустанно и упорно трудится ради вашего блага, а также и тех, кто живёт в Лаодикии и в Иераполе.",
        "14": "Лука, врач возлюбленный, а также и Димас шлют вам свои приветствия.",
        "15": "Приветствуйте братьев и сестёр, живущих в Лаодикии, а также Нимфана с церковью, которая собирается у него в доме.",
        "16": "Когда прочтёте это письмо между собой, пусть прочтут его также в церкви лаодикийцев, а то письмо, которое прибудет из Лаодикии, прочтите и вы.",
        "17": "И Архиппу скажите: «Смотри, выполни служение, принятое тобой в Господе».",
        "18": "Я, Павел, написал это приветствие собственной рукой. Помните, что я нахожусь в тюрьме. Я молюсь, чтобы Божья благодать была с вами!"
    }
}