{
    "1": {
        "1": "Приветствия от Павла, апостола Христа Иисуса, по воле Бога, Спасителя нашего, и Христа Иисуса, надежды нашей,",
        "2": "к Тимофею, моему истинному сыну в вере. Благодать, милость и мир тебе от Бога Отца и от Христа Иисуса, Господа нашего.",
        "3": "Отправляясь в Македонию, я велел тебе остаться в Ефесе, чтобы ты приказал некоторым людям оставить ложные учения.",
        "4": "Пусть они больше не обращают внимания на мифы и бесконечные родословные, которые способствуют спорам, а не Божьему служению в вере.",
        "5": "Цель моего повеления — любовь, идущая от чистого сердца, чистой совести и искренней веры.",
        "6": "Некоторые люди отклонились от этого учения и обратились к бессмысленным разговорам.",
        "7": "Они хотят быть учителями закона, но не понимают ни того, о чём говорят, ни того, что так настойчиво утверждают.",
        "8": "Мы знаем, что закон полезен только в том случае, если пользоваться им правильно,",
        "9": "то есть, осознавая, что он предназначен не для добродетельных, а лишь для нарушителей закона и возмутителей порядка, для ненавидящих Бога и грешников, убийц отцов и матерей, человекоубийц,",
        "10": "развратников, мужеложцев, работорговцев, обманщиков, лжесвидетелей и всех тех, кто выступает против благотворного учения Божьего.",
        "11": "Это учение соответствует славному Благовестию, посланному благословенным Богом, которое Он мне доверил.",
        "12": "Я приношу благодарность свою Христу Иисусу, Господу нашему, Который, потому что Он признал меня верным, назначил меня на служение Себе и дал мне силу.",
        "13": "Раньше я поносил и оскорблял Христа, преследовал и уничтожал Божьих учеников, но мне была оказана милость, так как я совершал это, будучи неверующим, и не ведал, что творю.",
        "14": "Но безграничная благодать Господа нашего излилась на меня вместе с верой и любовью, которые мы находим во Христе Иисусе.",
        "15": "Вот истина, которую вам всем следует принять безоговорочно: Христос Иисус пришёл в этот мир, чтобы спасти грешников, и я — самый худший из них.",
        "16": "Именно по этой причине мне была оказана милость, чтобы, используя меня, худшего среди грешников, Христос Иисус проявил Своё долготерпение ради примера тем, кто позже уверовал в Него и унаследовал вечную жизнь.",
        "17": "Слава же и честь Ему, Царю вечному, бессмертному и невидимому, единому Богу во веки веков! Аминь.",
        "18": "Тимофей, сын мой, те наставления, которые я даю тебе, соответствуют всем пророчествам, предсказанным о тебе в прошлом. Помни их и руководствуйся ими в своей благородной борьбе.",
        "19": "Сохраняй же свою веру и чистую совесть. Некоторые пренебрегли ими и погубили свою веру.",
        "20": "Среди них Именей и Александр, которых я предал сатане, чтобы они узнали, что не следует выступать против Бога."
    },
    "2": {
        "1": "Прежде всего, я настаиваю, чтобы молитвы, прошения и изъявления благодарности приносились от имени всех людей.",
        "2": "Особенно молитесь за правителей и всех, кто стоит у власти. Молитесь, чтобы мы вели мирную и спокойную жизнь, исполненную преданности Богу и почитания Его.",
        "3": "Это хорошо и угодно Богу, Спасителю нашему,",
        "4": "Который хочет, чтобы все люди были спасены и полностью познали истину.",
        "5": "Потому что существует лишь один Бог и лишь один Посредник между Богом и людьми — Христос Иисус, Который Сам был человеком.",
        "6": "Он пожертвовал Собой, чтобы заплатить за грехи всех людей. Таким образом Он засвидетельствовал любовь Бога.",
        "7": "Я же был избран проповедником и апостолом, чтобы распространять это свидетельство. Я говорю правду, не лгу! Я был избран учителем истины и веры для язычников.",
        "8": "И потому я хочу, чтобы мужчины молились повсеместно. Пусть те, кто поднимают в молитве свои руки, будут святыми и преданными Богу. Они должны избегать гнева и раздоров.",
        "9": "Я также хочу, чтобы женщины носили скромную одежду, вели себя сдержанно и подобающе. Они не должны украшать себя пышными причёсками и золотом, жемчугами и дорогой одеждой.",
        "10": "Вместо того женщины, которые поклоняются Богу, должны украшать себя добродетельными поступками.",
        "11": "Женщина должна учиться, спокойно слушая, и быть готовой беспрекословно подчиняться.",
        "12": "Я не позволяю женщине учить или иметь власть над мужчиной. Напротив, она должна слушать молча,",
        "13": "потому что сначала был сотворён Адам, а после него — Ева.",
        "14": "И не Адам, а женщина, прельстившись, впала в грех.",
        "15": "Но женщины, исполняющие свой долг материнства, будут спасены, если продолжат свою жизнь в вере, любви и святости, а также в сдержанности."
    },
    "3": {
        "1": "Верно то, что я говорю, если кто-то старается стать старейшиной в церкви, то стремится к хорошему делу.",
        "2": "Но старейшина должен вести такой образ жизни, чтобы у людей не было оснований для осуждения. Он должен быть верен своей жене,",
        "3": "быть всегда сдержанным, трезво рассуждать, держать себя с достоинством и быть гостеприимным. Ему необходимо уметь наставлять других, не иметь пристрастия к вину и к дракам. Он должен быть мягким и миролюбивым человеком, не стремящимся к наживе.",
        "4": "Старейшина обязан быть хорошим главой собственного семейства, держать своих детей в повиновении и в должном уважении к себе.",
        "5": "Если человек не в состоянии управлять собственной семьёй, то как же он сможет заботиться о церкви Божьей?",
        "6": "Старейшина не должен быть новообращённым, чтобы не возгордился и не был осуждён, как это произошло с дьяволом.",
        "7": "К тому же он должен пользоваться уважением со стороны тех людей, которые не принадлежат церковной общине. Только при этом условии он не окажется предметом осуждения и не попадёт в сети дьявола.",
        "8": "Точно так же и особым слугам в церкви необходимо быть уважаемыми людьми, слову которых можно доверять. Они не должны увлекаться вином или быть нечестными людьми, пытающимися обогатиться обманным путём.",
        "9": "Они обязаны придерживаться глубоких истин нашей веры с чистой совестью.",
        "10": "Этих людей, так же как и пастырей, необходимо сначала испытать. Если окажется, что на них нет греха, то они смогут стать особыми слугами в церкви.",
        "11": "Точно так же и женщинам необходимо быть достойными уважения. Они не должны распространять сплетни и клевету, но обязаны быть сдержанными и достойными доверия во всём.",
        "12": "Мужчины, которые стали особыми слугами в церкви, должны быть верными своим жёнам и хорошо управлять своими детьми и семьями.",
        "13": "Потому что те, кто хорошо исполняют свои обязанности в церкви, обретают почётное положение и уверенность в вере во Христа Иисуса.",
        "14": "Я питаю надежду, что вскоре смогу прийти к вам. Однако я пишу вам это письмо,",
        "15": "чтобы, в том случае если я задержусь, вы знали, как следует вести себя в семье Божьей, которая есть церковь Бога живого. Эта церковь — основание и опора истины.",
        "16": "Тайная истина благочестия, бесспорно, велика: Христос явился в образе человека, Дух доказал, что Он прав, Его видели Ангелы, Благовестие о Нём распространилось среди язычников, в Него уверовал мир и Он вознёсся на небо во славе."
    },
    "4": {
        "1": "Дух ясно говорит, что позднее некоторые люди отойдут от веры. Они подчинятся лживым духам и поверят в учения, исходящие от бесов,",
        "2": "а также от лицемерных и бессовестных лжецов, совесть которых будто бы была уничтожена раскалённым железом.",
        "3": "Они запрещают жениться и говорят, что следует избегать некоторой пищи, хотя Бог создал пищу для того, чтобы верующие и те, кто знают истину, принимали её с благодарностью.",
        "4": "Всё, созданное Богом, — добро, и ничего не следует отвергать, если принимается оно с благодарностью,",
        "5": "потому что всё освящается словом Божьим и молитвой.",
        "6": "Проповедуй это учение братьям и сёстрам, и ты будешь добрым служителем Христа Иисуса, взращённым и вскормленным на истине и добрых учениях, которым вы следовали.",
        "7": "Но избегай глупых историй, в которых нет правды Божьей, и неустанно укрепляй свою преданность Богу.",
        "8": "Так как упражнения для тела важны в одном отношении, а служение Богу важно во всех отношениях, потому что оно несёт в себе благословения в этой жизни и в будущей.",
        "9": "Вот истина, которую вам всем следует принять безоговорочно:",
        "10": "мы упорно трудимся и боремся, потому что надеемся на Бога живого, Спасителя всех людей, и прежде всего тех, кто верит в Него.",
        "11": "Наставляй и поучай этой истине.",
        "12": "Пусть никто не относится с пренебрежением к твоей молодости. Но будь примером для верующих в своей речи, поступках, любви, которую проявляешь, в вере и безупречном поведении.",
        "13": "До моего прибытия продолжай читать людям Писания, укрепляй и наставляй их в вере.",
        "14": "Перестань пренебрегать своим даром, который был дан тебе через пророчество, когда старейшины возложили на тебя руки.",
        "15": "Продолжай посвящать этому всё внимание и свою жизнь, чтобы твои успехи были для всех очевидны.",
        "16": "Будь осторожен в жизни и поучениях. Живи праведно и проповедуй истинное учение, и тогда спасёшь и себя, и тех, кто слушают твои проповеди."
    },
    "5": {
        "1": "Никогда не груби старшему по возрасту, а взывай к нему, как воззвал бы к отцу. Относись к младшим по возрасту как к братьям,",
        "2": "к женщинам старше себя как к матерям, а к женщинам младше себя — уважительно, как к сёстрам.",
        "3": "Почитай и поддерживай всячески вдов, которым действительно некому помочь.",
        "4": "Но если у вдовы есть дети или внуки, то пусть они докажут свою преданность Богу, заботясь о своей собственной семье. Тем самым они сполна вознаградят своих родителей, так как это угодно Богу.",
        "5": "Женщина, которая является истинной вдовой и о которой некому позаботиться, надеется на Божью помощь и молится день и ночь.",
        "6": "Но та вдова, которая предаётся удовольствиям, на самом деле мертва, хоть и живёт.",
        "7": "Так прикажи же всем верующим проявлять заботу о своей семье, чтобы никто не подавал повода для осуждения.",
        "8": "Если же кто не заботится о собственной семье, а особенно о своих близких родственниках, тот отрекается от веры, став хуже, чем неверующий.",
        "9": "Вдова может быть занесена в список, если ей по меньшей мере шестьдесят лет и она была верна своему мужу.",
        "10": "Она должна быть известна своими добрыми делами: вырастила детей, была гостеприимна, служила нуждам людей Божьих, помогала тем, кто в беде, и посвятила себя тому, что творит добро.",
        "11": "Но не заноси в список имена более молодых вдов, потому что когда их плотские желания превозмогают преданность Христу, то они стремятся снова выйти замуж.",
        "12": "Вступив в новый брак, они будут прокляты, так как нарушили свой первоначальный обет.",
        "13": "Кроме того, у них появляется привычка к праздности и к постоянному хождению из дома в дом. Они становятся не только ленивы, но ещё и начинают сплетничать и вмешиваться в чужие дела, и говорят то, что не следует.",
        "14": "А потому я хочу, чтобы молодые вдовы выходили замуж, растили детей, управляли своим домом и не подавали нашим врагам повода для злословия.",
        "15": "Я так говорю, потому что некоторые вдовы отвернулись от Бога и последовали за сатаной.",
        "16": "Если в семье у верующей есть вдовы, она должна помогать им, чтобы церковь не была обременена ими и могла помогать истинным вдовам.",
        "17": "Старейшинам, которые хорошо руководят церковью, следует воздавать вдвойне, особенно тем, чей труд — поучать и наставлять.",
        "18": "Так как в Писаниях сказано: «Не закрывай рот вола молотящего», и ещё: «Каждый работник имеет право на плату».",
        "19": "Не слушай обвинения против старейшины, если оно не поддержано двумя или тремя свидетелями.",
        "20": "Перед всей церковью обличай тех, кто упорствует в грехах, чтобы предостеречь остальных.",
        "21": "Перед Богом и Христом Иисусом, и избранными Ангелами я торжественно повелеваю, чтобы ты соблюдал всё это без предубеждения и ничего не делал из пристрастия.",
        "22": "Пусть у тебя войдёт в привычку никогда ни на кого не возлагать руки в спешке. Не принимай участия в чужих грехах, соблюдай свою чистоту.",
        "23": "Тимофей, перестань пить одну только воду, употребляй понемногу и вино, потому что это полезно для желудка, и ты тогда не будешь так часто болеть.",
        "24": "Грехи некоторых очевидны и явно ведут к осуждению. Грехи же других проявляются не сразу.",
        "25": "Так же и добрые поступки видны, а те, которые не столь очевидны, открываются впоследствии."
    },
    "6": {
        "1": "Все рабы, трудящиеся под бременем хозяев, должны считать своих хозяев достойными почитания, чтобы имя Божье и наше учение не оказались оклеветанными.",
        "2": "Те же рабы, чьи хозяева верующие, не должны оказывать им меньше уважения из-за того, что те — собратья. Напротив, они должны ещё лучше служить им, потому что те, кому они служат — возлюбленные верующие. Поучай же и наставляй во всём этом.",
        "3": "Если кто-либо проповедует ложь и не согласен с истинным учением Господа нашего Иисуса Христа, а также отказывается посвятить свою жизнь служению Богу,",
        "4": "то он полон гордыни и ничего не знает, а только поражён страстью к спорам и словоблудию. Всё это порождает ссоры, злые речи, злобные подозрения",
        "5": "и постоянные распри среди людей, чей разум испорчен и которые не знают, что такое истина. Они думают, что служение Богу — путь к обогащению.",
        "6": "Разумеется, служение Богу чрезвычайно обогащает человека, если он удовлетворён своим положением и состоянием.",
        "7": "Мы ничего не принесли с собой в этот мир и после смерти ничего не унесём.",
        "8": "Но, имея еду и одежду, будем довольны этим!",
        "9": "Те же, кто хотят быть богатыми, попадут в ловушку и создадут себе искушение. Они поддадутся многим вредным и глупым желаниям, которые ввергают людей в бедствие и погибель.",
        "10": "Потому что любовь к деньгам — корень всякого зла. Некоторые в своём стремлении к наживе уклонились от веры и навлекли на себя боль и страдание.",
        "11": "Ты же, Божий человек, беги от подобного, стремись только к праведности, благочестию, вере, любви, долготерпению и доброте.",
        "12": "Праведно борись за веру, держись жизни вечной, к которой ты был призван, когда исповедовал Христа в присутствии многих свидетелей.",
        "13": "Перед Богом, Который дарит жизнь всему, и Христа Иисуса, сделавшего истинное признание о Себе в присутствии Понтия Пилата, я повелеваю тебе:",
        "14": "исполняй указанное тебе без стыда и упрёка до явления Господа нашего, Иисуса Христа.",
        "15": "Бог, единственный и благословенный Повелитель, Царь царей и Господь господствующих, совершит всё в назначенное время.",
        "16": "Он один обладает бессмертием и живёт в свете, к которому ни один смертный не может приблизиться; никто никогда не видел Его и не сможет увидеть. Честь Ему и власть вечная! Аминь.",
        "17": "Наставляй же тех, кто богат в этом мире, чтобы они не заносились и возлагали все свои надежды не на неверное богатство, а на Бога, Который с избытком обеспечивает нас всем нужным для наслаждения.",
        "18": "Наставляй их, чтобы они совершали добрые поступки и считали богатством то добро, которое делают. Пусть они будут щедрыми и готовыми поделиться своим имуществом,",
        "19": "тем самым запасаясь сокровищем, которое станет основой для будущей истинной жизни.",
        "20": "Тимофей, храни то, что было доверено тебе, избегая пустой и суетной болтовни и противных истине идей, которые связаны с так называемым «знанием»,",
        "21": "проповедуемым теми, кто отошёл от истинной веры. Пусть благодать Божья будет с вами!"
    }
}