{
    "1": {
        "1": "Слово жизни существовало с самого начала. Мы слышали Его, видели своими глазами, наблюдали за Его действиями и прикасались к Нему своими руками. О Нём мы пишем вам.",
        "2": "Мы видели Его и являемся свидетелями Ему, и теперь объявляем вам о Том, Кто Сам является жизнью вечной, Который пришёл с Отцом и был показан нам.",
        "3": "Мы говорим вам обо всём, что видели и слышали, чтобы и вы приобщились. А приобщение наше будет к Отцу и Его Сыну Иисусу Христу.",
        "4": "И потому мы пишем вам об этом, чтобы наша радость стала полной.",
        "5": "Вот какое послание, полученное от Бога, мы передаём вам: «Бог — это свет, и в Нём нет тьмы».",
        "6": "Если мы говорим, что приобщились к Нему, но продолжаем жить во тьме, то лжём и не следуем правде.",
        "7": "Если же мы будем постоянно жить в свете, в котором живёт Бог, то приобщимся друг к другу, и кровь Иисуса, Сына Его, очистит нас от всяческих грехов.",
        "8": "Если мы говорим, что безгрешны, то обманываем себя и нет в нас истины.",
        "9": "Если мы исповедуемся в наших грехах, то Бог неизменно прощает нам грехи и очищает нас от всей неправедности, так как Он — верный и праведный.",
        "10": "Если мы говорим, что безгрешны, то превращаем Бога в лжеца и не принимаем Его послание."
    },
    "2": {
        "1": "Дети мои дорогие! Я пишу вам об этом, чтобы вы не совершали грех, но если кто согрешит, то у нас есть заступник перед Отцом — Иисус Христос, Праведник.",
        "2": "Он и есть та жертва, которая искупает наши грехи, и не только наши, но и всего света.",
        "3": "Таким образом, мы можем быть уверены, что воистину познали Бога, если будем исполнять Его заповеди.",
        "4": "Тот, кто говорит: «Я знаю Его!» — но не исполняет Его заповеди, лжёт, и нет в нём правды.",
        "5": "В том же, кто повинуется Божьему учению, любовь Божья достигла своего совершенства. Вот как можем мы удостовериться, что приобщились к Богу:",
        "6": "кто говорит, что живёт в Боге, должен жить, как жил Иисус.",
        "7": "Друзья любимые! Я пишу вам не о новой, а о старой заповеди, которая была дана вам с самого начала. Эта старая заповедь — послание, которое вы уже слышали.",
        "8": "Но притом то, о чём я вам пишу, — новая заповедь, и эта истина видна во Христе и в вас, так как тьма отступает и свет истины уже сияет.",
        "9": "Кто говорит, что принадлежит свету, а сам ненавидит братьев или сестёр своих, всё ещё находится во тьме.",
        "10": "Кто любит брата и сестру свою, остаётся в свете, и ничто не сможет вовлечь его в грех.",
        "11": "Тот же, кто ненавидит брата своего, находится во тьме, живёт во тьме и не знает, куда идёт, так как тьма ослепила его.",
        "12": "Я пишу вам, дорогие дети, так как ваши грехи были прощены благодаря Христу.",
        "13": "Я пишу вам, родители, так как вы познали Его, Существовавшего с самого начала. Я пишу вам, юноши, так как вы победили лукавого.",
        "14": "Я написал вам, дети, так как вы познали Отца. Я написал вам, родители, так как вы познали Его, Существовавшего с самого начала. Я написал вам, юноши, так как вы сильны, послание Божье живёт в вас и вы победили лукавого.",
        "15": "Не любите этот злой мир, ни того, что находится в нём, потому что если кто любит мирское, то в его сердце нет любви к Отцу.",
        "16": "Ведь то, что в мире, — это всё то, чего жаждет наша греховная природа, всё, чего жаждет наш взор, и всё, чем люди так гордятся в этой жизни. Всё это не от Отца, но от мира.",
        "17": "Мир уходит в небытие вместе со всеми страстями, которые он порождает, но тот, кто исполняет волю Божью, живёт вечно.",
        "18": "Дорогие дети мои! Час последний близок. И, как вы слышали, что придёт антихрист, так и множество антихристов уже появилось, из чего мы знаем, что последний час близок.",
        "19": "Эти антихристы оставили нас, так как на самом деле не принадлежали к нам. Если бы они принадлежали к нам, то оставались бы среди нас. Однако они все покинули нас, тем самым показав, что никто из них не принадлежит к нам.",
        "20": "Вы же получили дар, вручённый вам Святым, так что все вы знаете истину.",
        "21": "Я пишу вам не потому, что вы не знаете истины, а потому, что вы знаете её, и потому, что истина не порождает ложь.",
        "22": "Кто же больший лжец, чем тот, кто говорит, что Иисус — не Христос? Такой человек — антихрист. Он отрицает и Отца, и Сына.",
        "23": "У того, кто отрицает Сына, нет и Отца, у того же, кто признаёт Сына, есть и Отец.",
        "24": "Что же касается вас, то, о чём вы слышали сначала, должно оставаться при вас. Если то, о чём слышали вы сначала, остаётся при вас, то вы пребудете в Сыне и Отце,",
        "25": "а Сын обещал нам вечную жизнь.",
        "26": "Я написал это вам о тех, кто пытается обмануть вас.",
        "27": "Христос дал вам особый дар, который находится в вас, и потому нет нужды, чтобы кто-либо давал вам поучения. Тот дар учит вас всему; он истинный, а не ложный, и поэтому, согласно его наставлению, вы должны оставаться во Христе.",
        "28": "Так оставайтесь же во Христе, дорогие дети мои, чтобы, когда Он явится, мы были бы уверены в себе и не устыдились бы Его, когда Он придёт.",
        "29": "Если вы знаете, что Он праведен, то знаете и то, что каждый, кто поступает праведно, — сын Божий."
    },
    "3": {
        "1": "Подумайте, какую великую любовь Отец проявил к нам, позволив нам называться детьми Божьими! И мы в самом деле таковы. Потому мир и не признаёт нас, что не признаёт его.",
        "2": "Друзья любимые! Сейчас мы дети Божьи, и пока ещё не известно, кем мы будем в будущем. Мы знаем, однако, что, когда Христос явится снова, мы все будем подобны Ему, потому что увидим Его таким, каков Он есть!",
        "3": "И каждый, кто имеет надежду на Него, очищает себя так, как чист Христос.",
        "4": "Каждый, кто совершает грех, нарушает закон Божий, потому что грех есть нарушение закона.",
        "5": "Как вы знаете, Христос пришёл, чтобы убрать грехи, в Нём же Самом нет греха.",
        "6": "Каждый, кто в Нём, не грешит; из тех же, кто продолжает грешить, никто не видел Его и никогда не знал Его.",
        "7": "Дети мои! Пусть никто не обманывает вас. Христос всегда поступал праведно, поэтому, чтобы уподобиться Ему, вы также должны поступать праведно.",
        "8": "Кто продолжает грешить, принадлежит дьяволу, потому что дьявол грешил с самого начала. Сын Божий явился, чтобы искоренить дела дьявола.",
        "9": "Никто из тех, кто стал одним из детей Божьих, не продолжает грешить, потому что новая жизнь, которую Бог дал ему, остаётся в нём. Такой человек не может грешить, так как он стал одним из детей Божьих.",
        "10": "Вот как можно различить, кто дети Божьи, а кто дети дьявола: кто не поступает добродетельно и не любит брата и сестру свою в семье Божьей, не принадлежит Богу.",
        "11": "С самого начала вы слышали наставление, что мы должны любить друг друга.",
        "12": "Мы не должны быть подобны Каину, который принадлежал лукавому и убил своего брата. За что он убил его? За то, что его дела были злы, а дела его брата — праведны.",
        "13": "Братья и сёстры, не удивляйтесь, если мир ненавидит вас.",
        "14": "Мы знаем, что перешли от смерти к жизни, потому что любим братьев и сестёр своих, а кто не любит, остаётся мёртв.",
        "15": "Всякий, кто ненавидит верующего брата своего, — убийца, а вы знаете, что ни один убийца не имеет вечной жизни.",
        "16": "Мы знаем, что такое настоящая любовь из того, что Христос отдал за нас Свою жизнь, и мы также должны отдать жизнь за братьев и сестёр своих.",
        "17": "Если у кого есть мирское богатство и он видит, что его верующий брат находится в нужде, но не сжалится над ним, то как же можно сказать, что любовь Божья остаётся с ним?",
        "18": "Дети мои! Наша любовь не должна быть лишь в словах и разговорах, но она должна быть настоящей и выражаться в поступках.",
        "19-20": "Так мы узнаем, что принадлежим истине, и даже когда наши сердца осуждают нас, мы всё же можем обрести мир перед Богом, так как Бог — больше наших сердец и знает всё.",
        "21": "Друзья любимые! Если наши сердца не осуждают нас, значит, мы можем приблизиться к Богу без страха.",
        "22": "И мы получаем от Бога то, о чём просим, потому что соблюдаем Его заповеди и совершаем поступки, угодные Ему.",
        "23": "Вот что Он заповедует: мы должны верить в Его Сына, Иисуса Христа, и любить друг друга, как заповедал нам Иисус.",
        "24": "Кто соблюдает заповеди Божьи, живёт в Боге, и Бог живёт в том человеке. Вот откуда мы знаем, что Бог живёт в нас благодаря Духу, который Он даровал нам."
    },
    "4": {
        "1": "Друзья любимые! Не берите за правило верить каждому пророчествующему духу, но всегда подвергайте духов испытанию, чтобы узнать: от Бога ли они, так как множество лжепророков появилось в мире.",
        "2": "Вот как вы можете распознать Духа Божьего: всякий дух, признающий, что Иисус есть Христос, Который пришёл на землю и стал человеком, — от Бога.",
        "3": "Всякий дух, который не признаёт Иисуса, — не от Бога. Такой пророческий дух вдохновляет антихриста, о приходе которого вы слышали и который уже сейчас присутствует в мире.",
        "4": "Дети мои, вы принадлежите Богу! Вы победили лжепророков, потому что Бог, Который в вас, превосходит того, кто в мире.",
        "5": "Те люди принадлежат миру, и потому то, о чём они говорят, исходит от мира, и мир слушает их.",
        "6": "Но мы принадлежим Богу, и тот, кому известен Бог, прислушивается к нам; тот же, кто не принадлежит Богу, не слушает нас. Вот как мы можем распознать Духа, несущего людям истину, и духа, вводящего в заблуждение.",
        "7": "Друзья любимые! Будем же любить друг друга, потому что любовь идёт от Бога, и каждый, кто любит, поступает так, потому что стал одним из детей Божьих и познал Бога.",
        "8": "Кто не любит, не знает Бога, потому что Бог есть любовь.",
        "9": "Бог проявил Свою любовь к нам, послав в мир Своего единственного Сына, чтобы через Него мы обрели жизнь.",
        "10": "Любовь не в том, что мы любим Бога, а в том, что Он возлюбил нас и послал к нам Своего Сына в жертву, искупившую наши грехи.",
        "11": "Друзья любимые! Если Бог так возлюбил нас, то и нам следует любить друг друга.",
        "12": "Никто никогда не видел Бога, но если мы любим друг друга, то Бог живёт в нас, и Его любовь в нас достигает совершенства.",
        "13": "Вот как мы узнаём, что живём в Нём и что Он живёт в нас: Бог дал нам Своего Духа.",
        "14": "Мы видели, что Отец послал Своего Сына, чтобы Тот стал Спасителем мира, именно об этом и есть наше свидетельство.",
        "15": "Если кто признаёт, что Иисус — Сын Божий, то Бог живёт в этом человеке и он живёт в Боге.",
        "16": "И мы знаем эту любовь, которую Бог испытывает к нам, и доверились ей. Бог есть любовь. Тот, кто живёт в любви, живёт в Боге, и Бог живёт в нём.",
        "17": "Любовь становится столь совершенной в нас, так чтобы в Судный день мы обрели уверенность, потому что и в этом мире мы подобны Ему.",
        "18": "В любви нет никакого страха, но совершенная любовь изгоняет страх. Страх связан с наказанием, и кто боится, не достиг совершенства в любви.",
        "19": "Мы любим, потому что сначала Бог возлюбил нас.",
        "20": "Если кто говорит: «Я люблю Бога», а ненавидит братьев или сестёр своих, то он лжец, потому что кто не любит братьев или сестёр своих, которых видит, не может любить Бога, Которого не видел.",
        "21": "Мы получили такую заповедь от Христа: кто любит Бога, должен любить других как братьев и сестёр своих."
    },
    "5": {
        "1": "Те, кто верят, что Иисус — Христос, становятся детьми Божьими. И каждый, кто любит Отца, любит и дитя Его.",
        "2": "Вот как мы узнаем, что любим детей Божьих: любя Бога и повинуясь Его заповедям.",
        "3": "Вот как мы показываем свою любовь к Богу: тем, что исполняем заповеди Его. И Его заповеди не слишком трудно исполнять,",
        "4": "потому что каждый, кто от Бога, побеждает мир. Вот что принесло нам победу над миром — наша вера.",
        "5": "Так кто же завоюет мир, если не тот, кто верит, что Иисус — Сын Божий?",
        "6": "Это Он, Иисус Христос, пришёл к нам с водой и кровью. Он пришёл к нам не только с водой, но с водой и с кровью. И Дух — свидетель этому, потому что Дух — это истина.",
        "7": "Есть тому три свидетеля:",
        "8": "Дух, вода и кровь, и все они свидетельствуют об одном и том же.",
        "9": "Если мы принимаем свидетельство людское, то должны признать, что свидетельство Бога ценнее. И вот каково свидетельство Бога: Он свидетельствует о Своём Сыне.",
        "10": "Кто верит в Сына Божьего, несёт это свидетельство в себе; кто не верит в то, что говорит Бог, превращает его в лжеца, потому что не верит в свидетельство Бога о Своём Сыне.",
        "11": "Свидетельство же вот в чём: Бог дал нам вечную жизнь, и эта жизнь в Сыне Его.",
        "12": "Тот, у кого есть Сын, имеет эту жизнь; тот же, у кого нет Сына Божьего, не имеет этой жизни.",
        "13": "Я пишу вам, верующим в Сына Божьего, чтобы вы знали, что обладаете вечной жизнью.",
        "14": "Мы с уверенностью можем прийти к Богу, потому что если попросим о чём-то согласно Его воле, то Он услышит нас.",
        "15": "И если мы знаем, что Он слышит нас, о чём бы мы ни просили Его, то знаем также, что то, о чём мы просили, Он нам даёт.",
        "16": "Если кто уличит верующего брата своего в грехе, но не в смертельном, то должен помолиться за брата, и Бог дарует ему жизнь. Я говорю о тех, кто впал в грех, но не в смертельный. Есть же такой грех, который ведёт к смерти. Я не говорю, что вы должны молиться о таком грехе.",
        "17": "Любой неправедный поступок — грех, но есть грех, который не приводит к смерти.",
        "18": "Мы знаем, что любой, кто становится одним из детей Божьих, не упорствует в грехах, и Сын Божий бережёт его, и тогда лукавый не может повредить ему.",
        "19": "Мы знаем, что принадлежим Богу, хотя весь мир находится во власти лукавого.",
        "20": "Но мы знаем, что Сын Божий пришёл и принёс нам понимание, чтобы мы узнали истинного Бога. И мы пребываем в Том, Кто истинен, потому что мы в Сыне Его — Иисусе Христе. Он — истинный Бог, Он — вечная жизнь!",
        "21": "Дети мои! Сторонитесь лжебогов."
    }
}