{
    "1": {
        "1": "На втором году правления царя Дария, в первый день шестого месяца, Зоровавелю, сыну Шеалтиила, наместнику Иудеи, и Иисусу, сыну Иоседека, первосвященнику, было слово Господа через пророка Аггея:",
        "2": "— Так говорит Господь Сил: «Этот народ говорит: „Еще не настало время строить дом Господа“».",
        "3": "И было слово Господа через пророка Аггея:",
        "4": "— А вам разве время жить в обшитых домах, когда этот дом лежит в развалинах?",
        "5": "Поэтому так говорит Господь Сил: «Подумайте о своих путях.",
        "6": "Вы посеяли много, а собрали мало. Вы едите, но не наедаетесь. Вы пьете, но не напиваетесь. Вы одеваетесь, но не в силах согреться. Вы трудитесь лишь для того, чтобы положить заработанное в дырявый кошелек».",
        "7": "Так говорит Господь Сил: «Подумайте о своих путях.",
        "8": "Поднимитесь в горы, принесите дерева и постройте дом. Он будет Мне угоден, и Я прославлюсь, — говорит Господь. —",
        "9": "Вы ждали многого, но получилось мало. А то, что вы принесли домой, Я развеял. За что? — возвещает Господь Сил. — За Мой дом, который лежит в развалинах, в то время как каждый из вас заботится лишь о своем доме.",
        "10": "Поэтому небо над вами удержало росу, а земля удержала свой урожай.",
        "11": "Я наслал засуху на поля и нагорья, на зерно, молодое вино и масло, на произведения земли, на людей, на скот и на труд ваших рук».",
        "12": "И Зоровавель, сын Шеалтиила, с первосвященником Иисусом, сыном Иоседека, и со всем уцелевшим народом послушались голоса Господа, их Бога, и слов пророка Аггея, потому что его послал Господь, их Бог. И народ устрашился Господа.",
        "13": "Аггей, вестник Господа, передал народу весть от Господа: «Я с вами, — возвещает Господь».",
        "14": "И Господь пробудил дух наместника Иудеи Зоровавеля, сына Шеалтиила, дух первосвященника Иисуса, сына Иоседека, и дух всего остального народа. Они пришли и начали трудиться в храме Господа Сил, их Бога,",
        "15": "в двадцать четвертый день шестого месяца второго года правления царя Дария."
    },
    "2": {
        "1": "В двадцать первый день седьмого месяца было слово Господа через пророка Аггея:",
        "2": "— Говори с наместником Иудеи Зоровавелем, сыном Шеалтиила, первосвященником Иисусом, сыном Иоседека, и остальным народом. Спроси их:",
        "3": "«Кто из вас еще помнит этот дом в его прежней славе? Каким вы видите его сейчас? Разве он не кажется вам ничтожным?»",
        "4": "Но сейчас ободрись, Зоровавель, — возвещает Господь. — Ободрись, Иисус, сын Иоседека, первосвященник. Ободритесь, и весь народ страны, — возвещает Господь, — и трудитесь, потому что Я с вами, — возвещает Господь Сил, —",
        "5": "по завету, который Я заключил с вами, когда вы вышли из Египта. Мой Дух пребывает с вами; не бойтесь!",
        "6": "Так говорит Господь Сил: «Вскоре Я еще раз сотрясу небеса и землю, море и сушу.",
        "7": "Я сотрясу все народы, и они придут к тому, что желанно всеми народами, и Я наполню этот дом славой, — говорит Господь Сил. —",
        "8": "Серебро и золото Мои, — возвещает Господь Сил. —",
        "9": "Слава этого дома превзойдет славу прежнего, — говорит Господь Сил, — и здесь Я дарую мир, — возвещает Господь Сил».",
        "10": "В двадцать четвертый день девятого месяца, во второй год правления царя Дария, было слово Господа к пророку Аггею:",
        "11": "— Так говорит Господь Сил: «Спроси священников, что говорит Закон:",
        "12": "если кто-то несет посвященное мясо в поле одежды и прикоснется ею к хлебу, похлебке, вину, маслу или другой еде, освятится ли эта еда?» Священники ответили: — Нет.",
        "13": "Тогда Аггей сказал: — А если тот, кто осквернился, прикоснувшись к покойнику, коснется одной из этих вещей, тогда эта вещь осквернится? — Тогда осквернится, — ответили священники.",
        "14": "И Аггей сказал: — Так возвещает Господь: «Так и с этим народом, с этим родом, что предо Мной. Всё, что они делают, и всё, что они приносят там, — нечисто.",
        "15": "Подумайте о недавнем прошлом, до того, как камень был положен на камень в храме Господа.",
        "16": "Когда вы приходили к копне, в которой было 20 мер, в ней оказывалось лишь 10. Когда вы приходили к давильне, чтобы начерпать 50 мер, в ней оказывалось всего 20 мер.",
        "17": "Я поражал все труды ваших рук знойным ветром, плесенью и градом, но вы не обращались ко Мне, — возвещает Господь. —",
        "18": "Подумайте о недавнем прошлом, начиная с сегодняшнего дня, двадцать четвертого дня девятого месяца, когда были заложены основания храма Господа.",
        "19": "Остались ли еще семена в закромах? Ни виноградная лоза, ни инжир, ни гранат, ни олива до сих пор не принесли плода. Но с этого дня Я благословлю вас».",
        "20": "В двадцать четвертый день месяца во второй раз к пророку Аггею было слово Господа:",
        "21": "— Скажи Зоровавелю, наместнику Иудеи, что Я сотрясу небо и землю.",
        "22": "Я низвергну царские престолы и сломлю силу чужеземных царств. Я опрокину колесницы и колесничих; падут кони и их наездники погибнут от мечей друг друга.",
        "23": "В тот день, — возвещает Господь Сил, — Я возьму тебя, Мой слуга Зоровавель, сын Шеалтиила, — возвещает Господь, — и уподоблю перстню с печатью, потому что Я избрал тебя, — возвещает Господь Сил."
    }
}