{
    "1": {
        "1": "Пророческое слово Господа к Израилю через Малахию.",
        "2": "— Я возлюбил вас, — говорит Господь, — а вы говорите: «В чем Ты проявил любовь к нам?» Разве Исав не был братом Иакова? — возвещает Господь. — Но Я полюбил Иакова,",
        "3": "а Исава возненавидел. Я предал его нагорья опустошению и бросил его надел шакалам пустыни.",
        "4": "Если Эдом говорит: «Мы разгромлены, но отстроим разрушенное», то Господь Сил говорит: «Они отстроят, а Я разрушу. Их назовут Нечестивым Краем, народом, на который Господь прогневался навеки.",
        "5": "Вы сами увидите это и скажете: „Господь велик и за пределами Израиля!“»",
        "6": "Сын почитает отца, а слуга — своего господина. Если Я Отец, то где почтение ко Мне? Если Я Господин, то где страх передо Мной? Господь Сил говорит вам это, священники, бесчестящие Мое имя. Вы говорите: «Чем мы бесчестим Твое имя?».",
        "7": "Вы кладете на Мой жертвенник оскверненную пищу. Вы говорите: «Чем мы Тебя осквернили?» Вы считаете, что столом Господа можно пренебрегать.",
        "8": "Когда вы приносите в жертву слепых животных, разве это не преступление? Когда вы приносите хромое и больное, разве это не преступление? Предложи-ка это своему правителю! Будет он тобою доволен? Будет он к тебе благосклонен? — говорит Господь Сил.",
        "9": "Молите Бога, чтобы Он нас помиловал! — За такие жертвы из ваших рук будет ли Он к вам благосклонен? — говорит Господь Сил. —",
        "10": "Запер бы лучше кто-либо из вас двери храма, чтобы вы не жгли напрасно на Моем жертвеннике огня! Вы Мне неугодны, — говорит Господь Сил, — Я не приму дар из ваших рук.",
        "11": "От восхода солнца до заката Мое имя будет великим среди народов. На всяком месте Моему имени будут приносить благовония и чистые дары, потому что Мое имя будет великим среди народов, — говорит Господь Сил. —",
        "12": "А вы бесчестите его, говоря, что стол Владыки нечист, и что пищей для него можно пренебрегать.",
        "13": "Вы говорите: «Какое бремя!» — и воротите от него нос, — говорит Господь Сил. — Когда вы приводите краденый, хромой или больной скот и приносите его в жертву, почему Я должен принимать такую жертву из ваших рук? — говорит Господь. —",
        "14": "Проклят обманщик, у которого в стаде есть хороший самец, которого он клянется дать, а потом приносит в жертву Владыке животное с изъяном. Ведь Я великий Царь, — говорит Господь Сил, — и Мое имя чтится среди народов."
    },
    "2": {
        "1": "Итак, священники, вот повеление для вас:",
        "2": "«Если вы не послушаетесь и не положите себе на сердце славить Мое имя, — говорит Господь Сил, — Я пошлю на вас проклятие и прокляну ваши благословения; истинно, Я уже проклял их, потому что вы не положили этого себе на сердце.",
        "3": "Из-за вас Я накажу ваших потомков. Я забросаю ваши лица навозом ваших праздничных жертв, и вас выбросят вместе с ним.",
        "4": "Вы узнаете, что Я послал вам это повеление, чтобы Мой завет с Левием остался в силе, — говорит Господь Сил. —",
        "5": "Мой завет с ним был заветом жизни и благоденствия, и Я даровал их ему. Он должен был иметь страх, и он боялся Меня и благоговел перед именем Моим.",
        "6": "В его устах было истинное учение, и с языка его не слетало лжи. Он жил предо Мной в мире и правде и многих отвратил от греха».",
        "7": "Язык священника хранит знание, и в его речах люди ищут наставления, ведь священник — посланец Господа Сил.",
        "8": "«Но вы сами свернули с этого пути и своим учением сбили с него многих. Вы нарушили Левиев завет, — говорит Господь Сил, —",
        "9": "и Я сделал вас презренными и унизил вас перед всем народом за то, что вы не хранили Моих путей и были пристрастны в делах Закона».",
        "10": "Разве не один у всех нас Отец? Разве не один Бог сотворил нас? Почему же мы вероломны по отношению друг к другу, нарушая завет наших отцов?",
        "11": "Иуда нарушил верность. Мерзость была совершена в Израиле и в Иерусалиме: Иуда осквернил святилище Господа, которое Он любит, женившись на дочери чужого бога.",
        "12": "Да исторгнет Господь из шатров Иакова всякого, поступающего так, кто бы он ни был, даже если он приносит жертвы Господу Сил.",
        "13": "Вот еще что вы делаете: вы залили жертвенник Господа слезами. Вы плачете и сетуете, потому что Он больше не смотрит на ваши дары и не принимает их из ваших рук с благосклонностью.",
        "14": "Вы спрашиваете: «Почему?» Потому что Господь свидетель между тобой и твоей женой, на которой ты женился еще в юности. Ты был ей неверен, хотя она твоя супруга, жена по брачному завету.",
        "15": "Не Бог ли сделал их одним целым? И плотью, и духом они принадлежат Ему. Почему же Он хочет, чтобы они были едины? Из-за потомства, которое угодно Ему. Смотрите же за собой, и пусть никто не нарушает верности своей жене, на которой женился в юности.",
        "16": "«Я ненавижу развод, — говорит Господь, Бог Израиля, — и того, кто покрывает свою одежду насилием, — говорит Господь Сил. — Поэтому оберегай себя и не нарушай верности».",
        "17": "Вы утомили Господа словами. «Чем же мы Его утомили?» — спрашиваете вы. Тем, что говорите: «Все, кто творит зло, хороши в глазах Господа. Он доволен ими» — или: «Где же Бог правосудия?»"
    },
    "3": {
        "1": "«Вот Я посылаю вестника Моего, и он приготовит путь предо Мной, и внезапно придет в храм Свой Владыка, Которого вы ищете, и Вестник завета, Которого вы желаете. Вот Он идет», — говорит Господь Сил.",
        "2": "Но кто выдержит день Его прихода? Кто устоит, когда Он явится? Он будет как расплавляющий огонь и как очищающее мыло.",
        "3": "Он сядет подобно плавильщику, очищающему серебро, очистит левитов и переплавит их, как золото и серебро. Тогда у Господа будут люди, которые станут приносить дары в праведности,",
        "4": "и дары Иуды с Иерусалимом станут угодны Господу, как в прежние дни, как в минувшие годы.",
        "5": "«Я приду к вам для суда. Я не замедлю принести свидетельство против чародеев, нарушителей супружеской верности и клятвопреступников, против тех, кто удерживает у батраков заработанное, кто притесняет вдов и сирот, лишает чужеземцев правосудия и не боится Меня», — говорит Господь Сил.",
        "6": "«Я, Господь, не изменяюсь. Поэтому и вы, потомки Иакова, не исчезли.",
        "7": "Со времен ваших отцов вы отворачивались от Моих установлений и не соблюдали их. Вернитесь ко Мне, и Я вернусь к вам, — говорит Господь Сил. — Но вы говорите: „Как нам вернуться?“",
        "8": "Станет ли человек обкрадывать Бога? А вы обкрадываете Меня. Вы говорите: „Как мы обкрадываем Тебя?“ Десятинами и приношениями.",
        "9": "Прокляты вы — весь ваш народ — за то, что обкрадываете Меня.",
        "10": "Принесите десятину в хранилища целиком, чтобы в Моем доме была пища. Испытайте Меня в этом, — говорит Господь Сил, — не отворю ли Я вам окон неба и не изолью ли благословения на вас так щедро, что у вас не хватит места их вместить?",
        "11": "Я не дам вредителям пожирать ваш урожай, и с виноградных лоз на ваших полях не опадут плоды, — говорит Господь Сил. —",
        "12": "Тогда все народы назовут вас счастливыми, потому что ваша земля будет прекрасной», — говорит Господь Сил.",
        "13": "«Вы произносили жестокие слова против Меня, — говорит Господь. — Но вы говорите: „Что мы сказали против Тебя?“",
        "14": "Вы говорили: „Служение Богу тщетно. Что мы выгадали, исполняя Его уставы и ходя со скорбными лицами перед Господом Сил?",
        "15": "Теперь мы считаем счастливыми гордецов. Злодеи не только преуспевают, но и остаются невредимыми, даже когда бросают вызов Богу“».",
        "16": "В то время боящиеся Господа говорили друг с другом. Господь внимал и слушал, и записывалась перед Ним памятная книга о тех, кто боится Господа и размышляет о Его имени.",
        "17": "«Они будут Моими, — говорит Господь Сил, — Моим драгоценным достоянием в тот день, когда Я буду действовать. Я пощажу их, как отец щадит сына, который ему служит».",
        "18": "Тогда вы снова увидите разницу между праведником и злодеем, между тем, кто служит Богу, и тем, кто Ему не служит."
    },
    "4": {
        "1": "«Приближается день, пылающий, как печь. Все гордецы и злодеи станут соломой, и наступающий день спалит их, — говорит Господь Сил, — не оставит от них ни корней, ни веток.",
        "2": "Но для вас, кто чтит Мое имя, взойдет Солнце Правды. В лучах Его — исцеление. Вы пойдете, резвясь, как телята, которых выпустили из стойла.",
        "3": "Вы растопчете злодеев. Они станут пылью у вас под ногами в тот день, когда Я буду действовать, — говорит Господь Сил.",
        "4": "Помните Закон Моего слуги Моисея, установления и правила, которые Я вручил ему для Израиля на Хориве.",
        "5": "Смотрите, прежде чем наступит День Господа, великий и страшный, Я пошлю к вам пророка Илию.",
        "6": "Он обратит сердца отцов к детям, а сердца детей к отцам, чтобы Я не пришел поразить землю проклятием»."
    }
}