{
    "1": {
        "1": "От Павла, апостола Иисуса Христа, избранного по воле Бога, святым в Эфесе, верным во Христе Иисусе.",
        "2": "Благодать и мир вам от Бога, нашего Отца, и от Господа Иисуса Христа.",
        "3": "Благословен Бог и Отец нашего Господа Иисуса Христа. Он во Христе благословил нас всеми духовными благословениями в небесах.",
        "4": "Ведь Он избрал нас в Нем еще до создания мира, чтобы нам быть святыми и непорочными перед Ним. Он, по Своей любви,",
        "5": "по Своему доброму желанию и воле, предопределил нам через Иисуса Христа стать усыновленными Им детьми.",
        "6": "В этом проявлена вся слава Его благодати, которую Он дал нам во Христе, возлюбленном Им.",
        "7": "В Нем мы получили искупление Его кровью и прощение беззаконий по Его безграничной благодати,",
        "8": "которой Он щедро наделил нас. Со всякой мудростью и знанием",
        "9": "Он открыл нам тайну Своей воли. Он сделал это по Своему доброму желанию, изначально воплощенному во Христе,",
        "10": "чтобы в определенное время объединить всё на небесах и на земле под властью Христа.",
        "11": "В Нем мы стали наследниками, как это и было предопределено замыслом Бога, совершающего всё в мире согласно Своей воле и Своим целям,",
        "12": "чтобы мы, первыми возложившие надежду на Христа, послужили к Его восхвалению.",
        "13": "В Нем и вы, услышав слово истины — Радостную Весть, несущую вам спасение, — и поверив во Христа, были отмечены печатью обещанного Святого Духа,",
        "14": "Который является залогом нашего будущего наследия и искупления тех, кто принадлежит Ему, для похвалы Его славы.",
        "15": "Поэтому и я, услышав о вашей вере в Господа Иисуса и о вашей любви ко всем святым,",
        "16": "не перестаю благодарить за вас Бога, вспоминая вас в своих молитвах.",
        "17": "Я молюсь, чтобы Бог нашего Господа Иисуса Христа, прославленный Отец, дал вам Духа мудрости и откровения, чтобы вы лучше познали Его.",
        "18": "Я молюсь и о том, чтобы Бог просветил очи вашего сердца, и вы увидели, что представляет собой та надежда, к которой Он вас призвал, сколь велико богатство славы наследия Его в святых,",
        "19": "и каково безмерное величие Его силы в нас, верующих под действием Его безграничной силы.",
        "20": "Этой же силой Бог произвел действие и во Христе, когда воскресил Его из мертвых и посадил по правую руку от Себя на небесах,",
        "21": "выше всяких начальств, властей, сил и господств и выше всякого имени, упоминаемого не только в этом веке, но и в будущем.",
        "22": "Бог всё покорил под ноги Христа, поставил Его, Владыку всего, главой Церкви,",
        "23": "которая является Его телом, полнотой Того, Кто наполняет все во всем."
    },
    "2": {
        "1": "Вы были мертвыми из-за ваших беззаконий и грехов,",
        "2": "в которых пребывали, когда жили по обычаям этого мира, по велениям властителя сил, обитающих в воздухе, — духа, действующего ныне в тех, кто непослушен Богу.",
        "3": "Мы все когда-то были такими и поступали по своим природным желаниям, следуя своей похоти. Нас, как и всех остальных, ожидал Божий гнев.",
        "4": "Но Бог, богатый милостью, проявил такую огромную любовь к нам,",
        "5": "что нас, хотя мы и были мертвыми из-за наших беззаконий, оживил вместе со Христом. Вы спасены по благодати.",
        "6": "И Бог воскресил нас вместе со Христом и посадил нас, объединившихся во Христе Иисусе, в небесах.",
        "7": "Тем самым Он хотел показать в грядущих веках безмерное богатство благодати Своей в благости к нам через Иисуса Христа.",
        "8": "Потому что вы спасены по благодати через веру, и это не ваша заслуга — это дар Божий;",
        "9": "не дела, чтобы никто ими не хвалился.",
        "10": "Мы теперь новое творение Божье, созданы в Иисусе Христе для совершения добрых дел, которые Бог предназначил нам совершать.",
        "11": "Помните поэтому, что вы по рождению язычники, которых называли «необрезанными» так называемые «обрезанные» человеческим обрезанием, совершаемым руками.",
        "12": "Вы были в то время без Христа и не принадлежали к народу Израиля. Завет, в котором были заключены обещания Божьи, на вас не распространялся, вы жили в этом мире без надежды и без Бога.",
        "13": "Но сейчас — в Иисусе Христе — вы, бывшие когда-то далеко, кровью Христа стали близки.",
        "14": "Он Сам примирил нас, иудеев, и вас, язычников, и сделал из двух одно, разрушив Своей смертью стоявшую между нами стену, то есть разделявшую нас вражду.",
        "15": "Он упразднил Закон с его повелениями и правилами, и Его цель — создать в Себе Самом из двух одного нового человека, установить мир",
        "16": "и обоих, в одном теле, примирить с Богом через крест, уничтожив Собою вражду.",
        "17": "Он пришел и принес Радостную Весть о мире вам, бывшим далеко от Него, и тем, кто был близок к Нему,",
        "18": "поэтому через Него мы все в одном Духе получили доступ к Отцу.",
        "19": "Поэтому вы уже не чужие и не инородцы; вы сограждане святому народу Божьему и Божьи домочадцы.",
        "20": "Вы воздвигнуты на основании, которым являются апостолы и пророки, а его краеугольный Камень — Иисус Христос.",
        "21": "На Нем крепится всё здание, поднимающееся всё выше и становящееся святым храмом в Господе.",
        "22": "В Нем и вы созидаетесь вместе, чтобы стать жилищем, в котором Бог живет Своим Духом."
    },
    "3": {
        "1": "Вот почему я, Павел, нахожусь в заключении за Иисуса Христа ради вас, язычников.",
        "2": "Вы, конечно же, слышали о том, что Бог возложил на меня ответственность передать вам Божью благодать.",
        "3": "Он через откровение поведал мне тайну, о которой я вам уже вкратце писал.",
        "4": "Прочитав это, вы также сможете постичь то, что я знаю о тайне Христа,",
        "5": "которая не была открыта прежним поколениям людей, но теперь Дух открыл ее святым Божьим апостолам и пророкам.",
        "6": "Тайна эта заключается в том, что через Радостную Весть язычники вместе с иудеями становятся сонаследниками благословений Божьих и членами единого тела. Им также принадлежит обещание, данное в Иисусе Христе.",
        "7": "По благодати Божьей, данной мне благодаря действию Его силы, я стал служителем этой Радостной Вести.",
        "8": "Я — самый незначительный из всех святых, и мне была дана эта благодать: возвещать язычникам Радостную Весть о неизмеримом богатстве Христа.",
        "9": "Мне было доверено просветить всех относительно этого плана, который был от самого начала скрыт Богом, сотворившим всё.",
        "10": "Согласно ему многообразная мудрость Божья должна теперь открыться начальствам и властям на небесах через Церковь.",
        "11": "Это Его вечный замысел, который Он осуществил во Христе Иисусе, нашем Господе.",
        "12": "В Нем и по вере в Него мы можем свободно и уверенно приходить к Богу.",
        "13": "Поэтому я прошу вас не отчаиваться из-за моих страданий ради вас, потому что они служат к вашей славе.",
        "14": "Ради этого я и стою на коленях в молитве перед Отцом,",
        "15": "от Которого получает имя каждый род на небесах и на земле.",
        "16": "Я молюсь, чтобы по богатству Своей славы Он Духом Своим наделил вас внутренней силой",
        "17": "и чтобы через веру в ваши сердца вселился Христос;",
        "18": "молюсь, чтобы вы, укорененные и утвержденные в любви, вместе со всеми святыми могли понять ширину, длину, высоту и глубину",
        "19": "любви Христа и могли познать эту любовь, которая превыше человеческого разумения; молюсь, чтобы ваша жизнь преисполнилась всей полнотой Божьей.",
        "20": "А Тому, Чья сила действует в нас, и Кто может сделать гораздо больше того, о чем мы просим или даже о чем помышляем,",
        "21": "да будет слава из поколения в поколение, навеки, через Иисуса Христа и через Церковь! Аминь."
    },
    "4": {
        "1": "Я, находящийся в заключении ради Господа, умоляю вас: раз вы призваны Богом, то живите достойно вашего призвания.",
        "2": "Будьте скромны и кротки, относитесь друг к другу с терпением и любовью.",
        "3": "Делайте всё возможное для того, чтобы скрепить свое духовное единство узами мира.",
        "4": "Дух один и тело одно, так же, как и надежда, к которой вы были призваны, — одна.",
        "5": "Один Господь, одна вера, одно крещение,",
        "6": "один Бог — Отец всех. Он над всем и действует через всё и во всем.",
        "7": "Каждому же из нас дана благодать по мере дара Христова.",
        "8": "Поэтому и сказано: «Он поднялся на высоту, пленил пленных и дал дары людям».",
        "9": "«Поднялся» означает не что иное, как то, что Он прежде спускался вниз, на землю.",
        "10": "Этот спустившийся и есть Тот Самый, Кто поднялся выше всех небес, чтобы наполнить Собой всю вселенную.",
        "11": "И Он дал одним быть апостолами, другим — пророками, третьим — проповедниками Радостной Вести, четвертым — быть пастырями и учителями,",
        "12": "чтобы приготовить святых к делу служения, для созидания тела Христа",
        "13": "до тех пор, пока мы все не достигнем единства в вере и в познании Сына Божьего, пока не достигнем духовной зрелости и пока не будем подобны Христу, в Котором полнота совершенства.",
        "14": "И тогда мы уже не будем малыми детьми, колеблемыми волнами и носимыми ветрами разных учений, которые делают нас жертвами хитрых обманщиков, вводящих людей в заблуждение.",
        "15": "Но говоря с любовью истину, мы будем возрастать, во всем отражая характер Христа, Который является главой",
        "16": "и благодаря Которому всё тело соединено и скреплено всевозможными связями и все части его выполняют каждая свою функцию. При этом всё тело возрастает и созидается в любви.",
        "17": "Поэтому я заявляю и настаиваю ради Господа: перестаньте жить, как язычники, чьи мысли пусты,",
        "18": "потому что их сознание помрачено. Они отчуждены от жизни, которую дает Бог, из-за их духовной слепоты, произошедшей по черствости их сердец.",
        "19": "Потеряв всякую чувствительность, они предаются разврату, с ненасытностью погрязая во всякой нечистоте.",
        "20": "Но вы не так узнали Христа.",
        "21": "Без сомнения, вы слышали о Нем и в Нем были научены истине, поскольку истина заключена в Иисусе.",
        "22": "Вас учили тому, чтобы вы оставили прежний образ жизни, свойственный вашей старой природе, разлагающейся из-за своих обманчивых низменных желаний.",
        "23": "Обновите ваш образ мыслей,",
        "24": "оденьтесь в новую природу, созданную по образу Бога, — в истинную праведность и святость.",
        "25": "Пусть каждый из вас оставит ложь и говорит своим ближним правду, потому что все мы члены одного тела.",
        "26": "«Гневаясь, не грешите», пусть ваш гнев пройдет прежде, чем зайдет солнце;",
        "27": "не давайте дьяволу места в вашей жизни.",
        "28": "Кто крал, пусть больше не крадет, а лучше пусть трудится, делая нечто доброе своими руками, чтобы было чем поделиться с теми, кто в нужде.",
        "29": "Не произносите никаких дурных слов, говорите лишь полезное для назидания, чтобы это приносило благодать слушающим.",
        "30": "Не огорчайте Святого Духа Божьего, Которым вы были запечатлены для дня искупления.",
        "31": "Избавьтесь от всякой горечи в душе, гнева, ярости, крика, злословия и всякого рода злобы.",
        "32": "Будьте добры друг к другу, проявляйте сострадание, прощайте друг друга, как и Бог во Христе простил вас."
    },
    "5": {
        "1": "Подражайте Богу, будучи Его любимыми детьми.",
        "2": "Живите в любви, как и Христос нас полюбил и отдал Самого Себя за нас как жертвенное приношение Богу, в приятное благоухание.",
        "3": "Среди вас ни в коем случае не должно быть даже намека на разврат, или другую нечистоту, или жадность — это не подобает святому Божьему народу.",
        "4": "В вашей речи не должно быть никаких непристойностей, пустой болтовни или грязных шуток, лучше благодарите Бога.",
        "5": "Знайте, что ни один человек: ни предающийся разврату, ни порочный, ни алчный — а это то же самое, что идолопоклонник, — не получит наследства в Царстве Христа и Бога.",
        "6": "И пусть никто не вводит вас в заблуждение пустыми словами, потому что за всё вышесказанное гнев Божий обрушится на непокорных.",
        "7": "Не имейте ничего общего с такими людьми.",
        "8": "Когда-то вы были тьмой, но сейчас, когда вы в Господе, вы стали светом. Живите как дети света.",
        "9": "А плод света — это всякая доброта, праведность и истина.",
        "10": "Старайтесь разузнать, что приятно Господу.",
        "11": "Не участвуйте в бесплодных делах тьмы, напротив, обличайте эти дела.",
        "12": "О том, чем такие люди занимаются втайне, даже стыдно говорить.",
        "13": "Но всё тайное при свете становится явным.",
        "14": "Свет делает всё видимым, поэтому и говорится: «Проснись, спящий! Воскресни из мертвых — и Христос осветит тебя».",
        "15": "Итак, смотрите, поступайте осторожно, не как глупые, но как мудрые.",
        "16": "Дорожите временем, потому что в эти дни много зла.",
        "17": "Не будьте легкомысленны, а лучше старайтесь понять, в чем заключена воля Господа.",
        "18": "Не напивайтесь вином, это ведет к распутству. Но лучше исполняйтесь Духом.",
        "19": "Наставляйте друг друга псалмами, гимнами и духовными песнопениями. Пойте и прославляйте Господа от всего сердца.",
        "20": "Всегда и за всё благодарите Бога Отца во имя нашего Господа Иисуса Христа.",
        "21": "Подчиняйтесь друг другу из страха перед Христом.",
        "22": "Вы, жены, подчиняйтесь вашим мужьям, как Господу.",
        "23": "Ведь муж — глава своей жене, как и Христос — Глава и Спаситель Церкви — Своего тела.",
        "24": "И как Церковь подчиняется Христу, так и жены должны во всем подчиняться своим мужьям.",
        "25": "А вы, мужья, любите ваших жен так, как Христос полюбил Свою Церковь. Он Самого Себя отдал за нее,",
        "26": "чтобы сделать ее святой, очистив ее водным омовением через слово,",
        "27": "чтобы Ему поставить ее перед Собой как славную Церковь, не имеющую пятна, или порока, или чего-то подобного, чтобы она была святой и непорочной.",
        "28": "Точно так и мужья должны любить своих жен, любить, как свое собственное тело. Тот, кто любит свою жену, любит самого себя.",
        "29": "Ведь нет такого человека, кто бы ненавидел свое тело, но каждый питает свое тело и заботится о нем. Так и Христос заботится о Церкви,",
        "30": "потому что мы — члены Его тела.",
        "31": "«Поэтому оставит человек отца и мать и соединится со своей женой, и двое станут одной плотью».",
        "32": "В этом великая тайна, но я говорю вам, что слова эти относятся к взаимоотношениям Христа и Церкви.",
        "33": "А что касается вас, пусть каждый муж любит свою жену, как самого себя, и жена пусть почитает своего мужа."
    },
    "6": {
        "1": "Дети, будьте послушны своим родителям в Господе, это ваш долг.",
        "2": "«Почитай отца и мать» — это первое повеление с обещанием:",
        "3": "«Чтобы тебе жить благополучно и долго на земле».",
        "4": "Отцы, не раздражайте ваших детей, но воспитывайте их в учении и наставлении Господа.",
        "5": "Рабы, подчиняйтесь вашим земным хозяевам с почтением и страхом, от чистого сердца, как вы подчинялись бы и Христу.",
        "6": "Делайте это не напоказ, лишь ради того, чтобы заслужить их доброе отношение, но делайте это как рабы Христа, от души исполняющие волю Бога.",
        "7": "Служите со старанием, как вы служили бы Господу, а не людям.",
        "8": "Знайте, что Господь вознаградит каждое доброе дело, кто бы его ни сделал, раб или свободный.",
        "9": "И вы, хозяева, так же относитесь к своим рабам. Перестаньте им угрожать. Помните, что на небесах есть Господь — хозяин над ними и над вами, и Он никому не отдает предпочтения.",
        "10": "И в заключение хочу сказать: укрепляйтесь в Господе Его мощью и силой.",
        "11": "Наденьте на себя всё вооружение, которое вам дал Бог, чтобы вы могли устоять перед хитростями дьявола.",
        "12": "Потому что мы боремся не против людей из плоти и крови, а против начальств, против властей, против владык тьмы этого мира и против духов зла на небесах.",
        "13": "Поэтому возьмите всё Божье вооружение, чтобы вы смогли противостать им в день, когда зло пойдет в наступление, и, всё преодолев, выстоять.",
        "14": "Встаньте твердо, подвязавшись поясом истины, надев броню праведности",
        "15": "и обув ноги в готовность возвещать Радостную Весть о мире.",
        "16": "А кроме всего возьмите щит веры, которым вы сможете погасить горящие стрелы лукавого.",
        "17": "Наденьте шлем спасения и возьмите меч от Духа — слово Божье.",
        "18": "Молитесь всякими молитвами и прошениями во всякое время в Духе, а для этого бодрствуйте и будьте постоянны в молитве за всех святых.",
        "19": "Молитесь и обо мне, чтобы, когда я говорю, мне были даны нужные слова и чтобы я мог бесстрашно объяснять тайну Радостной Вести,",
        "20": "послом которой я являюсь, даже находясь в этих цепях. Молитесь о том, чтобы я смело возвещал ее, как и должно.",
        "21": "А чтобы и вы были в курсе моих дел, вам всё расскажет Тихик, наш дорогой брат и верный служитель Господа.",
        "22": "Я посылаю его к вам, чтобы вы узнали об обстоятельствах, в которых мы находимся, и чтобы он ободрил вас.",
        "23": "Пусть у вас, братья, будет мир, любовь и вера от Бога Отца и Господа Иисуса Христа.",
        "24": "Благодать со всеми, кто неизменно любит нашего Господа Иисуса Христа."
    }
}