{
    "1": {
        "1": "От Павла и Тимофея, слуг Иисуса Христа, всем святым в Иисусе Христе, находящимся в Филиппах, включая их руководителей и диаконов.",
        "2": "Благодать и мир вам от Бога, Отца нашего, и Господа Иисуса Христа.",
        "3": "Я всегда благодарю моего Бога, вспоминая о вас",
        "4": "всегда в каждой моей молитве за всех вас. Я молюсь с радостью,",
        "5": "потому что вы с первого дня и доныне участвуете со мной в служении возвещения Радостной Вести.",
        "6": "Я уверен, что Тот, Кто начал в вас это доброе дело, доведет его до конца ко дню возвращения Иисуса Христа.",
        "7": "Мне и подобает так думать о вас, потому что вы в моем сердце. Вы все разделяете со мной благодать Божью, как в узах моих, так и в защите и утверждении Радостной Вести.",
        "8": "Бог свидетель тому, как я люблю всех вас любовью Иисуса Христа.",
        "9": "И я молюсь о том, чтобы ваша любовь возрастала, обогащалась знанием и всякой рассудительностью,",
        "10": "чтобы вы могли определить, в чем заключается лучшее для вас, чтобы вы были чисты и беспорочны в День Христа",
        "11": "и принесли плод праведности, который появляется через Иисуса Христа для прославления Бога и хвалы Ему.",
        "12": "Хочу, чтобы вы знали, братья, что всё, что произошло со мной, послужило успеху возвещения Радостной Вести.",
        "13": "Сейчас всем императорским стражникам и всем прочим известно, что я нахожусь в узах за Христа.",
        "14": "Благодаря моему заключению, большинство братьев укрепились в вере в Господа и смелее, без всякого страха возвещают слово Божье.",
        "15": "Правда и то, что некоторые возвещают Христа из-за зависти и соперничества, но другие возвещают из самых добрых побуждений.",
        "16": "Они руководствуются любовью, понимая, что я помещен сюда, чтобы защищать Радостную Весть,",
        "17": "тогда как первые возвещают Христа из эгоистичных побуждений, неискренне, желая доставить мне здесь, в заключении, больше трудностей.",
        "18": "Ну что же? Ложные или искренние побуждения ими руководят, главное, что они говорят о Христе, и я рад этому. И я не перестану радоваться,",
        "19": "зная, что благодаря вашим молитвам и с помощью Духа Иисуса Христа всё это в конце концов обратится мне во спасение.",
        "20": "Я со всей силою желаю и надеюсь, что мне не придется стыдиться за себя, но, как всегда, так и теперь, я буду тверд и смел, чтобы Христос прославился в моем теле, будь то через мою жизнь или смерть.",
        "21": "Для меня жизнь — это Христос, и смерть — приобретение.",
        "22": "Если мне предстоит еще жить в теле, то для меня это означает плодотворную работу. Но что мне лучше выбрать, я не знаю.",
        "23": "Я стою на распутье: мне хочется уйти из этой жизни и быть со Христом, что лучше всего,",
        "24": "но для вас лучше, чтобы я еще оставался в теле.",
        "25": "Я убежден в этом и знаю, что буду жить и продолжать мое служение, чтобы возрастала ваша радость, чтобы вы продвинулись в вере",
        "26": "и чтобы, когда я вновь буду с вами, у вас было еще больше поводов хвалиться тем, что Иисус Христос сделал через меня.",
        "27": "Что бы ни случилось, живите достойно Радостной Вести Христа. Увижу я вас, или же до меня дойдут только слухи о вас, я буду знать, что вы непоколебимы в своем единстве, что вы плечом к плечу стоите твердо за веру, основанную на Радостной Вести,",
        "28": "и что вас не пугают противники. Это знак им о том, что они погибнут, а вы будете спасены; и это от Бога.",
        "29": "Вам было дано не только верить во Христа, но и страдать за Него.",
        "30": "Вы встречаете те же трудности, какие я встречал раньше и какие, как вам известно, я переношу сейчас."
    },
    "2": {
        "1": "Если союз со Христом дает вам ободрение, если Его любовь утешает вас, если вы находитесь в общении с Духом и имеете милосердие и чувство сострадания,",
        "2": "то дополните еще мою радость: будьте едины в ваших мыслях, имейте одну и ту же любовь, проявляйте единодушие, будьте единомышленниками.",
        "3": "Не делайте ничего из эгоистичных или же из тщеславных побуждений. Будьте скромны и считайте других выше себя.",
        "4": "Руководствуйтесь не только своими интересами, но и интересами других.",
        "5": "Ваш образ мыслей должен быть таким же, как и образ мыслей Христа Иисуса:",
        "6": "Он, по природе Бог, не держался за равенство с Богом,",
        "7": "а наоборот, унизил Себя, приняв природу раба; Он стал подобным людям. Став и по виду как человек,",
        "8": "Он смирил Себя и был покорным до смерти, причем смерти на кресте!",
        "9": "Поэтому Бог возвысил Его и дал Ему имя выше всех имен,",
        "10": "чтобы перед именем Иисуса преклонились все колени на небесах, на земле и под землей,",
        "11": "и чтобы каждый язык признал во славу Бога Отца, что Иисус Христос есть Господь!",
        "12": "Мои любимые, вы всегда были послушны, не только когда я был с вами, но и гораздо более того сейчас, в мое отсутствие. Со страхом и трепетом явите на деле плоды вашего спасения,",
        "13": "потому что это Сам Бог совершает в вас работу, пробуждая в вас и желание, и действия согласно Своей воле.",
        "14": "Делайте всё без жалоб и споров,",
        "15": "чтобы вам быть непорочными, чистыми и незапятнанными детьми Божьими среди этого развращенного и злого поколения. Вы сияете среди него как звезды в мире,",
        "16": "живя по слову жизни, и этим я буду хвалиться в День Христа, что я не напрасно пробежал свой забег и не напрасно трудился.",
        "17": "И даже «проливаясь» как жертвенное возлияние, в дополнение к жертве — служению вашей веры Богу, я радуюсь вместе с вами.",
        "18": "Радуйтесь и веселитесь и вы со мной!",
        "19": "Господь Иисус дает мне надежду на то, что я скоро смогу послать к вам Тимофея, чтобы мне ободриться вестями от вас.",
        "20": "У меня нет другого человека, который бы чувствовал такую же ответственность за вас, как Тимофей.",
        "21": "Все остальные ищут своего, а не того, что угодно Иисусу Христу.",
        "22": "Вы знаете, что Тимофей проявил свои качества на деле, он возвещал Радостную Весть вместе со мной, как сын с отцом.",
        "23": "И поэтому я надеюсь послать его к вам, как только буду знать, что будет дальше со мной.",
        "24": "Господь дает мне уверенность в том, что я и сам скоро буду у вас.",
        "25": "Сейчас же я считаю нужным послать к вам обратно Эпафродита, моего брата, соработника и соратника, вашего посланника и служителя в нуждах моих.",
        "26": "Он хочет опять встретиться с вами, но его огорчает то, что до вас дошли слухи о его болезни.",
        "27": "Да, он серьезно болел и был почти при смерти, но Бог его помиловал, и не только его, но и меня, чтобы не добавлять печали к моей печали.",
        "28": "Поэтому я с еще большим желанием посылаю его к вам, чтобы вы, увидев его, обрадовались, а у меня стало бы меньше печали.",
        "29": "Примите его с радостью в Господе и уважайте таких людей, как он.",
        "30": "Ведь он, рискуя своей жизнью, работал для Христа и оказывал мне помощь, которую вы не могли мне оказать."
    },
    "3": {
        "1": "Наконец, братья, радуйтесь в Господе! Мне не трудно писать об этом еще и еще раз, потому что для вас это будет надежней.",
        "2": "Берегитесь псов, берегитесь людей, делающих зло, берегитесь «членовредителей».",
        "3": "Истинно обрезанные — это мы с вами, поклоняющиеся под руководством Духа Божьего, хвалящиеся Иисусом Христом и не полагающиеся на внешнее,",
        "4": "хотя я и могу полагаться на это. Если у кого-то и есть основания полагаться на внешнее, то тем более у меня.",
        "5": "Я был обрезан на восьмой день от рождения, происхожу из израильского народа, из рода Вениамина. Я чистокровный еврей, и по отношению к Закону — фарисей.",
        "6": "Я ревностно преследовал Церковь, и с точки зрения законнической праведности — беспорочен.",
        "7": "Но всё, что я считал приобретением тогда, сейчас ради Христа считаю потерей.",
        "8": "И не только это, но и всё прочее я считаю потерей в сравнении с бесценным познанием моего Господа Иисуса Христа. Ради Него всё остальное в мире я стал почитать за сор, и я всё отбросил прочь ради приобретения Христа,",
        "9": "ради того, чтобы быть с Ним не со своей уже праведностью по Закону, но с праведностью по вере во Христа, праведностью, приходящей от Бога через веру.",
        "10": "Я хочу познать Христа и ту силу, что воскресила Его, я хочу разделить с Ним Его страдания и стать как Он в Его смерти.",
        "11": "Тогда, надеюсь, я достигну и воскресения из мертвых.",
        "12": "Не то, чтобы я уже приобрел это или уже стал совершенным, но я стремлюсь приобрести, потому что меня приобрел Христос Иисус.",
        "13": "Братья, я не считаю, что я уже достиг этого, а лишь забывая всё, что осталось позади, иду к тому, что впереди.",
        "14": "Я стремительно иду к цели, чтобы получить награду высшего Божьего звания в Иисусе Христе.",
        "15": "Нам всем, духовно зрелым людям, следовало бы так смотреть на вещи. Если же вы в чем-то мыслите иначе, то и это Бог вам откроет.",
        "16": "Но давайте будем жить согласно тому, чего мы уже достигли.",
        "17": "Подражайте мне, братья, и возьмите за образец тех, кто уже следует примеру, который вы имеете в нас.",
        "18": "Потому что многие, о которых я вам говорил раньше и сейчас говорю со слезами на глазах, живут как враги креста Христова.",
        "19": "Их конец — погибель, их бог — это их желудок, и то, чем они хвалятся, позорит их; их мысли направлены на земное.",
        "20": "Наша же родина на небесах, и оттуда мы ожидаем Спасителя, Господа нашего Иисуса Христа.",
        "21": "Ему дана сила покорить Себе всё, и действием этой силы Он изменит наши униженные тела так, что они будут подобны Его прославленному телу."
    },
    "4": {
        "1": "Итак, любимые и желанные мои братья, вы моя радость и мой венец, стойте твердо в Господе, любимые.",
        "2": "Я умоляю Эводию и Синтихию прийти к согласию в Господе.",
        "3": "Я умоляю и тебя, мой верный соратник, помоги этим женщинам примириться, ведь они трудились ради Радостной Вести вместе со мной, Клементом и другими моими сотрудниками, чьи имена записаны в книге жизни.",
        "4": "Всегда радуйтесь в Господе, и я еще раз говорю: радуйтесь!",
        "5": "Пусть ваша кротость будет известна всем людям. Господь близко!",
        "6": "Не заботьтесь ни о чем, но во всем, через молитву и прошение, с благодарностью открывайте ваши просьбы Богу.",
        "7": "Тогда мир Божий, превосходящий всякое понимание, сохранит ваши сердца и умы в единении со Христом Иисусом.",
        "8": "И наконец, братья, размышляйте о том, что истинно, благородно, справедливо, чисто, что приятно и восхитительно, о том, в чем есть добродетель, и о том, что достойно похвалы, — пусть это занимает ваши мысли.",
        "9": "Все, чему вы от меня научились, что получили от меня, что вы слышали или что вы видели во мне, — всё это исполняйте. И Бог, источник мира, будет с вами.",
        "10": "Я искренне радуюсь в Господе тому, что вы вновь стали проявлять заботу обо мне. Конечно, вы заботились всегда, но у вас просто не было возможности показать это.",
        "11": "Я говорю это не потому, что я нуждаюсь в чем-либо, ведь я научился быть довольным в любых обстоятельствах.",
        "12": "Я знаю, что такое скудость и что такое изобилие. Мне пришлось пережить всякое, и я проник в тайну, как быть сытым и терпеть голод, жить в достатке и быть в нужде.",
        "13": "Я всё могу благодаря Тому, Кто дает мне силы.",
        "14": "Впрочем, вы хорошо поступили, разделив со мной мои беды.",
        "15": "Вы, филиппийцы, помните, как в начале моего служения по провозглашению Радостной Вести, когда я отправился из Македонии, ни одна церковь не оказала мне участия в деле даяния и принятия, кроме вас одних.",
        "16": "Даже в Фессалонику вы неоднократно посылали мне эту помощь, когда я в ней нуждался.",
        "17": "Я говорю это не для того, чтобы что-то получить от вас, но хочу, чтобы вы делали то, что будет служить к вашему же благу.",
        "18": "Вы прислали мне через Эпафродита даже больше, чем мне необходимо, и у меня сейчас всё есть. Это — как ароматный запах, как жертва, угодная и приятная Богу.",
        "19": "Мой Бог восполнит все ваши нужды из Своих славных богатств через Иисуса Христа!",
        "20": "Пусть нашему Богу и Отцу будет слава во веки веков. Аминь.",
        "21": "Приветствуйте всех святых в Иисусе Христе. Братья, которые находятся со мной, тоже передают вам приветы.",
        "22": "Вас приветствуют все святые, а особенно те, кто служит при дворе кесаря.",
        "23": "Благодать Господа Иисуса Христа да будет с вашим духом. Аминь."
    }
}