{
    "1": {
        "1": "От Павла, слуги Бога и апостола Иисуса Христа, посланного, чтобы приводить избранных Богом к вере и к познанию истины, которая ведет к благочестию",
        "2": "и дает надежду на вечную жизнь. Ее еще до сотворения мира обещал Бог, Который никогда не лжет.",
        "3": "И когда подошло назначенное время, Он явил Свое слово через проповедь, которая была доверена мне по повелению Бога — нашего Спасителя.",
        "4": "Титу, моему истинному сыну по общей вере. Благодать и мир тебе от Бога Отца и Христа Иисуса, нашего Спасителя.",
        "5": "Я оставил тебя на Крите для того, чтобы ты довел до конца то, что было начато, и назначил по несколько старейшин в каждом городе, как я тебе велел.",
        "6": "Руководитель должен быть человеком с безупречной репутацией, муж одной жены; его дети должны быть верующими и не вызывать упреков в распущенности или непослушании.",
        "7": "Ведь он должен быть безупречен, так как ему доверен труд Божий. Он не должен быть высокомерным, раздражительным, склонным к пьянству, драчуном, не должен преследовать корыстные цели.",
        "8": "Наоборот, ему следует быть гостеприимным, любящим добро, благоразумным, справедливым, благочестивым, умеющим владеть собой человеком.",
        "9": "Он должен быть верен слову истины, которому был научен, чтобы он мог наставлять других в здравом учении и опровергать тех, кто этому учению противится.",
        "10": "Есть много людей, особенно среди обрезанных, что непокорны, занимаются пустыми разговорами и обманывают других.",
        "11": "Их надо заставлять молчать, потому что они ради низкой корысти губят целые семьи, уча тому, чему не следует.",
        "12": "Даже один из них, их собственный пророк сказал: «Критяне всегда лжецы, злобные звери, ленивые обжоры».",
        "13": "И это верное свидетельство. Поэтому строго обличай их, чтобы их вера была здравой,",
        "14": "чтобы они не обращали внимания на иудейские выдумки и приказания людей, отвернувшихся от истины.",
        "15": "Для чистых всё чисто, но для людей испорченных и неверующих нет ничего чистого, потому что их ум и совесть испорчены.",
        "16": "Они заявляют, что знают Бога, но своими делами они отвергают Его. Они отвратительны, непослушны и бесполезны для всякого доброго дела."
    },
    "2": {
        "1": "Ты должен учить тому, что соответствует здравому учению.",
        "2": "Учи пожилых мужчин быть воздержанными, достойными уважения, благоразумными, показывающими пример здравой веры, любви и терпения.",
        "3": "Также пожилым женщинам советуй вести себя благопристойно, не заниматься сплетнями и не быть пристрастными к вину. Они должны учить добру,",
        "4": "наставлять молодых женщин любить своих мужей, любить детей,",
        "5": "быть благоразумными, чистыми, быть хорошими хозяйками, быть добрыми и послушными своим мужьям, чтобы Божье слово не было опорочено.",
        "6": "Также и молодых людей побуждай к благоразумию.",
        "7": "И сам всегда будь примером доброго поведения. Учи с прямотой и серьезностью,",
        "8": "слова твои должны быть здравы и неопровержимы, чтобы любой противник устыдился, не имея повода сказать о нас что-либо плохое.",
        "9": "Учи рабов быть послушными своим хозяевам во всем, чтобы они старались быть услужливыми и не возражали им,",
        "10": "чтобы не крали, но проявляли себя людьми, на которых можно положиться. Пусть они поступают так, чтобы все видели, как прекрасно учение нашего Спасителя Бога.",
        "11": "Ведь явилась благодать Божья, спасительная для всех людей.",
        "12": "Она учит нас отвергать безбожную жизнь и земные страсти, учит нас жить в этом мире благоразумно, праведно и благочестиво,",
        "13": "ожидая осуществления блаженной надежды — славного пришествия великого Бога и Спасителя нашего Иисуса Христа.",
        "14": "Христос отдал Себя за нас, чтобы искупить нас от всех беззаконий и очистить нас, чтобы мы стали Его собственным народом, жаждущим делать добро.",
        "15": "Этому ты должен учить. Ободряй и обличай как человек, обладающий властью, и не позволяй никому смотреть на тебя с пренебрежением."
    },
    "3": {
        "1": "Напоминай людям о том, что они должны подчиняться начальству и властям и быть послушными и готовыми выполнить любое доброе дело.",
        "2": "Учи их также не злословить никого, не быть задиристыми, но мягкими, и являть кротость в обращении со всеми людьми.",
        "3": "Мы тоже когда-то были глупы, непокорны, обмануты и порабощены всевозможными страстями и удовольствиями. Нашу жизнь наполняли злоба и зависть, мы были отвратительны, ненавидя друг друга.",
        "4": "Но Бог, наш Спаситель, проявил к нам доброту и любовь.",
        "5": "Он спас нас не за наши праведные дела, которые мы совершили, а по Своей милости, через возрождающее омовение и обновление Святым Духом,",
        "6": "Которого щедро излил на нас через нашего Спасителя Иисуса Христа,",
        "7": "чтобы мы, оправданные Его благодатью, стали наследниками вечной жизни, на которую мы надеемся.",
        "8": "Эти слова верны, и я хочу, чтобы ты подчеркивал эти истины, чтобы уверовавшие в Бога посвятили себя добрым делам. Всё это хорошо и полезно людям.",
        "9": "Избегай глупых прений, пустых разговоров о родословиях, споров и ссор по поводу Закона: это не приносит пользы и не имеет смысла.",
        "10": "Того, кто вызывает разделения, предупреди раз, другой, но больше времени на него не трать.",
        "11": "Такой человек уже полностью сбился с пути, грешит и этим сам себя осудил.",
        "12": "Когда я пошлю к тебе Артема или Тихика, постарайся прийти ко мне в Никополь, я решил там перезимовать.",
        "13": "Помоги, пожалуйста, законоведу Зенасу и Аполлосу в их путешествии, позаботься о том, чтобы у них было всё необходимое.",
        "14": "Пусть и наши учатся посвящать себя деланию добра ради удовлетворения необходимых нужд других, чтобы их жизнь не была бесплодной.",
        "15": "Все, кто находится сейчас со мной, передают тебе приветы. Привет всем верующим, любящим нас. Благодать Бога пусть будет со всеми вами."
    }
}