{
    "1": {
        "1": "Paulus, Jesu Kristi tjener, kalt til apostel, utvalgt til Guds evangelium;",
        "2": "det Han på forhånd lovte ved profetene sine i Hellige Skrifter,",
        "3": "om Sin Sønn. Som menneske er Han kommet av Davids slekt,",
        "4": "og etter hellighets Ånd ble Han stadfestet å være Guds Sønn i kraft ved oppstandelsen fra de døde, Jesus Kristus, vår Herre.",
        "5": "Ved Ham har vi fått nåde og aposteltjeneste til troens lydighet blant alle folkeslag, for Hans navn.",
        "6": "Blant dem er også dere som er kalt av Jesus Kristus:",
        "7": "Til alle Guds elskede, kalte og hellige som er i Roma: Nåde være med dere og fred fra Gud, vår Far, og Herren Jesus Kristus.",
        "8": "Først takker jeg min Gud ved Jesus Kristus for dere alle, for deres tro forkynnes i hele verden.",
        "9": "Gud er mitt vitne, Han som jeg tjener i min ånd i Hans Sønns evangelium, at jeg ustanselig minner om dere i mine bønner.",
        "10": "Jeg ber alltid om at det en gang må lykkes for meg å komme til dere på en eller annen måte, ved Guds vilje.",
        "11": "For jeg lengter etter å se dere, slik at jeg kan gi dere del i en åndelig nådegave, så dere kan bli styrket –",
        "12": "det vil si at vi sammen kan bli opplivet i vår felles tro, deres og min.",
        "13": "Nå vil jeg ikke at dere skal være uvitende, brødre, om at jeg ofte har planlagt å komme til dere for å høste noe frukt også blant dere, slik som blant de andre folkeslagene. Men inntil nå er jeg blitt forhindret.",
        "14": "Jeg står i gjeld både til grekere og barbarer, til vise og uforstandige.",
        "15": "Derfor, så langt det står til meg, er jeg villig til å forkynne evangeliet også for dere i Roma.",
        "16": "For jeg skammer meg ikke over Kristi evangelium, for det er Guds kraft til frelse for hver den som tror, for jøde først og så for greker.",
        "17": "For i det blir Guds rettferdighet åpenbart av tro til tro, som det står skrevet: Den som er rettferdig av tro, skal leve.",
        "18": "For Guds vrede blir åpenbart fra Himmelen over all ugudelighet og urettferdighet hos menneskene, de som holder sannheten nede i urettferdighet.",
        "19": "Det en kan vite om Gud ligger åpent for dem, for Gud har åpenbart det for dem.",
        "20": "Helt siden verdens skapelse har Hans usynlige egenskaper vært klart synlige; både Hans evige kraft og Hans guddommelighet; disse kan kjennes av de gjerninger som er gjort. Slik er de uten unnskyldning.",
        "21": "For selv om de kjente Gud, æret de Ham ikke som Gud, eller takket, men de ble tomme i sine tanker, og deres dåraktige hjerte ble formørket.",
        "22": "Mens de gjorde krav på å være vise, ble de bare dåraktige,",
        "23": "og de byttet bort den uforgjengelige Guds herlighet med et bilde gjort lik et forgjengelig menneske, og bilder av fugler, firbeinte dyr og krypdyr.",
        "24": "Derfor overga Gud dem også i deres hjerters lyster til urenhet, så de vanærer sine kropper seg imellom.",
        "25": "De byttet ut Guds sannhet med løgn og tilba og tjente skapningen i stedet for Skaperen, Han som er lovprist i all evighet. Amen.",
        "26": "Derfor overga Gud dem til æreløse lidenskaper. For til og med deres kvinner byttet ut det naturlige samliv med et som er i strid med naturen.",
        "27": "Det samme gjorde også mennene. De forlot det naturlige samliv med kvinnen, og de ble opptent i sitt begjær etter hverandre, så menn drev skammelig utukt med menn. Og den velfortjente straffelønn for sin villfarelse fikk de på seg selv.",
        "28": "Ettersom de ikke fant noen verdi i å kjenne Gud, overga Gud dem til et uverdig sinn, så de gjør de ting som ikke sømmer seg.",
        "29": "De er fulle av all slags urettferdighet, seksuell umoral, usselhet, grådighet og ondskap. De er fulle av misunnelse, mord, strid, svik og falskhet. De ble ryktemakere,",
        "30": "baktalere, gudshatere, voldsmenn, stolte, skrythalser, de finner på all slags ondt, de er ulydige mot foreldre,",
        "31": "uforstandige, upålitelige, uten naturlig kjærlighet, de vil ikke tilgi, de er ubarmhjertige.",
        "32": "Disse kjenner Guds rettferdige dom, og de vet at de som driver med den slags, fortjener døden. Likevel gjør de ikke bare det samme selv, men de støtter også andre som gjør det."
    },
    "2": {
        "1": "Derfor kan du ikke unnskyldes, du menneske, hvem du enn er som dømmer. For i hver sak du dømmer en annen, fordømmer du deg selv. For du som dømmer, gjør de samme ting.",
        "2": "Vi vet at Guds dom, den som er i samsvar med sannheten, hviler over dem som gjør den slags.",
        "3": "Regner du med, du menneske som dømmer dem som gjør slike ting, og som selv gjør de samme, at du skal kunne flykte fra Guds dom?",
        "4": "Eller forakter du Hans rikdom på godhet, overbærenhet og tålmodighet? Skjønner du ikke at Guds godhet leder deg til omvendelse?",
        "5": "Men ved din hardhet og ditt hjerte som ikke vil vende om samler du deg vrede til vredens dag, den dag da Guds rettferdige dom skal åpenbares.",
        "6": "Han skal gi enhver etter hans gjerninger:",
        "7": "Han gir evig liv til dem som ved tålmodig utholdenhet i god gjerning søker herlighet, ære og uforgjengelighet.",
        "8": "Han lar harme og vrede komme over dem som søker sitt eget og er ulydige mot sannheten, men som derimot lyder urettferdigheten.",
        "9": "Trengsel og angst skal komme over hver menneskesjel som gjør det onde, over jøde først og så over greker.",
        "10": "Men Han gir herlighet, ære og fred til hver den som gjør det gode, til jøde først og så til greker.",
        "11": "For Gud gjør ikke forskjell på folk.",
        "12": "For alle som syndet uten lov, skal også gå fortapt uten lov, og alle som syndet i loven, skal bli dømt ved loven",
        "13": "– for det er ikke de som hører loven, som er rettferdige for Gud, men de som lever etter loven, som skal bli rettferdiggjort.",
        "14": "Når hedningfolk som ikke har loven, av naturen gjør det loven lærer, er de sin egen lov, selv om de ikke har loven;",
        "15": "de viser at lovens gjerning er skrevet i hjertet deres; og samvittigheten deres vitner sammen med dem; det samme gjelder tankene deres, som innbyrdes enten anklager eller unnskylder dem",
        "16": "– på den dagen da Gud skal dømme det skjulte hos menneskene etter mitt evangelium, ved Jesus Kristus.",
        "17": "Se, du som kalles jøde og setter din lit til loven og roser deg i Gud,",
        "18": "du som kjenner Hans vilje og som kan dømme om smått og stort, fordi du er opplært i loven,",
        "19": "og er overbevist om at du selv er en veileder for blinde, et lys for de som er i mørke,",
        "20": "en oppdrager for uforstandige, en lærer for umodne, fordi du i loven har fått den rette form for kunnskap og sannhet.",
        "21": "Du som lærer andre, lærer du ikke deg selv? Du som forkynner at en ikke skal stjele, stjeler du?",
        "22": "Du som sier: «Du skal ikke drive hor », driver du hor? Du som har avsky for avgudsbildene, utfører du tempelran?",
        "23": "Du som roser deg av loven, vanærer du Gud ved å bryte loven?",
        "24": "For Guds navn blir spottet blant folkeslagene på grunn av dere, slik det står skrevet.",
        "25": "Omskjærelse er jo nyttig dersom du holder loven. Men er du en lovbryter, da er din omskjærelse blitt som om du hadde forhud.",
        "26": "Hvis en som har forhud, holder lovens rettferdige krav, må ikke da hans forhud likevel regnes som omskjærelse?",
        "27": "Dersom den som fysisk har forhud, oppfyller loven, har han ikke da rett til å dømme deg, du som til tross for at du har bokstaven og omskjærelsen, er en lovbryter?",
        "28": "For det er ikke den som er jøde i det ytre, som er jøde, og omskjærelse er ikke en omskjærelse i det ytre, på kjønnslemmet.",
        "29": "Men den er jøde som er det i det skjulte, og som har hjertets omskjærelse i Ånden, ikke i bokstaven. Den har sin ros, ikke fra mennesker, men fra Gud."
    },
    "3": {
        "1": "Hvilken fordel har da jøden, eller hvilket gagn er det i omskjærelsen?",
        "2": "Mye, på alle måter! Først og fremst det at Guds Ord ble betrodd dem.",
        "3": "Hva da om noen var utro? Kan deres utroskap sette Guds trofasthet ut av kraft?",
        "4": "På ingen måte! Det står fast at Gud er sannferdig, men hvert menneske er en løgner. Som det står skrevet: For at Du skal bli rettferdiggjort i Dine ord, og få rett når Du dømmer.",
        "5": "Men dersom vår urettferdighet framhever Guds rettferdighet, hva skal vi da si? Er Gud urettferdig, Han som lar vreden komme? Jeg taler nå bare på menneskelig vis.",
        "6": "Nei, på ingen måte! For hvordan skulle da Gud kunne dømme verden?",
        "7": "For dersom Guds sannhet er kommet tydeligere fram ved min løgn, og det har bidratt til Hans ære, hvorfor blir jeg da fortsatt dømt som en synder?",
        "8": "Hvorfor skal vi da ikke bare «gjøre det onde for at det gode kan komme av det?» – slik de spottende sier om oss, og som noen påstår at vi lærer. Dommen over dem er rettferdig.",
        "9": "Hva da? Har vi noen fordel? Nei, slett ikke! Vi har jo ovenfor anklaget både jøder og grekere for at de alle er under synd.",
        "10": "Som det står skrevet: Det er ikke én rettferdig, nei, ikke en eneste.",
        "11": "Det er ikke én som er forstandig. Det er ikke én som søker Gud.",
        "12": "De har alle bøyd av. Alle er de blitt fordervet. Det er ingen som gjør godt, nei, ikke en eneste.",
        "13": "En åpnet grav er deres strupe. Med sine tunger har de sveket, slangegift er under deres lepper.",
        "14": "Deres munn er full av forbannelse og bitterhet.",
        "15": "Deres føtter er snare til å utøse blod.",
        "16": "Det er ødeleggelse og elendighet på deres veier.",
        "17": "Og fredens vei har de ikke kjent.",
        "18": "Det er ingen gudsfrykt for deres øyne.",
        "19": "Men vi vet at alt det loven sier, taler den til dem som er i loven, for at hver munn skal bli lukket, og for at hele verden skal stå straffskyldig for Gud,",
        "20": "siden ikke noe menneske blir rettferdiggjort for Ham gjennom lovgjerninger, for ved loven kommer erkjennelse av synd.",
        "21": "Nå er Guds rettferdighet blitt åpenbart uten noen lov, den rettferdighet loven og profetene bevitnet.",
        "22": "Det er Guds rettferdighet ved tro på Jesus Kristus, til alle og over alle som tror. For det er ingen forskjell,",
        "23": "for alle har syndet og mangler Guds herlighet.",
        "24": "Men de blir rettferdiggjort, ufortjent, av Hans nåde ved forløsningen, den som er i Kristus Jesus.",
        "25": "Ham stilte Gud fram som et soningssted, ved troen, i Hans blod, for å vise sin rettferdighet. For Gud i sin tålmodighet hadde båret over med de synder som tidligere var gjort.",
        "26": "Slik ville Han vise sin rettferdighet i den tiden som er nå, så Han kunne være rettferdig og rettferdiggjøre den som har troen på Jesus.",
        "27": "Hvor er så vår ros? Den er utelukket. Ved hvilken lov? Gjerningenes? Nei, ved troens lov.",
        "28": "Derfor holder vi fast på at det er ved tro mennesket blir rettferdiggjort, uten lovgjerninger.",
        "29": "Eller er Gud bare jødenes Gud? Er Han ikke også folkeslagenes Gud? Jo, også folkeslagenes,",
        "30": "for Gud er Én, Han som rettferdiggjør de omskårne av troen og de uomskårne ved troen.",
        "31": "Setter vi da loven ut av kraft ved troen? Langt ifra! Tvert imot stadfester vi loven."
    },
    "4": {
        "1": "Hva skal vi da si at vår far Abraham har oppnådd etter kjøttet?",
        "2": "For dersom Abraham ble rettferdiggjort av gjerninger, har han jo noe å rose seg av, men ikke for Gud.",
        "3": "For hva sier Skriften? Abraham trodde Gud, og det ble regnet ham til rettferdighet.",
        "4": "For den som arbeider, blir ikke lønnen regnet som nåde, men som fortjeneste.",
        "5": "Men den som ikke arbeider, men tror på Ham som rettferdiggjør den ugudelige, ham blir hans tro tilregnet som rettferdighet,",
        "6": "slik også David uttaler saligprisningen over det menneske Gud tilregner rettferdighet uten gjerninger:",
        "7": "«Salige er de som har fått sine lovbrudd tilgitt, og sine synder dekket over.",
        "8": "Salig er den mann som Herren ikke tilregner synd.»",
        "9": "Gjelder nå denne saligprisningen bare de omskårne, eller gjelder den de uomskårne også? Vi sier jo at troen ble regnet Abraham til rettferdighet.",
        "10": "Men når ble den da tilregnet ham? Da han var omskåret eller uomskåret? Ikke da han var omskåret, men mens han var uomskåret.",
        "11": "Han fikk omskjærelsens tegn som et segl på rettferdigheten ved tro, den han hadde mens han ennå var uomskåret, og slik ble han far til alle som ikke er omskårne, men som tror, så rettferdigheten kunne bli tilregnet dem også.",
        "12": "Han ble også far til de omskårne, dem som ikke bare er omskårne, men også følger i fotsporene av den tro vår far Abraham hadde da han fremdeles var uomskåret.",
        "13": "For det var jo ikke ved loven løftet om å bli arving til verden ble gitt til Abraham eller til hans slekt, men ved troens rettferdighet.",
        "14": "For er det de som er av loven, som er arvinger, da blir troen uten innhold og løftet satt ut av kraft,",
        "15": "for det er jo slik at loven framkaller vrede. Men der det ikke er noen lov, der er det heller ingen overtredelse.",
        "16": "Derfor er løftet av tro, for at det kunne være av nåde, slik at løftet kunne stå fast for hele slekten, ikke bare for den som er av loven, men også for den som er av Abrahams tro. Han er far til oss alle",
        "17": "– slik det står skrevet: Jeg har gjort deg til far for mange folkeslag – overfor Gud, Ham som han trodde på, den Gud som gjør de døde levende og nevner det som ikke finnes, som om det finnes.",
        "18": "Da alt håp var ute, trodde han med håp at han skulle bli far til mange folkeslag, etter det som var sagt: «Slik skal din slekt bli.»",
        "19": "Han ble ikke svak i troen og var ikke opptatt av sin egen utlevde kropp, selv om han snart var 100 år. Heller ikke var han opptatt av Saras døde morsliv.",
        "20": "Han tvilte ikke i vantro på Guds løfte, men ble styrket i troen idet han ga Gud ære.",
        "21": "Han var helt overbevist om at det Han hadde lovt, det var Han også i stand til å gjøre.",
        "22": "Derfor ble det regnet ham til rettferdighet.",
        "23": "Nå ble det ikke skrevet bare for hans skyld at den ble tilregnet ham;",
        "24": "men også for vår skyld, vi som blir tilregnet rettferdighet og som tror på Ham som reiste vår Herre Jesus opp fra de døde,",
        "25": "Han som ble gitt for våre overtredelser og oppreist til vår rettferdiggjørelse."
    },
    "5": {
        "1": "Da vi altså er blitt rettferdiggjort av tro, har vi fred med Gud ved vår Herre Jesus Kristus.",
        "2": "Ved Ham har vi også ved troen fått adgang til denne nåde vi står i, og vi roser oss ved håp om Guds herlighet.",
        "3": "Og ikke bare det, vi roser oss også i trengsler, for vi vet at trengselen virker tålmodighet,",
        "4": "tålmodigheten virker et prøvet sinn, og det prøvede sinn virker håp.",
        "5": "Håpet gjør ikke til skamme, for Guds kjærlighet er utøst i våre hjerter ved Den Hellige Ånd, som ble gitt oss.",
        "6": "For da vi ennå var skrøpelige, døde Kristus til fastsatt tid for ugudelige.",
        "7": "Det er neppe noen som vil dø for en rettferdig. Eller kanskje for en som er god, ville noen våge å dø.",
        "8": "Men Gud viser sin kjærlighet til oss ved at Kristus døde for oss mens vi fortsatt var syndere.",
        "9": "Hvor mye mer skal vi da, nå som vi er blitt rettferdiggjort ved Hans blod, ved Ham bli frelst fra vreden!",
        "10": "For dersom vi ble forlikt med Gud ved Hans Sønns død da vi var fiender, skal vi enda mer bli frelst ved Hans liv etter at vi er blitt forlikt.",
        "11": "Ikke bare det, vi roser oss også i Gud ved Herren Jesus Kristus, ved Ham som vi nå har fått forlikelsen ved.",
        "12": "Derfor, slik synden kom inn i verden ved ett menneske, og døden ved synden, og døden slik trengte seg inn til alle mennesker, fordi de alle syndet.",
        "13": "For også i tiden fram til loven var det synd i verden, men synden blir ikke tilregnet når det ikke er noen lov.",
        "14": "Likevel hersket døden fra Adam til Moses, også over dem som ikke hadde syndet i likhet med overtredelsen til Adam, han som er et forbilde på Ham som skulle komme.",
        "15": "Men med nådegaven er det ikke som med fallet. For om de mange døde på grunn av den enes fall, så er Guds nåde og gaven ved Det ene Mennesket Jesu Kristi nåde, i langt større grad kommet rikelig over de mange.",
        "16": "Med gaven er det ikke som da den ene syndet. For dommen som kom av den enes fall, førte til fordømmelse. Men nådegaven som kom etter de mange overtredelser, førte til rettferdiggjørelse.",
        "17": "For om døden fikk herredømme ved den ene, ved denne enes fall, så skal da de som tar imot nådens overflod og rettferdighetens gave, desto mer ha liv og herske ved Den Ene, Jesus Kristus.",
        "18": "Altså, slik fordømmelsen ved den enes fall kom over alle mennesker, slik blir Den Enes rettferdige gjerning for alle mennesker til livets rettferdiggjørelse.",
        "19": "For slik de mange ble stilt fram som syndere ved det ene menneskes ulydighet, slik skal også de mange bli stilt fram som rettferdige ved Den Enes lydighet.",
        "20": "Men loven kom inn ved siden av, for at fallet skulle bli større. Men der synden ble stor, ble nåden enda mer overstrømmende rik,",
        "21": "for slik synden hersket ved døden, skal også nåden herske ved rettferdighet til evig liv ved Jesus Kristus, vår Herre."
    },
    "6": {
        "1": "Hva skal vi da si? Skal vi fortsette i synden for at nåden kan bli desto større?",
        "2": "På ingen måte! Vi som døde fra synden, hvordan kan vi fortsette å leve i den?",
        "3": "Eller vet dere ikke at alle vi som ble døpt til Kristus Jesus, ble døpt til Hans død?",
        "4": "Vi ble altså begravd med Ham ved dåpen til døden, for at slik som Kristus ble oppreist fra de døde ved Faderens herlighet, skal også vi vandre i et nytt liv.",
        "5": "For hvis vi er blitt forenet med Ham i likhet med Hans død, da skal vi også bli det med oppstandelsen.",
        "6": "Vi vet at vårt gamle menneske ble korsfestet med Ham, for at syndelegemet skulle bli fratatt sin makt, så vi ikke lenger skal være slaver under synden.",
        "7": "For den som er død, er rettferdiggjort fra synden.",
        "8": "Men døde vi med Kristus, da tror vi at vi også skal leve med Ham,",
        "9": "for vi vet at etter at Kristus er oppreist fra de døde, dør Han ikke mer. Døden hersker ikke lenger over Ham.",
        "10": "For døden Han døde, den døde Han for synden én gang for alle, men livet Han lever, det lever Han for Gud.",
        "11": "Slik skal også dere regne dere som døde for synden, men levende for Gud i Kristus Jesus, vår Herre.",
        "12": "La derfor ikke synden ha herredømme i deres dødelige kropp, så dere skulle lyde den i dens lyster.",
        "13": "Still heller ikke lemmene deres fram som våpen for urettferdigheten til tjeneste for synden, men still dere selv fram til tjeneste for Gud som de som av døde er blitt levende, og still lemmene deres fram som våpen for rettferdigheten, til tjeneste for Gud.",
        "14": "Synden skal ikke herske over dere, for dere er ikke under loven, men under nåden.",
        "15": "Hva da? Skal vi synde siden vi ikke er under loven, men under nåden? På ingen måte!",
        "16": "Vet dere ikke at når dere stiller dere fram som tjenere i lydighet mot noen, er dere tjenere under den dere lyder, enten det er under synden som fører til død, eller det er under lydigheten som fører til rettferdighet?",
        "17": "Men Gud være takk! Selv om dere har vært slaver under synden, er dere nå av hjertet blitt lydige mot den lærdomsform dere ble overgitt til.",
        "18": "Etter at dere ble satt fri fra synden, ble dere tjenere for rettferdigheten.",
        "19": "Jeg bruker uttrykk fra dagliglivet på grunn av deres menneskelige skrøpelighet. Slik dere før stilte lemmene deres fram som tjenere for urenheten og for lovløsheten, til lovløshet, skal dere nå stille lemmene deres fram som tjenere for rettferdigheten, til helliggjørelse.",
        "20": "For da dere var syndens slaver, var dere frie fra rettferdigheten.",
        "21": "Hva slags frukt hadde dere den gang? Frukt dere nå skammer dere over, slikt som har døden som mål.",
        "22": "Men nå, siden dere er satt fri fra synden og er blitt tjenere for Gud, høster dere frukt som fører til helliggjørelse, og målet er evig liv.",
        "23": "For syndens lønn er døden, men Guds nådegave er evig liv i Kristus Jesus, vår Herre."
    },
    "7": {
        "1": "Eller vet dere ikke, søsken – jeg taler jo til dem som kjenner loven – at loven hersker over et menneske den tiden det lever?",
        "2": "Den gifte kvinnen, er ved loven bundet til sin ektemann så lenge han lever. Men hvis ektemannen dør, er hun løst fra loven som bandt henne til ektemannen.",
        "3": "Hvis hun gifter seg med en annen mann mens hennes ektemann lever, skal hun kalles en horkvinne. Men hvis hennes ektemann dør, er hun fri fra loven, og er ikke en horkvinne selv om hun har giftet seg med en annen mann.",
        "4": "På samme måte, mine søsken, døde også dere bort fra loven ved Kristi kropp, for at dere skal tilhøre en annen, Han som ble oppreist fra de døde, for at vi skal bære frukt for Gud.",
        "5": "Da vi levde etter kjøttet, virket de syndige lystene som ble vekket ved loven, i våre lemmer, så vi bar frukt for døden.",
        "6": "Men nå er vi frigjort fra loven, siden vi er døde fra det som holdt oss fanget, slik at vi tjener i Åndens nye vesen og ikke i bokstavens gamle vesen.",
        "7": "Hva skal vi da si? Er loven synd? Slett ikke! Men jeg lærte ikke synden å kjenne uten ved loven. For jeg hadde ikke kjent til begjæret hvis ikke loven hadde sagt: Du skal ikke begjære.",
        "8": "Men synden, som utnyttet anledningen som budet ga, virket all slags begjær i meg. For uten lov er synden død.",
        "9": "Jeg levde en gang uten lov, men da budet kom, våknet synden til live, og jeg døde.",
        "10": "Slik fikk jeg erfare at det budet som skulle gi liv, ga meg død.",
        "11": "For synden tok anledning av budet og bedro meg, og ved dette drepte den meg.",
        "12": "La det da stå fast at loven er hellig, og budet er hellig og rettferdig og godt.",
        "13": "Har da det som er godt, blitt til død for meg? Slett ikke! Men det var synden, for at den klart skulle framstå som synd, som virket død i meg ved det som er godt, slik at synden kunne bli grenseløst syndig ved budet.",
        "14": "For vi vet at loven er åndelig, men jeg er kjødelig, solgt under synden.",
        "15": "Det jeg gjør, forstår jeg ikke, for det jeg vil, det gjør jeg ikke. Men det jeg hater, det gjør jeg.",
        "16": "Hvis jeg da gjør det jeg ikke vil, samtykker jeg med loven i at den er god.",
        "17": "Men nå er det ikke lenger jeg som gjør det, men synden som bor i meg.",
        "18": "For jeg vet at i meg, det vil si i mitt kjøtt, bor det ikke noe godt. For viljen har jeg, men å gjennomføre det gode kan jeg ikke.",
        "19": "Det gode jeg vil, gjør jeg ikke, men det onde jeg ikke vil, det gjør jeg.",
        "20": "Hvis jeg gjør det jeg ikke vil, da er det ikke lenger jeg som gjør det, men synden som bor i meg.",
        "21": "Jeg finner da denne loven i meg selv, at det onde ligger meg for hånden, jeg som vil gjøre det gode.",
        "22": "For jeg fryder meg i Guds lov etter det indre menneske.",
        "23": "Men jeg ser en annen lov i lemmene mine. Den ligger i strid med loven i mitt sinn og tar meg til fange under syndens lov, som er i lemmene mine.",
        "24": "Jeg elendige menneske! Hvem skal fri meg ut fra denne dødens kropp?",
        "25": "Jeg takker Gud, ved Jesus Kristus, vår Herre! Så tjener jeg da Guds lov med mitt sinn, men syndens lov med mitt kjøtt."
    },
    "8": {
        "1": "Derfor er det nå ingen fordømmelse for dem som er i Kristus Jesus, de som ikke vandrer etter kjøttet, men etter Ånden.",
        "2": "For livets Ånds lov har i Kristus Jesus gjort meg fri fra syndens og dødens lov.",
        "3": "For det som var umulig for loven, siden den var maktesløs på grunn av kjøttet, det gjorde Gud ved å sende sin egen Sønn i syndig kjøtts lignelse og for syndens skyld: Han fordømte synden i kjøttet,",
        "4": "for at lovens rettferdige krav skulle bli oppfylt i oss, vi som ikke vandrer etter kjøttet, men etter Ånden.",
        "5": "For de som lever etter kjøttet, retter sinnet mot det som hører kjøttet til, men de som lever etter Ånden, retter sinnet mot det som hører Ånden til.",
        "6": "For kjøttets sinnelag er død, men Åndens sinnelag er liv og fred.",
        "7": "For kjøttets sinnelag er fiendskap mot Gud, for det bøyer seg ikke inn under Guds lov og har heller ikke evne til det.",
        "8": "De som da styres av kjøttet, kan ikke være til behag for Gud.",
        "9": "Men dere styres ikke av kjøttet, men av Ånden, så sant Guds Ånd bor i dere. Hvis noen ikke har Kristi Ånd, hører han ikke Ham til.",
        "10": "Dersom Kristus er i dere, er vel kroppen død på grunn av synd, men ånden er liv på grunn av rettferdighet.",
        "11": "Hvis Hans Ånd som oppreiste Kristus fra de døde, bor i dere, da skal Han som oppreiste Kristus fra de døde, også levendegjøre de dødelige kroppene deres ved sin Ånd som bor i dere.",
        "12": "Derfor, søsken, skylder vi ikke kjøttet noe, slik at vi skulle leve slik det vil.",
        "13": "For dersom dere lever etter kjøttet, skal dere dø. Men hvis dere ved Ånden dreper legemets gjerninger, skal dere leve.",
        "14": "For alle som blir ledet av Guds Ånd, de er Guds barn.",
        "15": "Dere fikk ikke trelldommens ånd, så dere igjen skulle frykte. Dere fikk barnekårets Ånd, og i Ånden roper vi: «Abba, Far!»",
        "16": "Ånden selv vitner med vår ånd at vi er Guds barn,",
        "17": "og hvis vi er barn, da er vi også arvinger, Guds arvinger og Kristi medarvinger, så sant vi lider med Ham, for at vi også skal bli herliggjort sammen med Ham.",
        "18": "Jeg er overbevist om at lidelsene i den nåværende tid er for ingenting å regne sammenlignet med den herligheten som skal bli åpenbart på oss.",
        "19": "For skapningen lengter i ivrig forventning etter åpenbaringen av Guds barn.",
        "20": "Skapningen ble underlagt forgjengelighet, ikke frivillig, men på grunn av Ham som la den under forgjengelighet, men med håp.",
        "21": "For skapningen selv skal bli fridd ut fra forgjengelighetens trelldom og ført inn i herlighetens frihet, den som tilhører Guds barn.",
        "22": "Vi vet at hele skapningen stønner og sukker som i fødselsveer, helt til denne tid.",
        "23": "Ikke bare det, men også vi som har Åndens førstegrøde sukker med oss selv og venter med iver på barnekåret, vår kropps forløsning.",
        "24": "For i dette håpet ble vi frelst, men et håp som blir sett, er ikke lenger noe håp. For hvorfor håper en fortsatt på det en ser?",
        "25": "Men hvis vi håper på det vi ikke ser, lengter vi etter det med utholdenhet.",
        "26": "På samme måte hjelper også Ånden oss i våre svakheter. For vi vet ikke hva vi skal be om slik vi burde. Men Ånden selv går i forbønn for oss med sukk som ikke kan uttrykkes med ord.",
        "27": "Han som gransker hjertene, vet hva Åndens sinnelag er, for Han går i forbønn for de hellige etter Guds vilje.",
        "28": "Vi vet at alle ting virker sammen til det gode for dem som elsker Gud, for dem som er kalt etter Hans rådslutning.",
        "29": "For dem som Han kjente på forhånd, har Han også forutbestemt til å bli likedannet med sin Sønns bilde, for at Han skulle være Den Førstefødte blant mange søsken.",
        "30": "Dem som Han forut har bestemt, har Han også kalt. Og dem Han har kalt, har Han også rettferdiggjort. Dem Han har rettferdiggjort, har Han også herliggjort.",
        "31": "Hva skal vi da si til dette? Hvis Gud er for oss, hvem er da imot oss?",
        "32": "Han som ikke sparte sin egen Sønn, men ga Ham for oss alle, hvordan skal Han kunne annet enn å gi oss alle ting med Ham?",
        "33": "Hvem vil komme med anklage mot Guds utvalgte? Det er Gud som rettferdiggjør.",
        "34": "Hvem er den som fordømmer? Det er Kristus som døde, ja, mer enn det, Han er også oppstått, Han sitter også ved Guds høyre hånd, og Han går også i forbønn for oss.",
        "35": "Hvem kan skille oss fra Kristi kjærlighet? Trengsel, angst, forfølgelse, hungersnød, nakenhet, fare eller sverd?",
        "36": "Det står skrevet: For Din skyld blir vi drept hele dagen lang. Vi blir regnet som slaktesauer.",
        "37": "Men i alt dette skal vi mer enn seire ved Ham som elsket oss.",
        "38": "For jeg er overbevist om at verken død eller liv, verken engler eller myndigheter eller makter, verken det som er nå, eller det som skal komme,",
        "39": "verken høyde eller dybde eller noen annen skapning skal være i stand til å skille oss fra Guds kjærlighet, den som er i Kristus Jesus, vår Herre."
    },
    "9": {
        "1": "Jeg taler sannhet i Kristus, jeg lyver ikke, og min samvittighet vitner med meg i Den Hellige Ånd",
        "2": "at jeg har en stor sorg og stadig nød i mitt hjerte.",
        "3": "For jeg kunne ønske at jeg selv var forbannet bort fra Kristus for mine brødres skyld, mine landsmenn etter kjøttet,",
        "4": "de som er israelitter. Dem tilhører barnekåret, herligheten, paktene, lovgivningen, gudstjenesten og løftene.",
        "5": "Også fedrene tilhører dem, og fra dem er Kristus kommet etter kjøttet, Han som er over alle, Gud, lovprist i evighet. Amen.",
        "6": "Men det er ikke så å forstå at Guds Ord har falt bort. For ikke alle som stammer fra Israel, er Israel,",
        "7": "og de er heller ikke alle barn, selv om de tilhører Abrahams etterkommere. Men: I Isak skal din slekt bli kalt.",
        "8": "Det vil si, ikke de som er barn etter kjøttet, er Guds barn, men løftets barn blir regnet til slekten.",
        "9": "For dette er løftets ord: På denne tiden skal Jeg komme, og da skal Sara ha en sønn.",
        "10": "Ikke bare dette, men da Rebekka også var svanger ved én mann, ved vår far Isak",
        "11": "– for barna var ennå ikke født og hadde verken gjort godt eller ondt, for at Guds plan etter utvelgelsen skulle stå fast, ikke av gjerninger, men ved Ham som kaller",
        "12": "– da ble det sagt til henne: «Den eldste skal tjene den yngste.»",
        "13": "Det står skrevet: Jakob har Jeg elsket, men Esau har Jeg hatet.",
        "14": "Hva skal vi da si? Er det urettferdighet hos Gud? På ingen måte!",
        "15": "For Han sier til Moses: «Jeg skal miskunne Meg over den Jeg miskunner Meg over, og Jeg skal være barmhjertig mot den Jeg er barmhjertig mot.»",
        "16": "Så kommer det da ikke an på den som vil, heller ikke på den som løper, men på Gud som viser miskunn.",
        "17": "For Skriften sier til Farao: « Nettopp til dette har Jeg reist deg opp, at Jeg kan få vise Min kraft på deg, og for at Mitt navn skal bli forkynt over hele jorden.»",
        "18": "Derfor viser Han miskunnhet mot den Han vil, og forherder den Han vil.",
        "19": "Du vil da si til meg: «Hva mer har Han da å klage over? For hvem kan stå imot Hans vilje?»",
        "20": "Men sannelig, hvem er du, menneske, som tar til motmæle mot Gud? Kan det som er formet, si til den som formet det: «Hvorfor har du lagd meg slik?»",
        "21": "Har ikke pottemakeren makt over leiren, slik at han av samme leirklump kan lage et kar til ære og et annet til vanære?",
        "22": "Selv om Gud ønsket å vise sin vrede og gjøre sin kraft kjent, har Han likevel i stor tålmodighet holdt ut med de vredens kar som var gjort fullt ferdige til ødeleggelse,",
        "23": "også for at Hans herlighets rikdom skulle bli kunngjort over miskunnhetens kar, som Han på forhånd hadde gjort i stand til herlighet.",
        "24": "Til slike kar kalte Han også oss, ikke bare av jødene, men også av folkeslagene.",
        "25": "Som Han også sier i Hosea: «Det som ikke var Mitt folk, vil Jeg kalle Mitt folk, og henne som ikke var elsket, vil Jeg kalle den som er elsket.",
        "26": "Det skal skje på det sted hvor det ble sagt til dem: Dere er ikke Mitt folk, der skal de bli kalt barn av Den levende Gud.»",
        "27": "Jesaja roper også ut over Israel: «Selv om tallet på Israels etterkommere er som havets sand, skal bare en rest bli frelst.",
        "28": "For Han skal fullføre verket og forkorte det i rettferdighet, for Herren skal snart avslutte verket på jorden. »",
        "29": "Og som Jesaja hadde sagt tidligere: «Hvis ikke Herren Sebaot hadde latt en slekt bli tilbake for oss, ville vi ha blitt som Sodoma, og vi ville ha blitt lik Gomorra. »",
        "30": "Hva skal vi da si? At folkeslagene som ikke søkte rettferdigheten, har fått rettferdighet, men det er den rettferdigheten som er av tro.",
        "31": "Men Israel som søkte rettferdighetens lov, har ikke grepet rettferdighetens lov.",
        "32": "Hvorfor? Fordi de ikke søkte den ved tro, men ved lovgjerninger. For de snublet over snublesteinen.",
        "33": "Som det står skrevet: Se, Jeg legger i Sion en snublestein og en klippe til anstøt, og hver den som tror på Ham, skal ikke bli gjort til skamme."
    },
    "10": {
        "1": "Brødre, mitt hjertes ønske og min bønn til Gud for Israel er at de må bli frelst.",
        "2": "For jeg kan bevitne at de har nidkjærhet for Gud, men ikke ut fra kjennskap.",
        "3": "Fordi de er uvitende om Guds rettferdighet og søker å opprette sin egen rettferdighet, har de ikke underordnet seg Guds rettferdighet.",
        "4": "For Kristus er lovens ende til rettferdighet for hver den som tror.",
        "5": "Moses skriver om den rettferdighet som er av loven: «Det mennesket som gjør disse ting, skal leve ved dem.»",
        "6": "Men rettferdigheten av troen taler slik: Si ikke i ditt hjerte: Hvem skal stige opp til Himmelen? – det vil si for å hente Kristus ned –",
        "7": "eller: Hvem skal fare ned i avgrunnen? – det vil si for å hente Kristus opp fra de døde.",
        "8": "Men hva sier den? Ordet er deg nær, i din munn og i ditt hjerte – det er troens ord som vi forkynner:",
        "9": "For dersom du bekjenner Herren Jesus med din munn, og tror i ditt hjerte at Gud har oppreist Ham fra de døde, skal du bli frelst.",
        "10": "For med hjertet tror en til rettferdighet, og med munnen bekjenner en til frelse.",
        "11": "Skriften sier jo: Hver den som tror på Ham, skal ikke bli gjort til skamme.",
        "12": "Det er ingen forskjell på jøde og greker, for Han er den samme Herre over alle, Han er rik nok for alle som kaller på Ham.",
        "13": "For hver den som påkaller Herrens navn, skal bli frelst.",
        "14": "Hvordan kan de da påkalle Ham de ikke er kommet til tro på? Hvordan kan de tro på Ham de ikke har hørt om? Og hvordan kan de høre uten at det er noen som forkynner?",
        "15": "Og hvordan kan de forkynne hvis de ikke blir utsendt? Som det står skrevet: Hvor deres føtter er vakre som forkynner fredens evangelium, som forkynner evangeliet om de gode nyheter!",
        "16": "Men ikke alle var lydige mot evangeliet. For Jesaja sier: «Herre, hvem trodde det budskapet han hørte av oss?»",
        "17": "Så kommer da troen av det en hører, og det en hører kommer ved Guds Ord.",
        "18": "Men jeg sier: Har de ikke hørt? Jo, sannelig: Deres røst har gått ut til hele jorden og deres ord til verdens ender.",
        "19": "Men jeg sier: Forsto ikke Israel dette? Først sier Moses: «Jeg vil gjøre dere nidkjære ved dem som ikke er et folkeslag. Jeg vil egge dere til vrede ved et uforstandig folkeslag.»",
        "20": "Jesaja er svært frimodig og sier: «Jeg ble funnet av dem som ikke søkte Meg. Jeg ble åpenbart for dem som ikke spurte etter Meg.»",
        "21": "Men til Israel sier han: «Hele dagen lang har Jeg rakt ut Mine hender til et ulydig folk som tar til motmæle.»"
    },
    "11": {
        "1": "Jeg spør da: Har Gud forkastet sitt folk? På ingen måte! Jeg er jo også en israelitt, av Abrahams slekt, av Benjamins stamme.",
        "2": "Gud har ikke forkastet sitt folk som Han tidligere har vedkjent seg. Eller vet dere ikke hva Skriften sier om Elia, hvordan han anklager Israel overfor Gud og sier:",
        "3": "«Herre, de har drept profetene Dine og revet ned altrene Dine. Jeg er alene igjen, og de er ute etter mitt liv ».",
        "4": "Men hvordan lyder det guddommelige svaret til ham? «Jeg har latt det bli igjen for Meg 7000 mann, som ikke har bøyd kne for Ba’al.»",
        "5": "Så er det da i den tid som er nå, en rest igjen etter nådens utvelgelse.",
        "6": "Og er det ved nåde, da er det ikke lenger av gjerninger. Ellers er ikke nåden lenger nåde. Men hvis det er av gjerninger, er det ikke lenger nåde. Ellers er heller ikke gjerningen lenger noen gjerning.",
        "7": "Hva da? Israel har ikke oppnådd det som de søker etter. Men de utvalgte har oppnådd det, og de andre ble forblindet.",
        "8": "Slik det står skrevet: Gud har gitt dem en sløvhetens ånd, øyne så de ikke skulle se, og ører så de ikke skulle høre helt til denne dag.",
        "9": "David sier: «La deres bord bli en snare og en felle, en snublestein og en gjengjeldelse for dem.",
        "10": "La deres øyne bli formørket, så de ikke ser, og la alltid deres rygg være bøyd. »",
        "11": "Jeg sier altså: Har de snublet for at de skulle falle? Slett ikke! Men ved deres overtredelse er frelsen kommet til hedningfolkene, for å gjøre dem misunnelige.",
        "12": "Hvis nå deres fall er blitt til rikdom for verden og deres fåtall til rikdom for hedningfolkene, hvor mye mer når de kommer fulltallig!",
        "13": "For jeg taler til dere hedningfolk. Så sant jeg er folkeslagenes apostel, ærer jeg tjenesten min,",
        "14": "om jeg på noen måte kan gjøre dem misunnelige som er av mitt kjøtt, og frelse noen av dem.",
        "15": "For om deres forkastelse er til forlikelse for verden, hva vil da være når de blir tatt imot, om ikke liv av døde?",
        "16": "For om førstegrøden er hellig, er hele deigen også hellig. Og er roten hellig, er grenene også det.",
        "17": "Om noen av grenene ble brukket av, og du som var av et vilt oliventre, ble innpodet blant dem og sammen med dem fikk del i roten og sevjen fra oliventreet,",
        "18": "så ros deg ikke overfor grenene! Men roser du deg, så husk at det ikke er du som bærer roten, men roten som bærer deg.",
        "19": "Du vil da si: «Grenene ble brukket av for at jeg skulle bli podet inn.»",
        "20": "Vel, ved vantro ble de brukket av, og du står innpodet ved tro. Vær ikke hovmodig, men frykt!",
        "21": "For om Gud ikke sparte de naturlige grenene, kan det være at Han ikke sparer deg heller.",
        "22": "Legg derfor merke til Guds godhet og strenghet: Overfor dem som falt, strenghet, men mot deg, godhet, hvis du da fortsetter i Hans godhet. Ellers vil også du bli hogd av.",
        "23": "Slik er det med de andre også. Hvis de ikke fortsetter i vantro, skal de bli podet inn, for Gud har makt til å pode dem inn igjen.",
        "24": "For dersom du ble hogd av fra det oliventreet som av naturen er vilt, og i strid med naturen ble innpodet i et edelt oliventre, hvor mye mer skal da disse som er naturlige grener, bli innpodet i sitt eget oliventre?",
        "25": "For jeg vil ikke, brødre, at dere skal være uvitende om denne hemmeligheten, så dere ikke skal være kloke i egne øyne, nemlig at forherdelse har rammet en del av Israel inntil fylden av folkeslagene er kommet inn,",
        "26": "og slik skal hele Israel bli frelst, som det er skrevet: Utfrieren skal komme fra Sion, og Han skal vende ugudelighet bort fra Jakob.",
        "27": "For dette er Min pakt med dem når Jeg tar bort deres synder.",
        "28": "Ifølge evangeliet er de fiender for deres skyld. Men ifølge utvelgelsen er de elsket for fedrenes skyld.",
        "29": "For Guds nådegaver og kall kan ikke tas tilbake.",
        "30": "For slik dere en gang var ulydige mot Gud, men nå likevel har fått miskunn ved deres ulydighet,",
        "31": "slik har også disse andre nå vært ulydige, for at også de skal få miskunn ved den miskunn som er vist dere.",
        "32": "For Gud har overgitt dem alle til ulydighet, for at Han kunne vise miskunn mot dem alle.",
        "33": "Å, hvilken dybde av rikdom og visdom og kunnskap hos Gud! Hvor uransakelige Hans dommer er, og hvor uutgrunnelige Hans veier!",
        "34": "For hvem har kjent Herrens sinn? Eller hvem var Hans rådgiver?",
        "35": "Hvem har først gitt noe til Ham, så han skulle få gjengjeld?",
        "36": "For av Ham og ved Ham og til Ham er alle ting. Ham være æren i all evighet! Amen."
    },
    "12": {
        "1": "Jeg ber dere derfor på det sterkeste, søsken, ved Guds barmhjertighet, at dere framstiller deres kropper som et levende, hellig og velbehagelig offer for Gud. Dette er deres åndelige gudstjeneste.",
        "2": "Bli ikke dannet lik denne verden, men bli forvandlet ved fornyelsen av deres sinn, så dere kan prøve hva som er Guds gode, velbehagelige og fullkomne vilje.",
        "3": "I kraft av den nåde som er gitt meg, sier jeg til enhver av dere, at en ikke må tenke høyere om seg selv enn en bør, men tenke sindig, alt etter som Gud har tildelt hver enkelt et mål av tro.",
        "4": "For slik vi har mange lemmer på én kropp, uten at alle lemmene har samme funksjon,",
        "5": "slik er vi, selv om vi er mange, én kropp i Kristus, og hver enkelt er vi hverandres lemmer.",
        "6": "Vi har da gaver som er ulike ifølge den nåde som er gitt oss. Hvis det er profeti, bruk den i overensstemmelse med troen,",
        "7": "eller om det er en tjeneste, bruk den i tjenesten. Den som lærer, må ta vare på lærdommen,",
        "8": "den som trøster, må virkelig trøste, den som gir, må gi med gavmildhet, den som har lederansvar, må lede med iver, den som viser miskunn, må gjøre det med glede.",
        "9": "La kjærligheten være uten hykleri! Avsky det som er ondt! Hold dere til det som er godt!",
        "10": "Vær elskverdige og kjærlige mot hverandre i søskenkjærlighet, vær fremst i det å vise de andre ære!",
        "11": "Vær ikke trege i å vise iver, vær brennende i Ånden og tjen Herren!",
        "12": "Gled dere i håpet, vær tålmodige i trengselen og fast utholdende i bønnen!",
        "13": "Del ut til de hellige som trenger, legg vinn på gjestfrihet!",
        "14": "Velsign dem som forfølger dere, velsign og forbann ikke!",
        "15": "Gled dere med dem som gleder seg, og gråt med dem som gråter!",
        "16": "Ha samme sinn overfor hverandre! Trakt ikke etter det høye, men hold dere gjerne til de lave! Vær ikke selvkloke!",
        "17": "Gjengjeld ikke noen ondt med ondt! Legg vinn på det som er godt overfor alle mennesker!",
        "18": "Hvis det er mulig, og så langt det står til dere, skal dere leve fredelig med alle mennesker!",
        "19": "Dere kjære, ta ikke hevn selv, men gi heller rom for vreden! For det står skrevet: «Hevnen er Min, Jeg vil gjengjelde», sier Herren.",
        "20": "Derfor, Hvis din fiende er sulten, gi ham mat. Hvis han er tørst, gi ham å drikke! For ved å gjøre det samler du glødende kull på hodet hans.",
        "21": "Bli ikke overvunnet av det onde, men overvinn det onde med det gode!"
    },
    "13": {
        "1": "Hvert menneske skal underordne seg de styrende myndigheter. For det er ingen øvrighet uten at den er av Gud, og de myndighetene som finnes, er innsatt av Gud.",
        "2": "Hver den som setter seg opp mot øvrigheten, gjør motstand mot Guds ordning. Og de som gjør motstand, skal få sin dom.",
        "3": "For de som styrer, er ikke en trussel mot gode gjerninger, men mot onde. Vil du slippe å frykte for øvrigheten? Gjør da det som er godt, og du skal få ros av den.",
        "4": "For den er Guds tjener for deg til det som er godt. Men hvis du gjør ondt, skal du frykte. For den bærer ikke sverdet for ingenting. Den er Guds tjener, en hevner som skal bringe straff over den som gjør det onde.",
        "5": "Derfor må du være underordnet, ikke bare på grunn av straffen, men også for samvittighetens skyld.",
        "6": "Derfor betaler dere også skatt. For de som til enhver tid tar seg av nettopp dette, er Guds tjenere.",
        "7": "Gi alle det dere skylder dem, skatt til den som skal ha skatt, toll til den som skal ha toll, frykt den som skal vises frykt, og gi ære til den som skal ha ære.",
        "8": "Bli ikke noen noe skyldig, uten det å elske hverandre, for den som elsker sin neste, har oppfylt loven.",
        "9": "For budene: Du skal ikke drive hor, du skal ikke slå i hjel, du skal ikke stjele, du skal ikke vitne falskt, du skal ikke begjære, og hvilket annet bud det skulle være, blir alle sammenfattet i dette ord: Du skal elske din neste som deg selv.",
        "10": "Kjærligheten gjør ikke noe ondt mot sin neste. Kjærligheten er altså lovens oppfyllelse.",
        "11": "Dette må dere gjøre, da dere kjenner tiden, for nå er det på tide å våkne opp fra søvnen. Vår frelse er nærmere nå enn da vi kom til troen.",
        "12": "Natten er snart forbi, og dagen er nær. La oss derfor legge av mørkets gjerninger, og ikle oss lysets våpen.",
        "13": "La oss vandre sømmelig, som om dagen, ikke i svir og drukkenskap, utukt eller skamløshet, ikke i strid og misunnelse.",
        "14": "Men ikle dere Herren Jesus Kristus, og legg ikke til rette for kjøttet, slik at lystene vekkes."
    },
    "14": {
        "1": "Dere skal ta dere av den som er svak i troen, men ikke for å sette dere til doms over forskjellige meninger.",
        "2": "Den enes tro gjør at han kan spise alt, men den som er svak, spiser bare grønnsaker.",
        "3": "Den som spiser, må ikke forakte ham som ikke spiser! Og den som ikke spiser, må ikke dømme ham som spiser! For Gud har tatt imot ham.",
        "4": "Hvem er du som dømmer en annens tjener? Han står eller faller for sin egen herre. Sannelig, han skal bli stående, for Gud er mektig til å holde ham oppe.",
        "5": "Én setter én dag høyere enn en annen, den andre holder alle dager for å være like. Enhver må bare være fullt overbevist i sitt eget sinn!",
        "6": "Den som tar vare på én bestemt dag, gjør det for Herren, og den som ikke tar vare på én bestemt dag, gjør det for Herren. Den som spiser, spiser for Herren, for han gir Gud takk. Og den som ikke spiser, gjør det for Herren og gir Gud takk.",
        "7": "For ingen av oss lever for seg selv, og ingen dør for seg selv.",
        "8": "Når vi lever, lever vi for Herren, og når vi dør, dør vi for Herren. Derfor hører vi Herren til, enten vi lever eller dør.",
        "9": "Derfor døde jo Kristus, sto opp og ble levende igjen, for at Han skulle være Herre både over døde og levende.",
        "10": "Hvorfor dømmer du din bror? Eller hvorfor viser du forakt for din bror? Vi skal alle stilles fram for Kristi domstol.",
        "11": "Det står skrevet: Så sant Jeg lever, sier Herren, for Meg skal hvert kne bøye seg, og hver tunge skal bekjenne for Gud.",
        "12": "Framfor Gud skal da hver enkelt av oss avlegge regnskap for seg selv.",
        "13": "La oss derfor ikke lenger dømme hverandre, men fell heller den dom at dere ikke legger en snublestein eller en årsak til fall for en bror.",
        "14": "Det vet jeg, og det er jeg overbevist om ved Herren Jesus, at ingenting er urent i seg selv. Men for den som anser noe som urent, for ham er det urent.",
        "15": "Hvis din bror blir påført sorg på grunn av maten din, lever du ikke lenger i kjærlighet. Du skal ikke med maten din føre til fortapelse den som Kristus døde for.",
        "16": "Derfor må dere ikke la det gode dere har, bli spottet som noe ondt!",
        "17": "For Guds rike består ikke i å spise og drikke, men i rettferdighet fred og glede i Den Hellige Ånd.",
        "18": "Den som tjener Kristus i disse ting, er til glede for Gud og består sin prøve for mennesker.",
        "19": "La oss derfor ivrig søke etter det som tjener til fred, og det som fører til oppbyggelse av hverandre.",
        "20": "Ødelegg ikke Guds verk for matens skyld! Alle ting er nok rene, men det er ondt for det menneske som spiser og tar anstøt.",
        "21": "Det er godt å la være å spise kjøtt, drikke vin eller gjøre noe annet som får din bror til å snuble eller ta anstøt eller å bli svak.",
        "22": "Har du tro? Ha den for deg selv framfor Gud. Salig er den som ikke dømmer seg selv i det han velger.",
        "23": "Den som tviler, er dømt hvis han spiser, for det er ikke av tro. For det som ikke er av tro, er synd."
    },
    "15": {
        "1": "Vi som er sterke, skylder å bære de svakes skrøpeligheter og ikke være til behag for oss selv.",
        "2": "Hver enkelt av oss skal være til behag for nesten, til hans beste, for det fører til oppbyggelse.",
        "3": "For heller ikke Kristus behaget seg selv, men som det står skrevet: Spotten fra dem som spottet Deg, falt på Meg.",
        "4": "For alt det som før ble skrevet, ble skrevet til vår lærdom, for at vi skal ha håp ved den tålmodighet og trøst som Skriftene gir.",
        "5": "Må så tålmodighetens og trøstens Gud hjelpe dere til å ha det samme sinnelag innbyrdes, i samsvar med det som er i Kristus Jesus,",
        "6": "så dere med ett og samme sinnelag og med én munn kan ære Gud og vår Herre Jesu Kristi Far.",
        "7": "Ta derfor imot hverandre, slik Kristus tok imot oss, til Guds ære.",
        "8": "For jeg sier at Jesus Kristus er blitt en tjener for de omskårne for Guds sannhets skyld, slik at de løftene som ble gitt til fedrene, kunne bli stadfestet,",
        "9": "og hedningfolkene kunne ære Gud for Hans miskunn, slik det står skrevet: Derfor vil jeg bekjenne Deg blant hedningfolkene og lovsynge Ditt navn.",
        "10": "Videre står det: Gled dere, hedningfolk, sammen med Hans folk!",
        "11": "Det står også: Lov Herren, alle dere hedningfolk! Pris Ham, alle dere folk!",
        "12": "Og Jesaja sier: «Isais rotskudd skal komme, og Han som skal stå fram for å herske over hedningfolkene. På Ham skal hedningfolkene håpe.»",
        "13": "Håpets Gud skal fylle dere med all glede og fred i troen, så dere kan ha overflod av håp ved Den Hellige Ånds kraft.",
        "14": "Jeg har selv den tillit til dere, mine søsken, at dere er fulle av godhet, fylt med all kunnskap, i stand til å formane hverandre.",
        "15": "Likevel, brødre, om noe har jeg skrevet mer frimodig til dere, for å påminne dere. Det gjør jeg på grunn av den nåde som er gitt meg av Gud,",
        "16": "at jeg skulle være en Jesu Kristi tjener overfor folkeslagene og gjøre prestetjeneste for Guds evangelium, for at folkeslagene kan være et velbehagelig og helliget offer ved Den Hellige Ånd.",
        "17": "Derfor har jeg grunn til å rose meg i Kristus Jesus i det som har med tjenesten for Gud å gjøre.",
        "18": "Jeg våger ikke å snakke om noe annet enn det Kristus har virket ved meg i ord og i gjerning for å føre hedningfolkene til lydighet,",
        "19": "i kraftige tegn og under, i Guds Ånds kraft, slik at jeg fra Jerusalem og helt til Illyria fullt ut har forkynt Kristi evangelium.",
        "20": "Slik har jeg satt min ære i å forkynne evangeliet der Kristi navn ikke før var nevnt, så jeg ikke skulle bygge på en grunnvoll som en annen hadde lagt,",
        "21": "men som det står skrevet: De som Han ikke var blitt forkynt for, de skal se. Og de som ikke har hørt, skal forstå.",
        "22": "Av denne grunn har jeg gang på gang blitt hindret fra å komme til dere.",
        "23": "Men nå, når jeg ikke lenger har noe sted å tjene i disse områdene, og da jeg i alle disse år har lengtet etter å komme til dere,",
        "24": "vil jeg komme til dere når jeg reiser til Spania. For jeg håper å se dere på reisen og få hjelp av dere på veien dit, om jeg da først kan få glede meg i fellesskap med dere en stund.",
        "25": "Nå drar jeg til Jerusalem for å tjene de hellige.",
        "26": "For de fra Makedonia og Akaia ønsket virkelig å få gi en gave til de fattige blant de hellige i Jerusalem.",
        "27": "Ja, dette ville de svært gjerne gjøre, og de står også i gjeld til dem. For hvis folkeslagene har fått del i deres åndelige goder, da er det også deres plikt å tjene dem med de materielle goder.",
        "28": "Når jeg har fullført dette og har fått overgitt dem denne frukten, vil jeg ta veien om dere til Spania.",
        "29": "Jeg vet at når jeg kommer til dere, skal jeg komme med en fylde av velsignelse fra Kristi evangelium.",
        "30": "Nå formaner jeg dere, søsken, ved Herren Jesus Kristus og ved Åndens kjærlighet, at dere kjemper sammen med meg i bønn til Gud for meg,",
        "31": "så jeg kan bli fridd ut fra dem i Judea som ikke tror, og at min tjeneste til Jerusalem kan være velkommen blant de hellige,",
        "32": "slik at jeg, ved Guds vilje, kan komme til dere med glede og bli fornyet sammen med dere.",
        "33": "Må nå fredens Gud være med dere alle! Amen."
    },
    "16": {
        "1": "Jeg anbefaler dere vår søster Føbe, som er menighetstjener i Kenkreæ,",
        "2": "for at dere kan ta imot henne i Herren på en måte som er verdig for de hellige. Støtt henne på de områder hun kan trenge hjelp fra dere. For hun har vært en velgjører for mange, også for meg.",
        "3": "Hils Priskilla og Akvilas, mine medarbeidere i Kristus Jesus,",
        "4": "de som vågde sine egne liv for mitt liv, ikke bare jeg takker dem, men også alle menighetene blant hedningfolkene.",
        "5": "Hils også menigheten i deres hus! Hils min kjære Epainetos, som er førstegrøden for Kristus i Akaia!",
        "6": "Hils Maria, som arbeidet så mye for oss!",
        "7": "Hils Andronikos og Junias, mine landsmenn og medfanger, som er høyt aktet blant apostlene. De var også i Kristus før meg.",
        "8": "Hils Ampliatus, min kjære i Herren!",
        "9": "Hils Urbanus, vår medarbeider i Kristus, og min kjære Stakys!",
        "10": "Hils Apelles, som har stått sin prøve i Kristus! Hils dem som er av Aristobulus’ hus!",
        "11": "Hils Herodion, min landsmann! Hils dem som er av Narkissos’ hus og som er i Herren!",
        "12": "Hils Tryfena og Tryfosa, som har arbeidet i Herren! Hils den kjære Persis, hun som har arbeidet så mye i Herren!",
        "13": "Hils Rufus, den utvalgte i Herren, og hans mor og min!",
        "14": "Hils Asynkritos, Flegon, Hermes, Patrobas, Hermas og brødrene som er sammen med dem!",
        "15": "Hils Filologus og Julia, Nerevs og hans søster og Olympas og alle de hellige som er sammen med dem!",
        "16": "Hils hverandre med et hellig kyss! Kristi menigheter hilser dere.",
        "17": "Nå formaner jeg dere, søsken: Legg merke til dem som skaper splittelsene og er årsak til frafall fra den lære dere er blitt undervist i. Ta avstand fra dem!",
        "18": "For de som er slik, tjener ikke vår Herre Jesus Kristus, men sin egen buk. Med glatte ord og smigrende tale forfører de hjertene til de godtroende.",
        "19": "For deres lydighet er blitt kjent for alle. Derfor er jeg glad på deres vegne. Jeg vil at dere skal være kloke i det som er godt, og usmittet av alt det onde.",
        "20": "Og fredens Gud skal snart knuse Satan under deres føtter. Vår Herre Jesu Kristi nåde være med dere! Amen.",
        "21": "Min medarbeider, Timoteus, og Lukius, Jason og Sosipater, mine landsmenn, hilser dere.",
        "22": "Jeg, Tertius, som skrev ned dette brevet, hilser dere i Herren.",
        "23": "Gaius, min vert og vert for hele menigheten, hilser dere. Erastos, bykassereren, hilser dere, og det samme gjør Kvartus, en bror.",
        "24": "Vår Herre Jesu Kristi nåde være med dere alle! Amen.",
        "25": "Han som makter å styrke dere etter mitt evangelium og forkynnelsen av Jesus Kristus, etter åpenbaringen av mysteriet som har vært holdt skjult fra evige tider,",
        "26": "men nå er blitt åpenbart og ved profetiske Skrifter gjort kjent for alle folkeslag, etter Den Evige Guds befaling, til troens lydighet.",
        "27": "Den eneste vise Gud, ved Jesus Kristus, tilhører æren i all evighet. Amen."
    }
}