{
    "1": {
        "1": "Paulus, kalt til Jesu Kristi apostel ved Guds vilje, og vår bror Sostenes,",
        "2": "til den Guds menighet som er i Korint, de som er helliget i Kristus Jesus, kalt til å være hellige, sammen med alle som på hvert sted påkaller vår Herre Jesu Kristi navn, deres og vår Herre:",
        "3": "Nåde være med dere og fred fra Gud, vår Far, og Herren Jesus Kristus!",
        "4": "Jeg takker alltid min Gud for dere, for den Guds nåde som ble gitt dere i Kristus Jesus,",
        "5": "og for at dere i Ham er blitt rike på alt, på all tale og all kunnskap,",
        "6": "ettersom Kristi vitnesbyrd ble stadfestet i dere,",
        "7": "så dere ikke skal mangle noen nådegave mens dere med iver venter på åpenbaringen av vår Herre Jesus Kristus.",
        "8": "Han skal grunnfeste dere inntil enden, så dere kan være ulastelige på vår Herre Jesu Kristi dag.",
        "9": "Gud er trofast, og ved Ham ble dere kalt inn i samfunnet med Hans Sønn, Jesus Kristus, vår Herre.",
        "10": "Nå formaner jeg dere, søsken, ved vår Herre Jesu Kristi navn, at dere alle fører den samme tale, og at det ikke må være splittelser blant dere, men at dere må være helt og fullt knyttet sammen i det samme sinn og i den samme overbevisning.",
        "11": "Det er blitt meg fortalt om dere, mine søsken, av noen fra Kloes husfolk, at det er stridigheter blant dere.",
        "12": "Det jeg sikter til er, at hver og en av dere sier: «Jeg hører til Paulus», eller: «Jeg hører til Apollos», eller: «Jeg hører til Kefas», eller: «Jeg hører til Kristus.»",
        "13": "Er Kristus delt? Ble Paulus korsfestet for dere? Eller ble dere døpt til Paulus’ navn?",
        "14": "Jeg takker Gud at jeg ikke har døpt noen av dere, bortsett fra Krispus og Gaius,",
        "15": "så ingen skulle si at jeg hadde døpt til mitt eget navn.",
        "16": "Jo, jeg døpte også Stefanas’ husfolk. Ellers vet jeg ikke om noen andre jeg har døpt.",
        "17": "For Kristus sendte meg ikke ut for å døpe, men for å forkynne evangeliet, ikke med veltalende visdom, for at ikke Kristi kors skulle tømmes for kraft.",
        "18": "For ordet om korset er dårskap for dem som går fortapt, men for oss som blir frelst, er det Guds kraft.",
        "19": "For det er skrevet: Jeg vil ødelegge de vises visdom, og de klokes klokskap vil Jeg gjøre til intet.",
        "20": "Hvor er den vise? Hvor er den skriftlærde? Hvor er en forsker i denne tidsalder? Har ikke Gud gjort denne verdens visdom til dårskap?",
        "21": "Siden det var Guds visdom at verden ikke skulle kjenne Ham ved sin egen visdom, besluttet Gud å frelse dem som tror ved forkynnelsens dårskap.",
        "22": "For jøder ber om tegn, og grekere søker visdom.",
        "23": "Men vi forkynner Kristus korsfestet, for jøder et anstøt og for grekere en dårskap,",
        "24": "men for dem som er kalt, både jøder og grekere, forkynner vi Kristus, Guds kraft og Guds visdom.",
        "25": "For Guds dårskap er visere enn menneskene, og Guds svakhet er sterkere enn menneskene.",
        "26": "For se på deres kall, søsken, at ikke mange som er vise i det menneskelige, ikke mange mektige, ikke mange av høy ætt ble kalt.",
        "27": "Men Gud har utvalgt det som i verdens øyne er dårskap, for å gjøre det vise til skamme. Og Gud har utvalgt det svake i verden, for å gjøre det som er mektig til skamme.",
        "28": "Det som står lavt i verden, og det som blir foraktet, har Gud utvalgt, og det som ikke er noe, for å gjøre det som er noe, til ingenting,",
        "29": "for at ingen skapning skal rose seg for Ham.",
        "30": "Men det er av Ham at dere er i Kristus Jesus, Han som for oss ble visdom fra Gud, og rettferdighet, helliggjørelse og forløsning,",
        "31": "for at, som det er skrevet: Den som roser seg, han skal rose seg i Herren."
    },
    "2": {
        "1": "Da jeg kom til dere, mine søsken, kom jeg ikke med fremragende talekunst eller visdom og forkynte Guds vitnesbyrd for dere.",
        "2": "For jeg var fast bestemt på at jeg ikke ville vite noe blant dere uten Jesus Kristus og Ham korsfestet.",
        "3": "Jeg var hos dere i svakhet, i frykt og i stor beven.",
        "4": "Min tale og min forkynnelse var ikke med overtalende ord fra menneskelig visdom, men med Ånds og krafts bevis,",
        "5": "for at deres tro ikke skulle være grunnlagt på menneskers visdom, men på Guds kraft.",
        "6": "Likevel taler vi en visdom blant de modne, ikke en visdom som tilhører denne tidsalder eller denne tidsalders herskere, de som går til grunne.",
        "7": "Vi taler Guds visdom i hemmelighet, den skjulte visdom som Gud før tidenes begynnelse forutbestemte til vår herlighet,",
        "8": "den visdom ingen av herskerne i denne tidsalder har kjent. For hadde de kjent den, hadde de ikke korsfestet herlighetens Herre.",
        "9": "Som det er skrevet: Det øyet ikke har sett, og det øret ikke har hørt, det som heller ikke kom opp i menneskets hjerte, det som Gud har forberedt for dem som elsker Ham.",
        "10": "Men Gud har åpenbart det for oss ved sin Ånd. For Ånden ransaker alle ting, ja, også Guds dybder.",
        "11": "For hvem blant menneskene kjenner det som hører mennesket til, uten menneskets ånd som er i ham? Slik er det heller ingen som kjenner de ting som hører Gud til, uten Guds Ånd.",
        "12": "Vi har ikke fått verdens ånd, men den Ånd som er fra Gud, for at vi skal kjenne de ting Gud av nåde har gitt oss.",
        "13": "Disse ting taler vi også om, ikke med ord som menneskelig visdom lærer, men med ord som Den Hellige Ånd lærer, idet vi tolker åndelige ting med åndelige ord.",
        "14": "Et sjelelig menneske tar ikke imot det som hører Guds Ånd til, for de er som dårskap for ham. Han kan heller ikke begripe dem, for de bedømmes åndelig.",
        "15": "Men den som er åndelig, bedømmer alle ting, men selv kan han ikke bedømmes av noen.",
        "16": "For hvem har kjent Herrens sinn, så han kunne lære Ham? Men vi har Kristi sinn."
    },
    "3": {
        "1": "Og jeg, mine søsken, kunne ikke tale til dere som til åndelige, men bare som til kjødelige, som til småbarn i Kristus.",
        "2": "Jeg ga dere melk og ikke fast føde. For dere var ennå ikke i stand til å ta imot den, og fremdeles er dere ikke i stand til det.",
        "3": "Dere er jo fortsatt kjødelige. For når det er misunnelse, strid og splittelse mellom dere, er dere ikke da kjødelige og lever på menneskelig vis?",
        "4": "Når én sier: «Jeg hører til Paulus», og en annen: «Jeg hører til Apollos», er dere ikke da kjødelige?",
        "5": "Hvem er da Paulus, og hvem er Apollos? Er vi ikke tjenere dere kom til tro ved, og det etter som Herren ga hver enkelt?",
        "6": "Jeg plantet, Apollos vannet, men Gud ga vekst.",
        "7": "Så er da den som planter, ingenting, heller ikke den som vanner, men bare Gud som gir vekst.",
        "8": "Den som planter og den som vanner, er ett, og hver av dem skal få sin egen lønn etter sitt eget arbeid.",
        "9": "For vi er Guds medarbeidere. Dere er Guds åker, dere er Guds bygning.",
        "10": "Etter den Guds nåde som ble gitt meg, har jeg lagt grunnvoll som en vis byggmester, og en annen bygger på den. Men hver enkelt må se etter hvordan han bygger videre på den.",
        "11": "Ingen kan legge noen annen grunnvoll enn den som er lagt, det er Jesus Kristus.",
        "12": "Om noen bygger på denne grunnvollen med gull, sølv, kostelige steiner, tre, høy eller halm,",
        "13": "skal den enkeltes arbeid bli åpenbart, for Dagen skal vise det, for den skal bli åpenbart med ild. Og ilden skal prøve den enkeltes arbeid og finne ut hvilken kvalitet det er av.",
        "14": "Hvis det verk han har bygd opp blir stående, skal han få lønn.",
        "15": "Hvis hans verk brenner opp, skal han lide tap. Men selv skal han bli frelst, men da som gjennom ild.",
        "16": "Vet dere ikke at dere er Guds tempel, og at Guds Ånd bor i dere?",
        "17": "Hvis noen ødelegger Guds tempel, skal Gud ødelegge ham. For Guds tempel er hellig, og dere er dette tempelet.",
        "18": "Ingen må bedra seg selv! Hvis noen av dere synes å være vis i denne tidsalder, må han bli en dåre, for at han kan bli vis.",
        "19": "Denne verdens visdom er dårskap for Gud. For det er skrevet: Han fanger de vise i deres egen list,",
        "20": "og dessuten: Herren kjenner de vises tanker, at de er tomme.",
        "21": "Derfor må ingen rose seg av mennesker. For alt er deres,",
        "22": "enten det er Paulus eller Apollos eller Kefas eller verden eller liv eller død, enten det er det nåværende eller det som skal komme, alt er deres.",
        "23": "Men dere tilhører Kristus, og Kristus tilhører Gud."
    },
    "4": {
        "1": "Slik skal hvert menneske se på oss, nemlig som Kristi tjenere og forvaltere av Guds hemmeligheter.",
        "2": "Ellers kreves det av forvaltere at de viser troskap.",
        "3": "Men for meg betyr det lite om jeg skulle bli dømt av dere eller av en menneskelig domstol. Heller ikke dømmer jeg meg selv.",
        "4": "Med meg selv vet jeg jo ikke om noe, men dermed er jeg ikke rettferdiggjort. Den som dømmer meg, er Herren.",
        "5": "Døm derfor ikke noe før tiden, før Herren kommer, Han som skal føre det som er skjult i mørke, fram i lyset og åpenbare hjertenes tanker. Da skal den enkelte få sin ros av Gud.",
        "6": "Dette, søsken, har jeg for deres skyld overført på meg selv og på Apollos, slik at dere kan lære av oss å ikke tenke annerledes enn det som er skrevet, for at ingen av dere skal bli oppblåst, til fordel for den ene framfor den andre.",
        "7": "For hvem gir deg noe fortrinn? Hva har du, som du ikke har fått? Hvis du nå virkelig har fått det, hvorfor skryter du som om du ikke hadde fått det?",
        "8": "Dere er allerede mette! Dere er allerede rike! Dere har hersket som konger uten oss – og jeg kunne sannelig ønske at dere virkelig hersket, slik at vi også kunne herske sammen med dere!",
        "9": "For jeg tror at Gud har stilt oss apostler sist, som dødsdømte. For vi er blitt gjort til et skuespill for verden, både for engler og for mennesker.",
        "10": "Vi er dårer for Kristi skyld, men dere er vise i Kristus! Vi er svake, men dere er sterke! Dere er æret, men vi er vanæret!",
        "11": "Helt til denne time både sulter og tørster vi, vi er dårlig kledt, slått og hjemløse.",
        "12": "Vi strever og arbeider med våre egne hender. Når vi blir spottet, velsigner vi. Når vi blir forfulgt, holder vi ut.",
        "13": "Når vi blir vanæret, ber vi. Vi er blitt gjort til utskudd i verden, som avskum for alle, helt til nå.",
        "14": "Jeg skriver ikke dette for å gjøre skam på dere, men som mine elskede barn formaner jeg dere.",
        "15": "Selv om dere måtte ha 10 000 veiledere i Kristus, har dere likevel ikke mange fedre. For i Kristus Jesus er det jeg som har født dere ved evangeliet.",
        "16": "Derfor ber jeg dere innstendig: Vær mine etterfølgere!",
        "17": "Derfor har jeg sendt Timoteus til dere. Han er min elskede og trofaste sønn i Herren, og han skal minne dere om mine veier i Kristus, slik jeg lærer overalt i hver menighet.",
        "18": "Noen er oppblåste, som om jeg ikke skulle komme til dere.",
        "19": "Men jeg skal komme til dere om kort tid, om Herren vil, og da er det ikke ordene fra de oppblåste jeg skal lære å kjenne, men kraften deres.",
        "20": "For Guds rike består ikke i ord, men i kraft.",
        "21": "Hva vil dere? Skal jeg komme til dere med riset, eller i kjærlighet og en mild ånd?"
    },
    "5": {
        "1": "Det fortelles faktisk om hor blant dere, og det en slags hor som ikke en gang nevnes blant folkeslagene, at en mann lever sammen med sin fars kone!",
        "2": "Dere er oppblåste, når dere heller burde sørge, slik at han som har gjort denne gjerningen, kunne bli støtt ut fra dere.",
        "3": "For sannelig, selv om jeg er fraværende med kroppen, er jeg til stede i ånden, og som om jeg var til stede, har jeg allerede dømt ham som har gjort denne gjerningen.",
        "4": "I vår Herre Jesu Kristi navn, når dere er samlet og min ånd er med dere, sammen med vår Herre Jesu Kristi kraft,",
        "5": "overgi da den det gjelder, til Satan til kroppens ødeleggelse, for at hans ånd kan bli frelst på Herren Jesu dag.",
        "6": "Det dere roser dere av, er slett ikke noe godt. Vet dere ikke at en liten surdeig syrer hele deigen?",
        "7": "Rens derfor ut den gamle surdeigen, så dere kan være en ny deig, siden dere er usyret. For sannelig, vårt Påskelam er slaktet for oss, Kristus.",
        "8": "La oss derfor holde høytid, ikke med gammel surdeig eller med surdeig av ondskap og ondsinnethet, men med renhets og sannhets usyrede brød.",
        "9": "Jeg skrev til dere i mitt brev at dere ikke skulle ha fellesskap med dem som lever i hor.",
        "10": "Da mente jeg ikke dem av verdens barn som lever i hor, eller de grådige, pengeutpressere eller avgudsdyrkere, for da ville dere være nødt til å gå ut av verden.",
        "11": "Men nå skrev jeg til dere at dere ikke skal ha samfunn med noen som kalles en bror, og lever i hor, eller er grådig, eller som er en avgudsdyrker, spotter, drukkenbolt eller en pengeutpresser, at dere ikke en gang skal spise sammen med en slik person.",
        "12": "For hva har jeg med å dømme også dem som er utenfor? Er det ikke dem som er innenfor, dere dømmer?",
        "13": "Men dem som er utenfor, er det Gud som dømmer. Derfor: Driv denne onde ut fra dere!"
    },
    "6": {
        "1": "Våger noen av dere, når han har en sak imot en annen, å få saken pådømt av de urettferdige og ikke av de hellige?",
        "2": "Vet dere ikke at de hellige skal dømme verden? Og hvis verden skal bli dømt av dere, er dere da uverdige til å dømme i de minste saker?",
        "3": "Vet dere ikke at vi skal dømme engler? Hvor mye mer da det som angår dette livet?",
        "4": "Hvis dere da har rettstvister angående det som har med dette livet å gjøre, setter dere da dem som er lavest ansett av menigheten, til å dømme?",
        "5": "Jeg sier dette til skam for dere. Er det slik at det ikke finnes én vis mann blant dere, ikke en eneste som er i stand til å dømme mellom sine søsken?",
        "6": "Men en bror går til retten mot en bror, og det for ikketroende!",
        "7": "Det er allerede et stort nederlag for dere når dere går til rettssak mot hverandre. Hvorfor kan dere ikke heller finne dere i å lide urett? Hvorfor kan dere ikke heller lide tap?",
        "8": "Nei, dere gjør selv urett og bedrar, og dere gjør det mot deres søsken!",
        "9": "Vet dere ikke at de urettferdige ikke skal arve Guds rike? Far ikke vill! Verken de som lever i seksuell umoral, avgudsdyrkere, ekteskapsbrytere eller bløtaktige som lar seg bruke til unaturlig sex, eller menn som går til sengs med andre menn,",
        "10": "verken tyver, grådige, drukkenbolter, spottere eller pengeutpressere skal arve Guds rike.",
        "11": "Slik var noen av dere en gang. Men dere ble renset, og helliget, og dere ble rettferdiggjort i Den Herre Jesu navn og i vår Guds Ånd.",
        "12": "Jeg har lov til alt, men ikke alt gagner. Jeg har lov til alt, men jeg vil ikke at noe skal få makt over meg.",
        "13": "Mat er for magen, og magen er for mat, men Gud gjør ende på begge deler. Kroppen er ikke for hor, men for Herren, og Herren for kroppen.",
        "14": "Gud reiste opp Herren og skal også reise oss opp ved sin kraft.",
        "15": "Vet dere ikke at deres kropper er Kristi lemmer? Skal jeg da ta Kristi lemmer og gjøre dem til en horkvinnes lemmer? På ingen måte!",
        "16": "Eller vet dere ikke at den som holder seg til en horkvinne, er ett legeme med henne? For «de to», sier Han, «skal være ett legeme.»",
        "17": "Men den som er forenet med Herren, er én ånd med Ham.",
        "18": "Flykt fra hor! Enhver synd et menneske gjør, er utenfor kroppen. Men den som lever i hor, synder mot sin egen kropp.",
        "19": "Eller vet dere ikke at kroppen deres er et tempel for Den Hellige Ånd, som er i dere, som dere har fra Gud, og at dere ikke tilhører dere selv?",
        "20": "Dere ble kjøpt med en høy pris. Gi derfor Gud ære med deres kropp og i deres ånd, for begge hører Gud til."
    },
    "7": {
        "1": "Når det gjelder det dere skrev til meg om: Det er godt for en mann å ikke røre en kvinne.",
        "2": "Men på grunn av hor skal enhver mann ha sin egen kone, og enhver kvinne skal ha sin egen ektemann.",
        "3": "Ektemannen skal gi sin kone den ekteskapelige ømhet han skylder henne, og det samme skal kona overfor ektemannen.",
        "4": "Kona rår ikke over sin egen kropp, men ektemannen rår over den. På samme måte rår heller ikke ektemannen over sin egen kropp, men kona rår over den.",
        "5": "Hold dere ikke borte fra hverandre, uten at dere er blitt enige om det for en stund, slik at dere kan hengi dere til faste og bønn. Kom så sammen igjen, for at ikke Satan skal friste dere fordi dere ikke makter å leve avholdende.",
        "6": "Jeg sier dette som en tillatelse, ikke som et påbud.",
        "7": "For jeg skulle ønske at alle mennesker var som jeg. Men enhver har sin egen nådegave fra Gud, én på denne måten og én annen annerledes.",
        "8": "Jeg sier til de ugifte og til enkene: Det er godt for dem om de fortsatt kan være slik jeg er.",
        "9": "Men hvis de ikke kan leve avhol-dende, så skal de gifte seg. For det er bedre å gifte seg enn å brenne av lyst.",
        "10": "De som er gift, pålegger jeg, det vil si ikke jeg, men Herren: En kone skal ikke skille seg fra sin ektemann.",
        "11": "Men er hun skilt fra ham, skal hun leve ugift eller bli forlikt med sin ektemann. Og en ektemann skal ikke skille seg fra sin kone.",
        "12": "Men til de andre sier jeg, ikke Herren: Hvis en bror har en ikke-troende kone og hun er villig til å leve sammen med ham, da skal han ikke skille seg fra henne.",
        "13": "Og en kvinne som har en ektemann som ikke tror, skal ikke skille seg fra ham hvis han er villig til å leve sammen med henne.",
        "14": "For den ikke-troende ektemannen er helliget ved sin kone, og den ikke-troende kona er helliget ved sin ektemann, ellers ville deres barn vært urene, men nå er de hellige.",
        "15": "Men dersom den ikke-troende vil skille seg, må han få lov til å skille seg. En bror eller en søster er ikke bundet i slike tilfeller. Gud har kalt oss til fred.",
        "16": "For hvordan vet du kone, om du kan frelse din ektemann? Eller hvordan vet du ektemann, om du kan frelse din kone?",
        "17": "Slik Gud har tildelt hver enkelt, slik Herren har kalt hver enkelt, slik skal han leve videre. Og dette gir jeg befaling om i alle menighetene.",
        "18": "Ble noen kalt som omskåret? Han skal ikke bli uomskåret igjen. Ble noen kalt som uomskåret? Han skal ikke la seg omskjære.",
        "19": "Omskjærelse er ingenting, og mangel på omskjærelse er ingenting. Det som betyr noe, er å holde Guds bud.",
        "20": "Enhver skal være i det kall som han var i, da han ble kalt.",
        "21": "Ble du kalt som slave? Vær ikke opptatt av det. Men dersom du kan bli fri, så gjør heller bruk av det.",
        "22": "For den som er kalt i Herren mens han er slave, er likevel Herrens frie menneske. Likedan er den som ble kalt mens han var fri, Kristi slave.",
        "23": "Dere ble kjøpt for en høy pris. Vær derfor ikke slaver under menneskene!",
        "24": "Mine søsken, hver enkelt skal bli hos Gud der han var da han ble kalt.",
        "25": "Når det gjelder jomfruene, har jeg ikke noe påbud fra Herren. Men jeg gir råd fordi jeg av Herren har fått miskunnhet til å være troverdig.",
        "26": "Derfor mener jeg at det på grunn av den nøden som er nå, er godt for et menneske å bli værende som han er:",
        "27": "Er du bundet til en kone? Søk ikke å bli løst! Er du løst fra en kone? Søk ikke etter en kone!",
        "28": "Selv om du gifter deg, har du ikke syndet. Hvis en jomfru gifter seg, har hun ikke syndet. Men disse vil få trengsel i dagliglivet, noe jeg gjerne vil spare dere for.",
        "29": "Dette sier jeg, søsken, tiden er kort, så fra nå av må de som har ektefelle, være som om de ikke hadde noen.",
        "30": "De som gråter, må være lik de som ikke gråter, de som gleder seg, lik de som ikke gleder seg, de som kjøper, som om de ikke eide noe,",
        "31": "og de som benytter seg av denne verden, lik de som ikke utnytter den. For verden i sin nåværende form forsvinner.",
        "32": "Jeg vil at dere skal slippe å ha bekymringer. Den som er ugift, har omsorg for det som hører Herren til, hvordan han kan være til behag for Herren.",
        "33": "Den som er gift, har omsorg for det som hører denne verden til, hvordan han kan være til behag for sin kone.",
        "34": "Det er forskjell på en kone og en jomfru. En ugift kvinne har omsorg for det som hører Herren til, at hun kan være hellig både på kropp og ånd. Men hun som er gift, har omsorg for det som hører denne verden til, hvordan hun kan være til behag for ektemannen.",
        "35": "Dette sier jeg til deres eget beste, ikke for at jeg skal legge en felle for dere, men av hensyn til det som sømmer seg, og for at dere kan tjene Herren uten å bli hindret av noe.",
        "36": "Om noen mener at han fører skam over sin datter som er jomfru, hvis hun har passert gifteferdig alder, og det må være slik, så kan han gjøre det han vil. Han synder ikke. La dem gifte seg!",
        "37": "Men den som står fast i sitt hjerte, uten å være tvunget, men har anledning til å følge sin egen vilje og har bestemt i sitt hjerte at han vil la sin datter som er jomfru, fremdeles være ugift, han gjør vel.",
        "38": "Den som gir henne til ekte, gjør altså vel. Men den som ikke gir henne til ekte, gjør bedre.",
        "39": "En kvinne er ved ekteskapsloven bundet så lenge ektemannen lever. Men dersom hennes mann dør, er hun fri til å gifte seg med den hun vil, bare det skjer i Herren.",
        "40": "Men etter min mening er hun lykkeligere hvis hun blir som hun er – og jeg mener da også å ha Guds Ånd."
    },
    "8": {
        "1": "Når det gjelder kjøtt som er ofret til avguder, så vet vi at vi alle har kunnskap. Kunnskapen oppblåser, men kjærligheten oppbygger.",
        "2": "Hvis noen mener at han vet noe, så kjenner han det ennå ikke slik han burde kjenne det.",
        "3": "Men hvis noen elsker Gud, da er han kjent av Ham.",
        "4": "Når det er spørsmål om å spise av kjøtt som er ofret til avguder, vet vi altså at det ikke finnes noen avgud i verden, og at det ikke finnes noen annen Gud enn Én.",
        "5": "For selv om det er noen som kalles guder, enten i himmelen eller på jorden, siden det er mange guder og mange herrer,",
        "6": "er det likevel for oss bare Én Gud, vår Far. Alle ting er av Ham, og vi er til for Ham. Det er Én Herre, Jesus Kristus, og alle ting er ved Ham, og vi lever ved Ham.",
        "7": "Men det er ikke alle som har denne kunnskapen. For noen, som i sin samvittighet er bundet til avguden, spiser ennå det som er ofret til en avgud. Og deres svake samvittighet blir besmittet.",
        "8": "Mat forandrer ikke vår stilling for Gud. For om vi spiser eller ikke spiser, er vi verken bedre eller verre.",
        "9": "Men pass på at denne friheten dere har, ikke på noen måte blir en snublestein for de svake.",
        "10": "For hvis noen ser at dere som har kunnskap, spiser i et avgudstempel, vil ikke da samvittigheten til den som er svak, bli så frimodig at han spiser av avgudsofrene?",
        "11": "Skal din kunnskap føre til at den svake går fortapt, det mennesket Kristus døde for?",
        "12": "Når dere på den måten synder mot søsken og sårer deres svake samvittighet, synder dere mot Kristus.",
        "13": "Hvis mat fører min bror til fall, vil jeg aldri i evighet spise offerkjøtt, så jeg ikke fører min bror til fall."
    },
    "9": {
        "1": "Er jeg ikke apostel? Er jeg ikke fri? Har jeg ikke sett Jesus Kristus, vår Herre? Er ikke dere mitt verk i Herren?",
        "2": "Hvis jeg ikke er apostel for andre, så er jeg det i hvert fall for dere. For dere er seglet på min aposteltjeneste i Herren.",
        "3": "Mitt forsvar mot dem som vil dømme meg, er dette:",
        "4": "Har vi ikke rett til å spise og drikke?",
        "5": "Har vi ikke rett til å ta med oss en troende kone, slik også de andre apostlene gjør, Herrens brødre og Kefas?",
        "6": "Eller er det bare Barnabas og jeg som ikke har rett til å slippe å arbeide?",
        "7": "Hvem går noensinne til krig for egen regning? Hvem planter en vingård og spiser ikke av frukten? Eller hvem gjeter en buskap og drikker ikke av melken fra buskapen?",
        "8": "Sier jeg dette ut fra menneskelig tankegang, eller sier ikke også loven det samme?",
        "9": "For det er skrevet i Moseloven: Du skal ikke binde mulen på en okse som tresker kornet. Er det oksene Gud har omsorg for?",
        "10": "Eller sier Han det egentlig for vår skyld? Uten tvil er det for vår skyld dette er skrevet: Den som pløyer, skal pløye med håp, og den som tresker med håp, skal ha del i sitt håp.",
        "11": "Dersom vi har sådd den åndelige sæd hos dere, er det da for mye om vi høster materielle goder fra dere?",
        "12": "Hvis det er andre som har del i denne retten hos dere, har ikke vi det desto mer? Likevel har vi aldri brukt denne retten, men utholder alt, for at vi ikke skal hindre Kristi evangelium.",
        "13": "Vet dere ikke at de som gjør tjeneste med de hellige ting, spiser av det som hører tempelet til, og de som tjener ved alteret, har sin del fra alteret?",
        "14": "Slik har Herren også bestemt at de som forkynner evangeliet, skal leve av det.",
        "15": "Men ingen av disse rettighetene har jeg gjort bruk av. Og jeg har heller ikke skrevet dette for å gjøre krav på det. For det ville være bedre for meg å dø enn at noen skulle gjøre min ros til intet.",
        "16": "Dersom jeg forkynner evangeliet, så er ikke det min ros. For det er en tvang som ligger på meg. Ja, ve meg om jeg ikke forkynner evangeliet!",
        "17": "Dersom jeg gjør dette frivillig, får jeg lønn. Men hvis dette ikke er mitt eget valg, er jeg blitt betrodd en forvaltning.",
        "18": "Hva er da min lønn? At jeg, når jeg forkynner evangeliet, kan bære fram Kristi evangelium vederlagsfritt, slik at jeg ikke misbruker min rett ved evangeliet.",
        "19": "Selv om jeg er fri overfor alle, har jeg gjort meg selv til alles tjener, så jeg kan vinne enda flere.",
        "20": "For jødene er jeg blitt som en jøde, så jeg kan vinne jøder. For dem som er under loven, lever jeg som om jeg var under loven, så jeg kan vinne dem som er under loven.",
        "21": "For dem som er uten lov, er jeg som en lovløs – uten å være lovløs overfor Gud, men er i Kristi lov – så jeg kan vinne dem som er uten lov.",
        "22": "For de svake ble jeg som en svak, så jeg kunne vinne de svake. Jeg er blitt alt for alle mennesker, så jeg i alle fall kan frelse noen.",
        "23": "Dette gjør jeg for evangeliets skyld, så jeg kan få del i det sammen med dere.",
        "24": "Vet dere ikke at alle som deltar i et kappløp, er med og løper, men bare én får seiersprisen? Løp da slik at dere kan få den!",
        "25": "Hver den som deltar i kappløpet, forsaker alt annet. De gjør det for å oppnå en forgjengelig krans, men vi gjør det for en uforgjengelig.",
        "26": "Derfor løper jeg, ikke i usikkerhet. Jeg kjemper ikke som en som slår i løse luften.",
        "27": "Jeg legger tvang på min kropp og holder den i trelldom, slik at jeg som har forkynt for andre, ikke selv skal bli forkastet."
    },
    "10": {
        "1": "Dessuten, søsken, vil jeg ikke at dere skal være uvitende om at alle våre fedre var under skyen, alle gikk gjennom havet,",
        "2": "alle ble døpt til Moses i skyen og i havet,",
        "3": "alle spiste den samme åndelige mat,",
        "4": "og alle drakk den samme åndelige drikk. For de drakk av den åndelige Klippen som fulgte dem, og den Klippen var Kristus.",
        "5": "Men de fleste av dem fant ikke Gud behag i, for de ble jo slått ned i ørkenen.",
        "6": "Disse hendelsene ble forbilder for oss, slik at vi ikke skal ha lyst til det onde, slik de hadde lyst til det onde.",
        "7": "Bli ikke avgudsdyrkere, slik noen av dem ble. Som det er skrevet: Og folket satte seg ned for å spise og drikke, og sto opp for å leke.",
        "8": "La oss heller ikke leve i hor, slik noen av dem gjorde, så 23 000 falt på én dag.",
        "9": "Heller ikke må vi friste Kristus, slik noen av dem gjorde, og ble drept av slanger.",
        "10": "Dere må heller ikke klage, slik noen av dem klaget, og ble drept av ødeleggeren.",
        "11": "Alt dette hendte dem som forbilder, og det ble skrevet ned til advarsel for oss, som de siste tider er kommet til.",
        "12": "Derfor må den som tror at han står, passe seg så ikke han faller.",
        "13": "Det er ikke kommet over dere noen fristelse som ikke andre mennesker også har møtt. Gud er trofast; Han skal ikke la dere bli fristet over evne, men Han skal sammen med fristelsen også sørge for en vei ut, slik at dere kan være i stand til å bære det.",
        "14": "Derfor, mine kjære, flykt fra avgudsdyrkelsen!",
        "15": "Jeg taler som til vise; døm selv om det jeg sier!",
        "16": "Velsignelsens beger som vi velsigner, er ikke det samfunn med Kristi blod? Brødet vi bryter, er ikke det samfunn med Kristi legeme?",
        "17": "For vi er ett brød og ett legeme, selv om vi er mange. For vi har alle del i dette ene brødet.",
        "18": "Legg merke til Israels folk; har ikke de som eter av ofrene, også del i alteret?",
        "19": "Hva er det nå jeg sier? At en avgud er noe, eller at avgudsofferet er noe?",
        "20": "Nei, heller at det som hedningfolkene ofrer, ofrer de til demoner og ikke til Gud, og jeg vil ikke at dere skal ha samfunn med demoner.",
        "21": "Dere kan ikke drikke både Herrens beger og demoners beger. Dere kan ikke ta del i Herrens bord og i demoners bord.",
        "22": "Skal vi egge Herren til nidkjærhet? Er vi sterkere enn Ham?",
        "23": "Alt er tillatt for meg, men ikke alt er nyttig. Alt er tillatt for meg, men ikke alt oppbygger.",
        "24": "Ingen må søke sitt eget, men enhver må søke den andres beste.",
        "25": "Spis hva som helst de selger på kjøttmarkedet, uten å stille spørsmål for samvittighetens skyld.",
        "26": "For jorden hører Herren til, og alt som fyller den.",
        "27": "Hvis noen som ikke tror, inviterer dere til et måltid og dere vil gå dit, så spis det som blir satt fram for dere! Still ingen spørsmål for samvittighetens skyld!",
        "28": "Men hvis noen sier til dere: «Dette er offerkjøtt», så ikke spis det av hensyn til den som sa det til dere, og for samvittighetens skyld. For jorden hører Herren til, og alt som fyller den.",
        "29": "Når jeg taler om samvittigheten, mener jeg ikke din egen, men den andres. For hvorfor blir min frihet dømt av en annens samvittighet?",
        "30": "Men om jeg deltar i et måltid med takk, hvorfor blir jeg da spottet for den maten jeg har takket for?",
        "31": "Enten dere da spiser eller drikker eller hva dere enn gjør, så gjør alt til Guds ære.",
        "32": "Vær ikke til anstøt, verken for jøder eller for grekere eller for Guds menighet,",
        "33": "slik jeg også er til behag for alle mennesker i alle ting. Jeg søker ikke mitt eget beste, men det beste for de andre, for at de kan bli frelst."
    },
    "11": {
        "1": "Vær mine etterfølgere, slik jeg er Kristi etterfølger!",
        "2": "Jeg roser dere, mine søsken, for at dere husker på meg i alle ting og holder fast på de overleveringene jeg har gitt dere.",
        "3": "Men jeg vil dere skal vite at hver manns hode er Kristus, kvinnens hode er mannen, og Kristi hode er Gud.",
        "4": "Enhver mann som ber eller profeterer mens han har hodet tildekket, vanærer hodet sitt.",
        "5": "Men hver kvinne som ber eller profeterer med utildekket hode, vanærer hodet sitt. For det er som om hodet hennes var snauraket.",
        "6": "For om en kvinne ikke er tildekket, kan hun like gjerne få håret klippet. Men er det en skam for en kvinne å bli klippet eller snauraket, da må hun være tildekket.",
        "7": "For en mann skylder ikke å tildekke hodet sitt, ettersom han er Guds bilde og ære. Men kvinnen er mannens ære.",
        "8": "For mannen er ikke tatt av kvinnen, men kvinnen av mannen.",
        "9": "Mannen ble heller ikke skapt for kvinnens skyld, men kvinnen for mannens skyld.",
        "10": "Derfor skylder kvinnen å ha myndighetstegn på hodet, for englenes skyld.",
        "11": "Likevel, i Herren er verken mannen uavhengig av kvinnen, eller kvinnen uavhengig av mannen.",
        "12": "For slik som kvinnen er av mannen, slik kommer også mannen ved kvinnen. Men alt er av Gud.",
        "13": "Døm blant dere selv! Sømmer det seg for en kvinne å be til Gud med utildekket hode?",
        "14": "Lærer ikke selv naturen dere at om en mann har langt hår, er det en vanære for ham?",
        "15": "Men om en kvinne har langt hår, er det en ære for henne. For håret hennes er gitt henne som et slør.",
        "16": "Men om noen vil lage strid om dette, så har ikke vi noen slik skikk, det har heller ikke Guds menigheter.",
        "17": "Når jeg nå formaner dere, kan jeg ikke rose dere, for det er ikke til det bedre, men til det verre dere kommer sammen.",
        "18": "Når dere samles som menighet, hører jeg for det første at det er splittelse blant dere, og delvis tror jeg det.",
        "19": "For det må også være grupperinger blant dere, for at de som holder prøve, kan bli åpenbart blant dere.",
        "20": "Når dere da samles på ett sted, er det ikke Herrens nattverd dere eter.",
        "21": "For når dere eter, tar hver enkelt sin egen mat før de andre. Én er sulten, og en annen har drukket seg full.",
        "22": "Har dere ikke hus hvor dere kan spise og drikke? Eller forakter dere Guds menighet og gjør skam på dem som ikke har noe? Hva skal jeg si til dere? Skal jeg rose dere for dette? Nei, jeg roser dere ikke.",
        "23": "For jeg har mottatt fra Herren det jeg også har overgitt til dere: At Herren Jesus i den natt Han ble forrådt, tok et brød,",
        "24": "og da Han hadde takket, brøt Han det og sa: «Ta, et! Dette er Mitt legeme som er brutt for dere. Gjør dette til minne om Meg!»",
        "25": "På samme måte tok Han begeret etter måltidet og sa: «Dette beger er den nye pakt i Mitt blod. Gjør dette så ofte dere drikker det, til minne om Meg.»",
        "26": "For så ofte dere spiser dette brød og drikker av dette beger, forkynner dere Herrens død, inntil Han kommer.",
        "27": "Derfor skal hver den som spiser dette brød eller drikker dette Herrens beger uverdig, være skyldig i Herrens legeme og blod.",
        "28": "Hvert menneske må prøve seg selv, og så kan han spise av brødet og drikke av begeret.",
        "29": "For den som spiser og drikker uverdig, eter og drikker dom over seg selv fordi han ikke akter på Herrens legeme.",
        "30": "Av den grunn er det mange svake og syke blant dere, og mange nok har sovnet inn.",
        "31": "Hadde vi dømt oss selv, ville vi ikke blitt dømt.",
        "32": "Men når vi blir dømt, tuktes vi av Herren, slik at vi ikke skal bli fordømt sammen med verden.",
        "33": "Derfor, mine søsken, skal dere vente på hverandre når dere kommer sammen for å ete.",
        "34": "Men er noen sulten, skal han spise hjemme, så dere ikke kommer sammen til dom. Det andre skal jeg ordne opp i når jeg kommer."
    },
    "12": {
        "1": "Når det gjelder de åndelige gaver, søsken, vil jeg ikke at dere skal være uvitende.",
        "2": "Dere vet at dere selv levde som folkeslagene, og ble dratt bort til de stumme avgudene, uansett hvordan dere ble ledet.",
        "3": "Derfor kunngjør jeg dere at ingen som taler i Guds Ånd, sier: Forbannet være Jesus, og ingen kan si at Jesus er Herre, uten i Den Hellige Ånd.",
        "4": "Det er mange ulike nådegaver, men Ånden er den samme.",
        "5": "Det er mange ulike tjenester, men Herren er den samme.",
        "6": "Og det er mange ulike kraftige virkninger, men Gud er den samme som virker alt i alle.",
        "7": "Åndens åpenbaring blir gitt til hver enkelt, etter hva som er gagnlig:",
        "8": "For til én blir det gitt visdoms ord ved Ånden, til en annen kunnskaps ord ved den samme Ånd,",
        "9": "til en annen tro ved den samme Ånd, til en annen nådegaver til å utføre helbredelser ved den samme Ånd,",
        "10": "til en annen kraft til å gjøre undergjerninger, til en annen profetisk gave, til en annen å prøve ånder, til en annen forskjellige slags tunger, til en annen tydning av tunger.",
        "11": "Men den ene og samme Ånd virker alle disse forskjellige nådegavene og deler ut til hver enkelt, slik Han vil.",
        "12": "For slik kroppen er én og har mange lemmer, men alle de mange lemmene på den ene kroppen er én kropp, slik er det også med Kristus.",
        "13": "For i Én Ånd ble vi alle døpt inn i Én kropp – enten vi er jøder eller grekere, enten vi er slaver eller frie – og vi har alle fått Én Ånd å drikke.",
        "14": "For kroppen er da ikke bare ett lem, men mange.",
        "15": "Hvis foten skulle si: «Fordi jeg ikke er hånd, er jeg ikke en del av kroppen», er den da ikke en del av kroppen?",
        "16": "Og hvis øret skulle si: «Fordi jeg ikke er øye, er jeg ikke en del av kroppen», er det da ikke en del av kroppen?",
        "17": "Hvis hele kroppen var øye, hvor ble det da av hørselen? Hvis det hele var hørsel, hvor ble det da av luktesansen?",
        "18": "Men nå har Gud satt hvert enkelt av lemmene på kroppen akkurat slik som Han selv ville.",
        "19": "Hvis de alle var ett lem, hvor ville da kroppen vært?",
        "20": "Men nå er det virkelig mange lemmer, men Én kropp.",
        "21": "Øyet kan ikke si til hånden: «Jeg har ikke bruk for deg.» Hodet kan heller ikke si til føttene: «Jeg har ikke bruk for dere.»",
        "22": "Nei, det er heller slik at de lemmene på kroppen som synes å være svakest, de er nødvendige.",
        "23": "Og de lemmene på kroppen vi synes er mindre ære verd, disse tillegger vi desto større ære. De lemmene som vi blyges ved, omgir vi med desto større anstendighet,",
        "24": "men våre anstendige lemmer trenger ikke dette. Men Gud satte kroppen sammen slik at Han ga større ære til det lemmet som mangler ære,",
        "25": "for at det ikke skulle være splittelse i kroppen, men lemmene skulle ha den samme omsorg for hverandre.",
        "26": "Om ett lem lider, lider alle lemmene med det. Eller om ett lem blir æret, gleder alle lemmene seg sammen med det.",
        "27": "Nå er dere Kristi kropp, og hver for seg er dere lemmer på Hans kropp.",
        "28": "Gud har satt disse i menigheten: for det første apostler, for det andre profeter, for det tredje lærere, deretter undergjerninger, så nådegaver til helbredelser, til å hjelpe, til å styre, til å tale i forskjellige tunger.",
        "29": "Er vel alle apostler? Er alle profeter? Er alle lærere? Kan alle gjøre undergjerninger?",
        "30": "Har alle nådegaver til helbredelser? Taler alle med tunger? Kan alle tyde dem?",
        "31": "Men søk etter de nådegavene som er de beste. Likevel skal jeg vise dere en mye bedre vei."
    },
    "13": {
        "1": "Om jeg taler med menneskers og englers tunger, men ikke har kjærlighet, er jeg blitt en lydende malm eller en klingende bjelle.",
        "2": "Om jeg har profetisk gave, forstår alle hemmeligheter og har all kunnskap, og om jeg har all tro, så jeg kan flytte fjell, men ikke har kjærlighet, er jeg ingenting.",
        "3": "Om jeg gir bort alt det jeg eier til mat for de fattige, og om jeg gir min kropp til å brennes, men ikke har kjærlighet, gagner det meg ingen ting.",
        "4": "Kjærligheten er tålmodig, den er vennlig. Kjærligheten er ikke misunnelig. Kjærligheten skryter ikke, er ikke oppblåst.",
        "5": "Den oppfører seg ikke umoralsk, søker ikke sitt eget, lar seg ikke opphisse, tenker ikke ut noe ondt.",
        "6": "Den gleder seg ikke over urett, men gleder seg i sannheten.",
        "7": "Den tåler alt, tror alt, håper alt, utholder alt.",
        "8": "Kjærligheten faller aldri bort. Om det er profetiske gaver, så skal de ta slutt. Om det er tunger, skal de opphøre. Om det er kunnskap, skal den bli borte.",
        "9": "For vi kjenner stykkevis, og vi taler profetisk stykkevis.",
        "10": "Men når det fullkomne kommer, da skal det som er stykkevis, ta slutt.",
        "11": "Da jeg var barn, talte jeg som et barn, forsto jeg som et barn og tenkte jeg som et barn. Men da jeg ble mann, la jeg av det barnslige.",
        "12": "For nå ser vi i et speil, i en gåte, men da skal vi se ansikt til ansikt. Nå kjenner jeg stykkevis, men da skal jeg erkjenne fullt ut slik som jeg også fullt ut er kjent.",
        "13": "Så blir de da stående, disse tre: tro, håp og kjærlighet. Men den største av dem er kjærligheten."
    },
    "14": {
        "1": "Jag etter kjærligheten og søk med iver etter de åndelige gaver, slik at dere i større grad kan tale profetisk.",
        "2": "For den som taler i en tunge, taler ikke for mennesker, men for Gud, for ingen forstår ham. Men han taler hemmeligheter i Ånden.",
        "3": "Den som taler profetisk, taler for mennesker, til oppbyggelse, formaning og trøst.",
        "4": "Den som taler i tunger, oppbygger seg selv, men den som taler profetisk, oppbygger menigheten.",
        "5": "Jeg skulle ønske at dere alle talte i tunger, men enda mer at dere talte profetisk. For den som taler profetisk, er større enn den som taler i tunger, hvis han da ikke tyder det, så menigheten kan få oppbyggelse.",
        "6": "Men nå, mine søsken, om jeg kommer til dere og taler i tunger, til hvilket gagn ville jeg være for dere hvis jeg ikke taler til dere ved åpenbaring, ved kunnskap, ved profeti eller ved lære?",
        "7": "Selv livløse ting, enten det er en fløyte eller en harpe, hvordan kan man oppfatte hva som blåses eller spilles hvis det ikke er forskjell på tonene?",
        "8": "For om basunen lager en uklar lyd, hvem vil da gjøre seg klar til kamp?",
        "9": "Slik er det også med dere hvis dere ikke sier ord med tungen som er lette å forstå, hvordan kan man da oppfatte hva som blir sagt? Dere vil da bare tale ut i løse luften.",
        "10": "Det er visstnok mange slags språk i verden, og ingen av dem er uten mening.",
        "11": "Hvis jeg ikke kjenner betydningen av språket, vil jeg være en utlending for den som snakker. Og den som taler, vil være en utlending for meg.",
        "12": "Slik er det også med dere. Siden dere er ivrige etter å få åndelige gaver, så søk dem til menighetens oppbyggelse for at dere skal ha overflod.",
        "13": "Derfor må den som taler i tunger, be om at han må kunne tyde.",
        "14": "For om jeg ber i tunger, er det min ånd som ber, men min forstand er uten frukt.",
        "15": "Hva innebærer da dette? Jeg vil be i ånden, men jeg vil også be med forstanden. Jeg vil synge i ånden, men jeg vil også synge med forstanden.",
        "16": "Hvis du lovpriser i ånden, hvordan skal den som er uvitende der, si «amen» til din takkebønn når han ikke forstår hva du sier?",
        "17": "For du ber sikkert takkebønn på en fin måte, men den andre blir ikke oppbygd.",
        "18": "Jeg takker min Gud, jeg taler mer i tunger enn dere alle.",
        "19": "Men i menigheten vil jeg heller tale fem ord med min forstand, så jeg også kan lære andre, enn 10 000 ord i tunger.",
        "20": "Søsken, vær ikke barn i forstand, men vær småbarn i ondskap! I forstand skal dere være modne.",
        "21": "I loven er det skrevet: Ved mennesker med andre tunger og andre lepper vil Jeg tale til dette folket. Og heller ikke da skal de høre på Meg, sier Herren.",
        "22": "Derfor er tunger til et tegn, ikke for dem som tror, men for de vantro. Men profetien er ikke for de vantro, men for dem som tror.",
        "23": "Hvis altså hele menigheten kommer sammen på samme sted, og alle taler med tunger, og det kommer inn noen som er ukyndige eller vantro, vil de ikke da si at dere er fra forstanden?",
        "24": "Men om alle taler profetisk og en vantro eller en ukyndig kommer inn, blir han overbevist av alle, han blir dømt av alle.",
        "25": "Slik blir alt det som er skjult i hans hjerte, avslørt. Da vil han falle ned på sitt ansikt, og han vil tilbe Gud og vitne at Gud er sannelig iblant dere.",
        "26": "Hvordan er det da, søsken? Når dere kommer sammen, har hver av dere en salme, en lære, en tunge, en åpenbaring, en tydning. Alt må skje til oppbyggelse.",
        "27": "Hvis noen taler i tunger, må det være to eller i høyden tre, og hver etter tur, og én må tyde.",
        "28": "Men hvis det ikke er noen til å tyde, må han være stille i menigheten. Han skal tale for seg selv og for Gud.",
        "29": "To eller tre profeter kan tale, og de andre må bedømme det.",
        "30": "Men om noe blir åpenbart for en annen som sitter der, da skal den første være stille.",
        "31": "For dere kan alle tale profetisk, én etter én, slik at alle kan lære og alle bli oppmuntret.",
        "32": "Og profetenes ånder er underordnet profetene.",
        "33": "For Gud er ikke uordens, men fredens Gud, som i alle de helliges menigheter.",
        "34": "Kvinnene deres skal tie i menighetene, for det er ikke tillatt dem å tale. Men de skal være underordnet, slik også loven sier.",
        "35": "Dersom de vil lære noe, skal de spørre sine egne menn hjemme. For det sømmer seg ikke for kvinner å tale i menigheten.",
        "36": "Eller var det fra dere Guds Ord gikk ut? Eller var det bare til dere det kom?",
        "37": "Hvis noen mener at han selv er en profet eller åndelig, så må han erkjenne at det jeg skriver til dere, er Herrens bud.",
        "38": "Men hvis noen er uvitende, så får han være uvitende.",
        "39": "Derfor, mine søsken, skal dere med iver søke etter å tale profetisk, og ikke hindre tungetale.",
        "40": "Alt må skje på en sømmelig måte og med orden."
    },
    "15": {
        "1": "Dessuten, søsken, kunngjør jeg for dere det evangelium jeg forkynte dere, som dere også tok imot og står fast i.",
        "2": "Ved dette blir dere også frelst, hvis dere holder fast på det ord jeg forkynte for dere – hvis dere da ikke forgjeves er kommet til tro.",
        "3": "Først av alt overga jeg til dere det som jeg også tok imot: At Kristus døde for våre synder etter Skriftene,",
        "4": "og at Han ble begravd og sto opp igjen på den tredje dag etter Skriftene,",
        "5": "og at Han ble sett av Kefas og så av de tolv.",
        "6": "Deretter ble Han sett av mer enn 500 brødre på en gang. Av disse er de fleste fortsatt i live, men noen har sovnet inn.",
        "7": "Deretter ble Han sett av Jakob og så av alle apostlene.",
        "8": "Sist av alle ble Han sett av meg, som kan sammenlignes med et prematurt barn.",
        "9": "For jeg er den ringeste av apostlene og ikke verd å kalles apostel, for jeg har forfulgt Guds menighet.",
        "10": "Men ved Guds nåde er jeg den jeg er, og Hans nåde mot meg har ikke vært forgjeves. Jeg har arbeidet enda mer enn alle andre, likevel ikke jeg, men Guds nåde som er med meg.",
        "11": "Så enten det nå er jeg eller de andre, slik forkynner vi, og slik kom dere til tro.",
        "12": "Hvis det blir forkynt om Kristus at Han er oppreist fra de døde, hvordan kan da noen blant dere si at det ikke er noen oppstandelse fra de døde?",
        "13": "Hvis det ikke er noen oppstandelse fra de døde, da er heller ikke Kristus oppstått.",
        "14": "Og hvis ikke Kristus er oppstått, da er vår forkynnelse uten innhold, og troen deres er også uten innhold.",
        "15": "Ja, og da blir vi regnet som falske vitner om Gud – fordi vi har vitnet om Gud at Han har oppreist Kristus, som Han ikke har oppreist – hvis det nå er slik at de døde ikke oppstår.",
        "16": "For hvis de døde ikke oppstår, da er ikke Kristus oppstått.",
        "17": "Hvis Kristus ikke er oppstått, er troen deres til ingen nytte. Dere er fortsatt i deres synder.",
        "18": "Da er også de som er sovnet inn i Kristus, gått fortapt.",
        "19": "Hvis det bare er i dette livet vi har satt vårt håp til Kristus, da er vi de ynkeligste av alle mennesker.",
        "20": "Men nå er Kristus oppstått fra de døde, og Han er blitt førstegrøden av dem som er sovnet inn.",
        "21": "For siden døden kom ved et menneske, kom også oppstandelsen fra de døde ved et Menneske.",
        "22": "For slik vi alle dør i Adam, skal alle bli gjort levende i Kristus.",
        "23": "Men hver i sin egen avdeling: Kristus er førstegrøden, deretter levendegjøres de som tilhører Kristus, ved Hans komme.",
        "24": "Så kommer enden, når Han overlater riket til Gud Fader, og Han gjør slutt på all makt, all myndighet og alt velde.",
        "25": "For Han må herske til Han har lagt alle fiendene under sine føtter.",
        "26": "Den siste fienden som skal bli utslettet, er døden.",
        "27": "For Han har lagt alle ting under Hans føtter. Men når Han sier: «Alle ting er underlagt Ham», er det klart at Han som har lagt alle ting under Ham, er unntatt.",
        "28": "Når nå alle ting er blitt underordnet Ham, så skal også Sønnen selv bli underordnet Ham som la alle ting under Ham, for at Gud kan være alt i alle.",
        "29": "Hva skal de ellers gjøre, de som er døpt for de døde, hvis de døde slett ikke oppstår? Hvorfor blir de da døpt for de døde?",
        "30": "Hvorfor utsettes vi for fare hele tiden?",
        "31": "Ved den ros jeg har av dere i Kristus Jesus, vår Herre, vitner jeg at jeg dør daglig.",
        "32": "Hvis det var på menneskelig vis jeg sloss med villdyr i Efesos, hvilken vinning har jeg av det? Hvis de døde ikke oppstår, så la oss spise og drikke, for i morgen dør vi!",
        "33": "Far ikke vill, slett selskap forderver gode vaner.",
        "34": "Våkn opp slik som rett er, og synd ikke! For noen mangler kunnskap om Gud. Jeg sier dette til skam for dere.",
        "35": "Noen vil si: «Hvordan blir de døde oppreist? Og hva slags kropp står de opp med?»",
        "36": "Du dåre! Det du sår, blir ikke gjort levende uten at det dør.",
        "37": "Når du sår, da sår du ikke den skikkelsen som skal bli, men et nakent korn – om det er hvete eller et annet kornslag.",
        "38": "Men Gud gir det en form slik Han vil, og til hvert frø en egen form.",
        "39": "Alt kjøtt er ikke av samme slag, men det er ett slags kjøtt i mennesker, et annet slag i dyr, et annet i fisk og et annet i fugler.",
        "40": "Det er også himmelske kropper og jordiske kropper. Men de himmelske har én herlighet, og de jordiske har en annen herlighet.",
        "41": "Det er én glans fra solen, en annen glans fra månen og en annen glans fra stjernene. For én stjerne skiller seg fra en annen stjerne ved sin glans.",
        "42": "Slik er det også med de dødes oppstandelse. Kroppen blir sådd i forgjengelighet, og det blir oppreist i uforgjengelighet.",
        "43": "Det blir sådd i vanære, og det blir oppreist i herlighet. Det blir sådd i svakhet, og det blir oppreist i kraft.",
        "44": "Det blir sådd en sjelelig kropp, og det oppstår en åndelig kropp. Det er en sjelelig kropp, og det er en åndelig kropp.",
        "45": "Slik er det skrevet: Det første mennesket, Adam, ble en levende sjel. Den siste Adam ble en livgivende ånd.",
        "46": "Det åndelige er imidlertid ikke det første, men det sjelelige, deretter det åndelige.",
        "47": "Det første mennesket var fra jorden, av jord. Det andre Mennesket er Herren fra Himmelen.",
        "48": "Slik den jordiske var, slik er også de jordiske. Og slik Den Himmelske er, slik er også de himmelske.",
        "49": "Slik vi har båret bildet av den jordiske, slik skal vi også bære bildet av Den Himmelske.",
        "50": "Men dette sier jeg, søsken, at kjøtt og blod kan ikke arve Guds rike. Det forgjengelige arver heller ikke det uforgjengelige.",
        "51": "Se, jeg forteller dere en hemmelighet: Vi skal ikke alle sovne inn, men vi skal alle bli forvandlet,",
        "52": "i ett nu, på et øyeblikk, ved den siste basun. For basunen skal lyde, og de døde skal oppstå uforgjengelige, og vi skal bli forvandlet.",
        "53": "For dette forgjengelige må bli ikledd uforgjengelighet, og dette dødelige må bli ikledd udødelighet.",
        "54": "Når så dette forgjengelige er ikledd uforgjengelighet og dette dødelige er ikledd udødelighet, da skal det gå i oppfyllelse, det ord som er skrevet:",
        "55": "Døden er oppslukt til seier. Død, hvor er din brodd? Dødsrike, hvor er din seier?",
        "56": "Dødens brodd er synden, og syndens kraft er loven.",
        "57": "Men Gud være takk, som gir oss seier ved vår Herre Jesus Kristus.",
        "58": "Derfor, mine kjære søsken, vær faste, urokkelige, alltid rike i Herrens gjerning, for dere vet at deres arbeid ikke er forgjeves i Herren."
    },
    "16": {
        "1": "Når det gjelder innsamlingen til de hellige, må også dere gjøre det på samme måte som jeg har gitt beskjed om til menighetene i Galatia.",
        "2": "På den første dag i uken skal hver av dere legge noe til side og spare det, etter som han har råd til, for at innsamlingen ikke skal finne sted når jeg kommer.",
        "3": "Når jeg kommer, skal jeg sende dem dere selv godkjenner, og gi med dem et brev. Så kan de ta med gaven deres til Jerusalem.",
        "4": "Hvis det passer at jeg drar samtidig, kan de reise sammen med meg.",
        "5": "Jeg vil komme til dere når jeg reiser gjennom Makedonia, for Makedonia reiser jeg bare igjennom.",
        "6": "Det er mulig at jeg blir en stund hos dere, kanskje jeg også overvintrer, så dere kan sende meg videre på min reise, uansett hvor jeg drar.",
        "7": "For jeg ønsker ikke nå å se dere bare på gjennomreise. Men jeg håper å bli en stund hos dere, hvis Herren tillater det.",
        "8": "Men jeg blir i Efesos til pinse.",
        "9": "For en vid dør med rik virksomhet er åpnet for meg, og det er mange motstandere.",
        "10": "Når Timoteus kommer, så sørg for at han kan være hos dere uten frykt. For han gjør Herrens verk, slik som jeg.",
        "11": "Derfor må ingen forakte ham. Men send ham av sted på reisen i fred, så han kan komme til meg. For jeg venter på ham sammen med brødrene.",
        "12": "Når det gjelder vår bror Apollos, oppfordret jeg ham på det sterkeste til å komme til dere sammen med brødrene, men han var ikke innstilt på å komme på det nåværende tidspunkt. Han vil imidlertid komme når han får en passende anledning.",
        "13": "Våk, stå faste i troen, vær modige, vær sterke!",
        "14": "Alt det dere gjør, må gjøres i kjærlighet.",
        "15": "Dere kjenner Stefanas’ husfolk, at de er førstegrøden i Akaia og at de har innviet seg til tjeneste for de hellige. Derfor formaner jeg dere, søsken,",
        "16": "at også dere underordner dere under slike og under alle som arbeider iherdig sammen med oss.",
        "17": "Jeg er glad for Stefanas’ og Fortunatus’ og Akaikos’ nærvær, for de fylte savnet av dere.",
        "18": "For de har fornyet både min og deres ånd. Derfor skal dere ha respekt for slike som dem.",
        "19": "Menighetene i Asia hilser dere. Akvilas og Priskilla hilser dere hjertelig i Herren, sammen med den menigheten i deres hus.",
        "20": "Alle søsknene hilser dere. Hils hverandre med et hellig kyss!",
        "21": "Hilsen med min egen, Paulus’ hånd.",
        "22": "Hvis noen ikke elsker Herren Jesus Kristus, han være forbannet! Vår Herre, kom!",
        "23": "Vår Herre Jesu Kristi nåde være med dere!",
        "24": "Min kjærlighet være med dere alle i Kristus Jesus! Amen."
    }
}