{
    "1": {
        "1": "Gud, Han som i tidligere tider mange ganger og på mange måter talte til fedrene ved profetene,",
        "2": "Han har i disse siste dager talt til oss ved Sønnen, som Han har innsatt som arving til alle ting. Ved Ham har Han også skapt hele verden.",
        "3": "Han er stråleglansen av Hans herlighet og det uttrykte bildet av Hans vesen, og Han holder alle ting oppe ved sin krafts ord. Da Han ved seg selv hadde gjort renselse for våre synder, satte Han seg ved Majestetens høyre hånd i det høye.",
        "4": "Han er blitt så mye høyere enn englene fordi Han har arvet et mer framstående navn enn dem.",
        "5": "For til hvem av englene har Han noen gang sagt: « Du er Min Sønn, Jeg har født Deg i dag»? Og videre: «Jeg vil være Far for Ham, og Han skal være Sønn for Meg»?",
        "6": "Men når Han på ny fører Den førstefødte inn i verden, sier Han: «Alle Guds engler skal tilbe Ham.»",
        "7": "Og om englene sier Han: «Han som gjør sine engler til ånder og sine tjenere til en ildslue.»",
        "8": "Men til Sønnen sier Han: «Din trone, Gud, står i evigheters evighet. En rettferdighetens kongestav er Ditt rikes kongestav.",
        "9": "Du har elsket rettferdighet og hatet lovløshet. Derfor har Gud, Din Gud, salvet Deg med gledens olje framfor Dine følgesvenner.»",
        "10": "Og: «Du, Herre, i begynnelsen la Du jordens grunnvoll, og himlene er et verk av Dine hender.",
        "11": "De skal gå til grunne, men Du består. Og de skal alle eldes som et klesplagg.",
        "12": "Som en kappe skal Du folde dem sammen, og de skal skiftes ut. Men Du er den samme, og Dine år har ingen ende.»",
        "13": "Til hvem av englene har Han noen gang sagt: «Sett Deg ved Min høyre hånd til Jeg legger Dine fiender til skammel for Dine føtter»?",
        "14": "Er de ikke alle tjenende ånder, utsendt for å tjene dem som skal arve frelse?"
    },
    "2": {
        "1": "Derfor må vi desto mer gi akt på det vi har hørt, så vi ikke driver bort.",
        "2": "For om det ord som var talt ved engler, viste seg å stå fast, og hver overtredelse og ulydighet fikk en rettferdig straff,",
        "3": "hvordan skal da vi slippe unna om vi forakter en så stor frelse? I begynnelsen ble den først forkynt av Herren, og den ble stadfestet for oss av dem som hadde hørt Ham.",
        "4": "Gud ga jo også vitnesbyrd både med tegn og under, med forskjellige kraftige undergjerninger og Den Hellige Ånds gaver, etter sin egen vilje.",
        "5": "For Han har ikke lagt den kommende verden, som vi taler om, under engler.",
        "6": "Men én har vitnet et sted og sagt: «Hva er da Mennesket at Du skulle minnes Ham, eller Menneskesønnen at Du skulle se til Ham?",
        "7": "Du har gjort Ham lite ringere enn englene, med herlighet og ære har Du kronet Ham og Du satte Ham over Dine henders verk.",
        "8": "Du har lagt alle ting under Hans føtter. » For idet Han la alt under Ham, unntok Han ingenting som ikke er lagt under Ham. Nå ser vi ennå ikke at alle ting er Ham underlagt.",
        "9": "Men vi ser Jesus, Han som ble gjort lite ringere enn englene, for at Han skulle lide døden, kronet med herlighet og ære, for at Han, ved Guds nåde, skulle smake døden for alle.",
        "10": "For det passet seg for Ham, som alle ting er til for, og som alle ting er blitt til ved, idet Han førte mange barn til herligheten, å fullende deres frelses Høvding gjennom lidelser.",
        "11": "For både Han som helliggjør og de som blir helliggjort, er alle av Én. Derfor skammer Han seg ikke over å kalle dem søsken,",
        "12": "men Han sier: «Jeg vil forkynne Ditt navn for Mine søsken. Midt i forsamlingen vil Jeg love Deg.»",
        "13": "Og dessuten: «Jeg vil sette Min lit til Ham.» Og dessuten: «Her er Jeg og de barn Gud har gitt Meg.»",
        "14": "Siden barna har del i kjøtt og blod, fikk Han selv del i det på samme måten, for at Han ved døden skulle ta makten fra ham som hadde dødens makt – det er djevelen",
        "15": "– og for å befri dem som av frykt for døden hadde vært under trelldom hele sitt liv.",
        "16": "For Han tar seg jo ikke av engler, men Han tar seg av Abrahams slekt.",
        "17": "Derfor måtte Han bli gjort lik sine søsken i alle ting, for å kunne være en barmhjertig og trofast Øversteprest i alt som angår forholdet til Gud, slik at Han kunne gjøre soning for folkets synder.",
        "18": "For ved det at Han selv har lidd og blitt fristet, kan Han hjelpe dem som blir fristet."
    },
    "3": {
        "1": "Derfor, hellige søsken, dere som har del i det himmelske kall, rett sinnet mot vår bekjennelses Apostel og Øversteprest, Kristus Jesus.",
        "2": "Han var trofast mot Ham som innsatte Ham, slik Moses også var trofast i hele Hans hus.",
        "3": "For Han er regnet verdig til mer ære enn Moses, slik den som bygger et hus, får større ære enn huset selv.",
        "4": "Hvert hus blir bygd av noen, men Han som bygde alle ting, er Gud.",
        "5": "Vel var Moses trofast i hele Hans hus som tjener, til et vitnesbyrd om alt det som skulle bli omtalt senere.",
        "6": "Men Kristus var trofast som Sønn over sitt eget hus, og vi er Hans hus, om vi helt til enden holder fast på frimodigheten og den ros håpet gir.",
        "7": "Derfor, som Den Hellige Ånd sier: « I dag, om dere hører Hans røst,",
        "8": "da forherd ikke deres hjerter som ved opprøret, på fristelsens dag i ørkenen.",
        "9": "Det var der deres fedre fristet og prøvde Meg, de som hadde sett Mine gjerninger i 40 år.",
        "10": "Derfor ble Jeg vred på den slekten og sa: De farer alltid vill i hjertet og har ikke kjent Mine veier.",
        "11": "Så sverget Jeg i Min vrede: De skal ikke komme inn til Min hvile.»",
        "12": "Se til, søsken, at det ikke er et ondt vantroens hjerte i noen av dere, så dere faller fra Den levende Gud.",
        "13": "Men forman hverandre daglig, så lenge det heter «i dag», så ingen av dere skal bli forherdet ved syndens bedrag.",
        "14": "For vi har fått del i Kristus, så sant vi helt til enden holder fast på den tillit vi hadde fra begynnelsen,",
        "15": "for det blir sagt: «I dag, om dere hører Hans røst, da forherd ikke deres hjerter som under opprøret.»",
        "16": "For hvem var det som hørte og likevel gjorde opprør? Sannelig, var det ikke alle de som kom ut fra Egypt ved Moses?",
        "17": "Hvem var Han vred på i 40 år? Var det ikke på dem som syndet, så kroppene deres falt om i ørkenen?",
        "18": "Og hvem andre enn dem som ikke hadde vært lydige, var det Han sverget ikke skulle komme inn til Hans hvile?",
        "19": "Vi ser da at de kunne ikke komme inn på grunn av vantro."
    },
    "4": {
        "1": "Siden det gjenstår et løfte om å komme inn til Hans hvile, så la oss derfor frykte, så ikke noen av dere skal vise seg å være det foruten.",
        "2": "For evangeliet ble også forkynt for oss slik det ble for dem. Men ordet de hørte, ble ikke til noen nytte for dem fordi det ikke ble knyttet sammen med troen i dem som hørte det.",
        "3": "For den som er kommet til tro, går inn til denne hvilen, som Han har sagt: «Så sverget Jeg i Min vrede: De skal ikke komme inn til Min hvile», selv om gjerningene var fullført fra verdens grunnleggelse av.",
        "4": "For Han har et sted talt om den sjuende dagen på denne måten: «Og Gud hvilte fra alle sine gjerninger på den sjuende dagen.»",
        "5": "Og videre på dette stedet: «De skal ikke komme inn til Min hvile.»",
        "6": "Siden det altså gjenstår at noen skal komme inn, og de som det først ble forkynt for, ikke kom inn på grunn av ulydighet,",
        "7": "fastsetter Han på ny en bestemt dag og sier ved David etter så lang tid: «I dag», som det er blitt sagt: «I dag, om dere hører Hans røst, da forherd ikke deres hjerter.»",
        "8": "For om Josva hadde ført dem til hvile, da hadde Han ikke talt om en annen dag etterpå.",
        "9": "Derfor gjenstår det en sabbatshvile for Guds folk.",
        "10": "For den som er kommet inn til Hans hvile, har også selv fått hvile fra sine gjerninger, slik Gud hvilte fra sine.",
        "11": "La oss derfor være ivrige etter å komme inn til den hvilen, for at ingen skal falle i det samme eksempel på ulydighet.",
        "12": "For Guds Ord er levende og virksomt og skarpere enn noe tveegget sverd. Det trenger igjennom helt til det kløver både sjel og ånd, ledd og marg, og er dommer over hjertets tanker og motiver.",
        "13": "Ingen skapning er skjult for Ham, men alt er nakent og blottlagt for Hans øyne, som vi skal avlegge regnskap for.",
        "14": "Når vi da har en så stor Øversteprest, som er gått gjennom Himlene, Jesus, Guds Sønn, så la oss holde fast på bekjennelsen.",
        "15": "For vi har ikke en Øversteprest som ikke kan ha medlidenhet med våre skrøpeligheter, men en som i alle ting er prøvd slik som vi, men uten synd.",
        "16": "La oss derfor komme fram for nådens trone med frimodighet så vi kan få miskunn og finne nåde til hjelp i den tid vi trenger det."
    },
    "5": {
        "1": "Enhver øversteprest som er tatt ut blant mennesker, er innsatt for mennesker i de ting som gjelder forholdet til Gud, for at han skal bære fram gaver og offer for synder.",
        "2": "Han kan ha medlidenhet med dem som er uvitende og farer vill, fordi han selv er underlagt skrøpelighet.",
        "3": "Derfor kreves det av ham at han må bære fram offer for sine egne synder, såvel som for folkets synder.",
        "4": "Og ingen tar seg denne æren selv, men bare den som er kalt av Gud, slik Aron også var kalt.",
        "5": "Slik var det heller ikke Kristus som æret seg selv for å bli Øversteprest, men det var Han som sa til Ham: «Du er Min Sønn, Jeg har født Deg i dag.»",
        "6": "Som Han også sier et annet sted: «Du er prest til evig tid etter Melkisedeks ordning.»",
        "7": "I sitt jordiske livs dager, da Han med sterke rop og tårer hadde båret fram bønner og påkallelser til Ham som hadde makt til å frelse Ham fra døden, ble Han bønnhørt på grunn av sin gudsfrykt.",
        "8": "Og selv om Han var Sønn, lærte Han lydighet ved det Han led.",
        "9": "Og etter at Han var blitt fullendt, ble Han opphavsmann til evig frelse for alle dem som lyder Ham,",
        "10": "etter at Han av Gud ble kalt Øversteprest etter Melkisedeks ordning.",
        "11": "Om dette har vi mye å si, men det er vanskelig å forklare siden dere er blitt så tunghørte.",
        "12": "For selv om dere på denne tiden burde vært lærere, trenger dere igjen at noen lærer dere de første grunnsannhetene i Guds Ord. Og dere er blitt slike som trenger melk og ikke fast føde.",
        "13": "For hver den som bare får melk, er ukyndig i rettferdighetens ord, for han er et spedbarn.",
        "14": "Men fast føde er for dem som er modne, det vil si dem som gjennom bruk har trent opp sansene til å skjelne mellom godt og ondt."
    },
    "6": {
        "1": "Idet vi nå lar den mer grunnleggende læren om Kristus ligge, skal vi gå videre til det fullkomne og ikke på nytt legge grunnvollen med omvendelse fra døde gjerninger og tro på Gud,",
        "2": "med lære om dåp, håndspåleggelse, de dødes oppstandelse og om evig dom.",
        "3": "Og dette vil vi gjøre, hvis Gud tillater det.",
        "4": "For dem som en gang har blitt opplyst, og har smakt den himmelske gave og fått del i Den Hellige Ånd,",
        "5": "har smakt Guds gode Ord og kreftene fra den kommende tidsalder",
        "6": "– for dem er det umulig å bli fornyet til omvendelse igjen hvis de faller fra. For de korsfester Guds Sønn for seg selv på ny og stiller Ham åpenlyst til skamme.",
        "7": "Jorden som drikker det regnet som ofte kommer ned på den, og bærer grøde som er nyttig for dem som har dyrket den, tar imot velsignelse fra Gud.",
        "8": "Men bærer den torner og tistler, er den forkastet, og forbannelsen nærmer seg. Og den ender med å bli brent.",
        "9": "Mine kjære, når det gjelder dere, er vi overbevist om det som bedre er, ja, ting som hører frelsen til, selv om vi taler slik.",
        "10": "For Gud er ikke urettferdig, så Han skulle glemme deres arbeid og strev i kjærlighet, som dere har vist overfor Hans navn ved at dere har tjent de hellige og fortsatt tjener dem.",
        "11": "Vi ønsker at hver enkelt av dere viser den samme iver for håpets fulle visshet helt til det siste,",
        "12": "så dere ikke blir sløve, men er etterfølgere av dem som arver løftene ved tro og tålmodighet.",
        "13": "Da Gud ga løftet til Abraham, sverget Han ved seg selv, siden Han ikke hadde noen større å sverge ved.",
        "14": "Han sa: «Sannelig, Jeg vil rikelig velsigne deg og rikelig mangfoldiggjøre deg.»",
        "15": "Og så, etter at han tålmodig hadde holdt ut, oppnådde han løftet.",
        "16": "For mennesker sverger ved en som er større, og for dem er den bekreftende eden en slutt på alle innvendinger.",
        "17": "Siden Gud var enda mer fast bestemt på å bevise for løftets arvinger hvor uforanderlig Hans plan er, gikk Han imellom og stadfestet det med en ed,",
        "18": "for at vi ved to uforanderlige ting, som bekrefter at det er umulig for Gud å lyve, kunne ha en sterk trøst, vi som har søkt tilflukt ved å gripe det håpet som er satt foran oss.",
        "19": "Dette håpet har vi som et sikkert og fast anker for sjelen; et som når inn til Det indre innenfor forhenget,",
        "20": "dit Jesus gikk som en forløper for oss, og Han er blitt Øversteprest til evig tid etter Melkisedeks ordning."
    },
    "7": {
        "1": "For denne Melkisedek, konge i Salem, prest for Den Høyeste Gud, møtte Abraham og velsignet ham, da han kom tilbake etter å ha nedkjempet kongene.",
        "2": "Til ham ga også Abraham tiende av alt. Navnet hans kan for det første forklares som «rettferdighetens konge», og så «Salems konge», som betyr «fredens konge».",
        "3": "Han var uten far, uten mor og uten slektstavle. Hans dager hadde ingen begynnelse, og hans liv hadde ingen avslutning, men han er gjort lik Guds Sønn, som alltid er prest.",
        "4": "Se nå hvor stor han er, han som selv patriarken Abraham ga tiende av det beste krigsbyttet.",
        "5": "Også de som er av Levis sønner og får prestetjeneste, har et bud om å ta imot tiende fra folket etter loven, det vil si fra sine søsken, selv om de er kommet fra Abrahams hofte.",
        "6": "Men han som ikke stammer fra dem, tok imot tiende fra Abraham og velsignet ham som hadde løftene.",
        "7": "Uten noen innvending må det innrømmes at den lavere blir velsignet av den høyere.",
        "8": "Her er det dødelige mennesker som tar imot tiende, men der tar Han imot tiende, Ham det blir vitnet om at Han lever.",
        "9": "På sett og vis har også Levi gjennom Abraham, han som tar imot tiende, blitt ilagt tiende.",
        "10": "For han var fremdeles i sin fars lend da Melkisedek møtte ham.",
        "11": "Hvis det da var mulig å oppnå fullkommenhet ved det levittiske prestedømme – for ved dette fikk folket loven – hvilket behov var det så fremdeles for at en annen prest skulle stå fram etter Melkisedeks ordning og ikke bli kalt prest etter Arons ordning?",
        "12": "For når prestedømmet blir forandret, skjer det med nødvendighet også en endring i loven.",
        "13": "For Han dette blir sagt om, tilhører en annen stamme. Fra den har ingen mann gjort tjeneste ved alteret.",
        "14": "For det er kjent at vår Herre er oppstått i Juda, og til denne stammen sa ikke Moses noe om et prestedømme.",
        "15": "Det blir enda mer overveldende tydelig hvis det oppstår en annen Prest i likhet med Melkisedek,",
        "16": "og det er En som ikke er kommet etter noen lov om kjødelig avstamning, men etter kraften av et uforgjengelig liv.",
        "17": "For Han vitner: «Du er prest til evig tid etter Melkisedeks ordning.»",
        "18": "På den ene siden skjer det en opphevelse av det tidligere budet på grunn av dets skrøpelighet og ubrukelighet.",
        "19": "For loven førte ikke noe til fullkommenhet. Men et bedre håp føres inn, og ved dette kan vi komme nær Gud.",
        "20": "Ettersom Han ikke ble gjort til prest uten ed",
        "21": "– for de andre er blitt prester uten ed, men Han er blitt det med ed ved Ham som sier til Ham: «Herren har sverget og skal ikke angre: Du er Prest til evig tid etter Melkisedeks ordning.»",
        "22": "Ifølge dette er Jesus blitt garantist for en bedre pakt.",
        "23": "Av de andre var det også mange prester fordi de ved døden ble hindret i å fortsette.",
        "24": "Men fordi Han forblir til evig tid, har Han et uforgjengelig prestedømme.",
        "25": "Derfor har Han også makt til fullkomment å frelse dem som kommer til Gud ved Ham, ettersom Han alltid lever for å gå i forbønn for dem.",
        "26": "For en slik Øversteprest måtte vi ha, En som er hellig, uskyldig, ubesmittet, skilt fra syndere og opphøyet over himlene.",
        "27": "Han trenger ikke å bære fram offer daglig som de andre øversteprestene, først for sine egne synder og så for folkets. For dette gjorde Han én gang for alle, da Han ofret seg selv.",
        "28": "For loven innsetter mennesker med skrøpelighet til øversteprester. Men edens ord, det som kom etter loven, innsetter Sønnen, Han som er fullendt til evig tid."
    },
    "8": {
        "1": "Dette er hovedsaken i det vi sier her: Vi har en slik Øversteprest som satte seg ved høyre side av Majestetens trone i Himlene,",
        "2": "en Prest i helligdommen; i det sanne Tabernakelet som Herren har reist, og ikke et menneske.",
        "3": "For enhver øversteprest innsettes til å bære fram både gaver og offer. Derfor er det nødvendig at Denne Ene også har noe å bære fram.",
        "4": "For hvis Han hadde vært her på jorden, ville Han ikke vært prest. For her er det andre prester som bærer fram gaver etter loven.",
        "5": "De tjener etter avbildet og skyggen av de himmelske ting, slik Moses fikk guddommelig befaling om da han skulle til å oppføre Tabernakelet. For Han sa: «Se til at du lager alle ting etter det forbildet som ble vist deg på fjellet.»",
        "6": "Men nå har Han fått en mye høyere prestetjeneste, ettersom Han er Mellommann for en bedre pakt, en som ble grunnlagt på bedre løfter.",
        "7": "Hadde den første pakten vært feilfri, ville det ikke blitt søkt rom for en annen i stedet.",
        "8": "For Han klandrer dem når Han sier: «Se, de dager kommer, sier Herren, da Jeg vil opprette en ny pakt med Israels hus og med Judas hus",
        "9": "– ikke som den pakten som Jeg opprettet med deres fedre på den dag da Jeg tok dem ved hånden for å lede dem ut av landet Egypt. For de ble ikke værende i Min pakt, og Jeg brydde Meg ikke om dem, sier Herren.",
        "10": "For dette er pakten Jeg vil opprette med Israels hus etter de dager, sier Herren. Jeg vil legge Mine lover i deres sinn og skrive dem på deres hjerter. Jeg vil være deres Gud, og de skal være Mitt folk.",
        "11": "Ingen av dem skal lenger lære sin neste, og heller ikke sin bror, og si: Kjenn Herren! For alle skal kjenne Meg, fra den minste til den største av dem.",
        "12": "For Jeg vil være nådig overfor deres urett, og deres synder og deres lovbrudd skal Jeg aldri minnes mer.»",
        "13": "Idet Han sier «en ny pakt», har Han gjort den første foreldet. Det som er i ferd med å bli foreldet og gammelt, er nær ved å bli borte."
    },
    "9": {
        "1": "Nå hadde også den første pakten forskrifter om gudstjenesten og den jordiske helligdommen.",
        "2": "For et tabernakel ble gjort i stand. I det fremste rommet var lysestaken, bordet og skuebrødene. Det kalles Det Hellige.",
        "3": "Og bak det andre forhenget var det rommet i Tabernakelet som blir kalt Det Aller Helligste.",
        "4": "Dette inneholdt et røkelsesalter av gull og paktens ark, som var kledd på alle sider med gull. I den var gullkrukken med manna, Arons stav som spirte, og paktens tavler.",
        "5": "Over den var herlighetens kjeruber. De overskygget soningsstedet. Dette kan vi ikke snakke om i detalj nå.",
        "6": "Da disse ting var blitt forberedt på denne måten, gikk prestene alltid inn i det fremste rommet av Tabernakelet og utførte tjenesten.",
        "7": "Men inn i det andre rommet gikk øverstepresten alene, én gang i året. Han gikk ikke uten blod, som han ofret for seg selv og for folkets synder, dem som var begått i uvitenhet.",
        "8": "På denne måten gir Den Hellige Ånd klart til kjenne at veien inn i Det Aller Helligste ennå ikke er blitt åpenbart så lenge det fremste teltet ennå har et forheng.",
        "9": "Dette er en lignelse inntil den tiden som er nå. Både gaver og offer blir båret fram, uten at de kan gjøre den som utførte tjenesten, fullkommen etter samvittigheten.",
        "10": "Dette er kjødelige forskrifter om mat og drikke og forskjellige renselser, som ble pålagt inntil den tiden da den rette ordningen skulle bli innført.",
        "11": "Men Kristus kom som Øversteprest for de kommende goder, og Han gikk gjennom det større og mer fullkomne telt, det som ikke er gjort med hender, det vil si, som ikke er av denne skapningen.",
        "12": "Ikke med blod av bukker og kalver, men med sitt eget blod, gikk Han inn i Det Aller Helligste én gang for alle og fant en evig forløsning.",
        "13": "For om blodet av okser og bukker og asken av en kvige helliger til kjødets renhet når det blir stenket på de urene,",
        "14": "hvor mye mer skal ikke da Kristi blod, Han som ved en evig Ånd bar seg selv fram uten feil for Gud, rense deres samvittighet fra døde gjerninger, så dere kan tjene Den levende Gud?",
        "15": "Derfor er Han den nye paktens Mellommann ved den død som fant sted til forløsning fra overtredelsene under den første pakt, slik at de som er kalt, kan få oppfylt løftet om den evige arven.",
        "16": "Der det er et testamente, er det også nødvendig å få bekreftet at den som opprettet testamentet, er død.",
        "17": "For et testamente får først gyldighet ved død, ettersom det aldri trer i kraft så lenge den som satte det opp, er i live.",
        "18": "Derfor ble heller ikke den første pakten innviet uten blod.",
        "19": "For da Moses hadde talt til hele folket om hvert bud etter loven, tok han blodet av kalver og bukker, sammen med vann, skarlagenfarget ull og isop, og stenket det både på selve Boken og på hele folket.",
        "20": "Han sa: «Dette er paktens blod, den pakt Gud har sluttet med dere.»",
        "21": "På samme måte stenket han så blod både på teltet og på alle karene som brukes i gudstjenesten.",
        "22": "Og etter loven blir nesten alle ting renset med blod, og uten blodsutgytelse blir det ingen tilgivelse.",
        "23": "Derfor var det nødvendig at etterligningene av de himmelske ting ble renset med slike offer, men de himmelske ting renses selv med bedre offer enn disse.",
        "24": "For Kristus gikk ikke inn i en Helligdom gjort med hender, som er et bilde av Den sanne Helligdom, men inn i selve Himmelen, for nå å åpenbares for Guds åsyn for vår skyld,",
        "25": "ikke slik at Han skulle ofre seg selv flere ganger, slik øverstepresten går inn i Det Aller Helligste hvert år med en annens blod.",
        "26": "Da måtte Han ha lidt mange ganger siden verdens grunnleggelse. Men nå, én gang ved tidsaldrenes slutt, er Han åpenbart for å ta bort synden ved å ofre seg selv.",
        "27": "Og som det er bestemt for menneskene én gang å dø, og deretter dom,",
        "28": "ble Kristus ofret én gang for å bære manges synder. For dem som venter på Ham med iver, skal Han vise seg for andre gang, uten å bære synd, til frelse."
    },
    "10": {
        "1": "For loven, som bare har en skygge av de kommende goder og ikke selve tingenes egen skikkelse, kan aldri med disse samme ofrene, som de stadig ofrer år etter år, gjøre dem fullkomne som bærer dem fram.",
        "2": "For ville de ikke da ha sluttet med å bære ofrene fram? For de som hadde del i denne tjenesten, og som én gang var renset, ville da ikke lenger ha synd på samvittigheten.",
        "3": "Men i disse ofringene ligger det hvert år en påminnelse om synder.",
        "4": "For det er ikke mulig at blodet av okser og bukker kan ta bort synder.",
        "5": "Derfor, idet Han kommer inn i verden, sier Han: «Offer og gave ville Du ikke ha, men en kropp har Du forberedt for Meg.",
        "6": "Brennoffer og syndoffer hadde Du ikke behag i.",
        "7": "Da sa Jeg: Se, Jeg kommer – i bokrullen er det skrevet om Meg – for å gjøre Din vilje, Gud.»",
        "8": "Først sier Han: «Offer og gave, brennoffer og syndoffer, ville Du ikke ha, og Du hadde heller ikke behag i dem» – det som altså etter loven blir båret fram.",
        "9": "Deretter sa Han: «Se, Jeg kommer for å gjøre Din vilje, Gud.» Han tar bort det første, så Han kan innsette det andre.",
        "10": "Ved denne viljen er vi blitt helliget ved ofringen av Jesu Kristi kropp én gang for alle.",
        "11": "Hver prest står daglig og gjør tjeneste, og bærer mange ganger fram de samme ofrene, som aldri kan ta bort synder.",
        "12": "Men etter at Han hadde båret fram ett evig offer for synder, satte Denne Presten seg ved Guds høyre hånd.",
        "13": "Fra da av venter Han inntil Hans fiender blir lagt som skammel under Hans føtter.",
        "14": "For ved ett offer har Han for all evighet gjort dem fullkomne som blir helliget.",
        "15": "Den Hellige Ånd vitner også om dette for oss. For etter at Han tidligere hadde sagt:",
        "16": "«Dette er pakten Jeg vil opprette med dem etter de dager, sier Herren: Jeg vil legge Mine lover i deres hjerter, og i deres sinn vil Jeg skrive dem.»",
        "17": "Og: «Deres synder og deres lovbrudd skal Jeg aldri minnes mer.»",
        "18": "Der det er tilgivelse for disse, behøves det ikke lenger noe offer for synd.",
        "19": "Derfor, søsken, har vi frimodighet til å gå inn i Helligdommen ved Jesu blod.",
        "20": "Vi har en ny og levende vei som Han har innviet for oss gjennom forhenget, det vil si Hans kjød.",
        "21": "Og siden vi har en Øversteprest over Guds hus,",
        "22": "så la oss komme nær med et sannferdig hjerte i troens fulle visshet, etter at vi har fått våre hjerter overstenket og på den måten blitt renset fra en ond samvittighet, og også fått våre kropper vasket med rent vann.",
        "23": "La oss uten å vakle holde fast ved bekjennelsen av vårt håp, for Han som ga løftet, er trofast.",
        "24": "Og la oss tenke på hverandre for å oppgløde til kjærlighet og gode gjerninger.",
        "25": "La oss ikke svikte vår egen forsamling, slik noen har for vane, men la oss formane hverandre, og det så mye mer som dere ser at Dagen nærmer seg.",
        "26": "For dersom vi synder med vilje etter at vi har lært sannheten å kjenne, da gis det ikke lenger noe offer for synder,",
        "27": "men bare en viss, skremmende forventning om dom og en brennende nidkjærhet som skal ødelegge dem som står imot.",
        "28": "Enhver som har brutt Moseloven, skal dø uten barmhjertighet på to eller tre vitners utsagn.",
        "29": "Hvor mye hardere straff tror dere ikke den skal bli funnet verdig til, som har trampet Guds Sønns blod under fot, vanhelliget paktsblodet som han ble helliget ved, og spottet nådens Ånd?",
        "30": "For vi kjenner Ham som sa: «Hevnen er Min, Jeg vil gjengjelde, « sier Herren. Og dessuten: «Herren skal dømme sitt folk.»",
        "31": "Det er forferdelig å falle i hendene på Den levende Gud.",
        "32": "Men husk de tidligere dager da dere holdt ut en stor og lidelsesfull kamp, etter at dere var blitt opplyst.",
        "33": "Dette skjedde dels ved at dere ble gjort til et skuespill både ved forakt og trengsler, og dels ved at dere delte kår med dem som ble behandlet slik.",
        "34": "For dere hadde medlidenhet med meg i mine lenker, og godtok med glede at deres gods ble plyndret. For dere visste at dere selv har en bedre eiendom, en som varer ved i Himlene.",
        "35": "Kast derfor ikke bort deres frimodighet, som har stor lønn.",
        "36": "For dere trenger utholdenhet for at dere, etter at dere har gjort Guds vilje, kan få del i løftet:",
        "37": "For enda er det bare en liten stund, så kommer Han som skal komme, og Han skal ikke drøye.",
        "38": "Men den som er rettferdig skal leve av tro. Men hvis noen drar seg unna, har Min sjel ikke behag i ham.",
        "39": "Men vi er ikke av dem som drar seg unna til fortapelse, men av dem som tror til sjelens frelse."
    },
    "11": {
        "1": "Tro er full tillit til det en håper på, overbevisning om det en ikke ser.",
        "2": "For ved den fikk de eldste godt vitnesbyrd.",
        "3": "Ved tro forstår vi at verden ble formet ved Guds Ord; at de ting som sees, ikke ble til av de synlige ting.",
        "4": "Ved tro bar Abel fram for Gud et mye bedre offer enn Kain. Ved den fikk han det vitnesbyrdet at han var rettferdig, idet Gud selv vitnet om gavene hans. Og ved den taler han ennå, selv om han er død.",
        "5": "Ved tro ble Henok tatt bort, så han ikke skulle se døden. Og han ble ikke funnet, for Gud hadde tatt ham bort. For før han ble tatt bort, hadde han fått det vitnesbyrdet at han var til behag for Gud.",
        "6": "Uten tro er det umulig å være til behag for Ham, for den som kommer til Gud, må tro at Han er til og at Han er en belønner av dem som søker Ham med iver.",
        "7": "Ved tro, etter å ha fått et guddommelig varsel om det som ennå ikke var synlig, bygde Noah i gudsfrykt en ark til frelse for sin husstand. Ved den fordømte han verden og ble arving til den rettferdighet som er av troen.",
        "8": "Ved tro var Abraham lydig da han ble kalt til å dra ut til det stedet han skulle få som arv. Og han dro, uten å vite hvor han kom.",
        "9": "Ved tro bodde han i løfteslandet, som i et fremmed land. Han bodde i telt sammen med Isak og Jakob, medarvinger med ham til det samme løftet.",
        "10": "For han ventet på byen, den som har grunnvollene, den by som har Gud til bygningsmann og skaper.",
        "11": "Ved tro fikk også Sara kraft til å unnfange en slekt, og hun fødte, selv om hun var kommet over den alderen da en føder, for hun regnet Ham for trofast som hadde lovt at dette skulle skje.",
        "12": "Derfor ble det også født fra én, og det fra en som var så godt som død, så mange som stjernene på himmelen, ja, utallige som sanden på havets strand.",
        "13": "Alle disse døde i tro, uten å ha fått det løftene talte om. Men de hadde sett det langt borte og stolte på det. De hilste det og bekjente at de var fremmede og utlendinger på jorden.",
        "14": "For de som taler slik, gir dermed åpent til kjenne at de søker et fedreland.",
        "15": "Hvis det var det landet de var kommet ut fra, de hadde hatt i tanke, ville de hatt mulighet til å vende tilbake.",
        "16": "Men nå lengter de etter et bedre, det vil si det himmelske. Derfor skammer ikke Gud seg over å bli kalt deres Gud, for Han har gjort byen i stand for dem.",
        "17": "Ved tro bar Abraham fram Isak da han ble satt på prøve. Han som hadde fått løftene, ofret sin enbårne sønn.",
        "18": "Om ham ble det sagt: «I Isak skal din slekt kalles. »",
        "19": "For han regnet med at Gud også var mektig til å reise ham opp fra de døde. Det var også derfra han fikk ham tilbake som i en lignelse.",
        "20": "Ved tro velsignet Isak Jakob og Esau med sikte på det som skulle komme.",
        "21": "Ved tro velsignet Jakob, da han lå for døden, hver og en av Josefs sønner, og han tilba mens han bøyde seg over hodet på staven sin.",
        "22": "Ved tro talte Josef, da han lå for døden, om Israelittenes utreise, og han ga påbud om hva som skulle gjøres med beina hans.",
        "23": "Ved tro ble Moses gjemt av sine foreldre i tre måneder etter at han var født, fordi de så at han var et vakkert barn. Og de fryktet ikke kongens befaling.",
        "24": "Ved tro nektet Moses da han var blitt stor, å kalles sønn av Faraos datter.",
        "25": "Han valgte heller å lide ondt sammen med Guds folk enn å ha en kortvarig nytelse av synden.",
        "26": "Han holdt Kristi vanære for en større rikdom enn skattene i Egypt. For han så fram til lønnen.",
        "27": "Ved tro forlot han Egypt, uten å frykte for kongens vrede. For han holdt ut, som om han så Ham som er Den usynlige.",
        "28": "Ved tro innstiftet han påsken med påstrykning av blod, for at han som ødela de førstefødte, ikke skulle røre dem.",
        "29": "Ved tro gikk de gjennom Rødehavet som på tørt land, mens egypterne druknet da de forsøkte å gjøre det samme.",
        "30": "Ved tro falt Jerikos murer etter at de hadde gått rundt dem i sju dager.",
        "31": "Ved tro slapp skjøgen Rahab å gå til grunne sammen med dem som ikke trodde, da hun hadde tatt imot speiderne med fred.",
        "32": "Og hva mer skal jeg si? Tiden ville ikke strekke til om jeg skulle fortelle om Gideon og Barak, Samson og Jefta, om David, Samuel og profetene.",
        "33": "Ved tro beseiret de kongeriker, utøvde rettferdighet, fikk løfter oppfylt, stoppet gapet på løver,",
        "34": "slokket sterk ild, unnslapp sverdets egg, ble gjort sterke etter svakhet, ble tapre i kamp og drev de fremmedes hærer på flukt.",
        "35": "Kvinner fikk sine døde igjen ved oppstandelse. Andre ble torturert, uten å ta imot befrielse, for at de kunne oppnå en bedre oppstandelse.",
        "36": "Andre igjen fikk prøvelser med spott og pisking, ja, også lenker og fengsel.",
        "37": "De ble steinet, saget i to, ble fristet, og slått i hjel med sverdet. De flakket omkring i saueskinn og geiteskinn. De led nød, ble plaget og pint,",
        "38": "og denne verden var dem ikke verd. De flakket omkring i ørkener og i fjellene, i huler og i jordens grotter.",
        "39": "Og alle disse, selv om de fikk godt vitnesbyrd ved troen, fikk ikke se oppfyllelsen av løftet.",
        "40": "For Gud hadde på forhånd utsett noe bedre for vår skyld, for at de ikke skulle bli fullendt uten oss."
    },
    "12": {
        "1": "Derfor skal også vi, siden vi er omgitt av en så stor sky av vitner, legge av enhver byrde og synden som så lett fanger oss, og løpe med utholdenhet i det løpet som er lagt foran oss,",
        "2": "mens vi ser på Jesus, troens opphavsmann og fullender. På grunn av den gleden som var lagt foran Ham, utholdt Han korset, aktet ikke på skammen og har nå satt seg ved høyre side av Guds trone.",
        "3": "Se på Ham som har holdt ut en slik motsigelse fra syndere, for at dere ikke skal bli trette og motløse i deres sjeler.",
        "4": "Dere har ennå ikke stått imot så det har ført til blodsutgytelse mens dere kjemper mot synden.",
        "5": "Dere har glemt formaningen som taler til dere som til sønner: Min sønn, forakt ikke Herrens formaning! Bli heller ikke motløs når du refses av Ham.",
        "6": "For den Herren elsker, formaner Han, og Han hudstryker hver sønn Han tar seg av.",
        "7": "Når dere må holde ut formaning, er det Gud som behandler dere som sønner. For hvilken sønn er det en far ikke formaner?",
        "8": "Men hvis dere er uten formaning, som alle har fått sin del av, da er dere uekte barn og ikke sønner.",
        "9": "Hvis vi har hatt menneskelige fedre som formante oss, og vi har hatt ærefrykt for dem, skal vi ikke da mye mer underordne oss åndenes Far og få leve?",
        "10": "For de andre formante oss i noen få dager, slik de syntes det var best. Men Han formaner til vårt beste, så vi kan få del i Hans hellighet.",
        "11": "Nå er det slik at ingen formaning synes å være til glede mens den står på; den er bare smertefull. Men etterpå skaper den rettferdighetens fredfulle frukt hos dem som er blitt oppdratt ved den.",
        "12": "Derfor, styrk de slappe hender og de matte knær,",
        "13": "og gjør stiene rette for føttene deres, slik at det halte ikke skal gå ut av ledd, men heller bli legt.",
        "14": "Jag etter fred med alle mennesker, og etter hellighet; uten den skal ingen se Herren.",
        "15": "Vær på vakt så ingen kommer bort fra Guds nåde, for at ingen bitterhetens rot skal vokse opp og gjøre skade, så mange blir smittet av den.",
        "16": "Vær også på vakt slik at ingen er en horkar eller vanhellig som Esau, som solgte førstefødselsretten sin for en matrett.",
        "17": "Dere vet at han etterpå, da han ville arve velsignelsen, ble forkastet. For han fant ikke noe rom for omvendelse, selv om han inderlig søkte den med tårer.",
        "18": "For dere er ikke kommet til et fjell som en kan ta på, og som brant med ild, til skodde, mørke og storm",
        "19": "til basunlyd og røsten av ord, slik at de som hørte den, ba om at ordet ikke måtte bli talt mer til dem.",
        "20": "For de kunne ikke holde ut det som ble befalt: «Og om bare et dyr rører ved fjellet, skal det bli steinet eller skutt med en pil.»",
        "21": "Så skremmende var synet at Moses sa: «Jeg er forferdet og skjelver.»",
        "22": "Men dere er kommet til Sions berg og til Den levende Guds by, det himmelske Jerusalem, til en talløs skare av engler,",
        "23": "til festforsamlingen og menigheten av de førstefødte som er oppskrevet i Himlene, til Gud, alles Dommer, og til de fullendte rettferdiges ånder,",
        "24": "til Jesus, Mellommannen for den nye pakt, og til renselsens blod som taler bedre enn Abels blod.",
        "25": "Se til at dere ikke avviser Ham som taler. For hvis de som avviste Ham som talte på jorden, ikke slapp unna, er det enda større grunn til at vi ikke skal slippe unna, hvis vi vender oss bort fra Ham som taler fra Himlene.",
        "26": "Hans røst rystet jorden den gang. Men nå har Han lovt og sagt: «Enda en gang ryster Jeg ikke bare jorden, men også himmelen.»",
        "27": "Dette: «Enda en gang» gjør det klart at de ting som blir rystet, skal bli borte fordi de er lagd, for at de ting som ikke kan rystes, alltid skal bestå.",
        "28": "Derfor, siden vi får et rike som ikke kan rokkes, så la oss ta vare på nåden. Ved den kan vi stå i en velbehagelig tjeneste for Gud med ærbødighet og gudsfrykt.",
        "29": "For vår Gud er en fortærende ild."
    },
    "13": {
        "1": "La broderkjærligheten vare ved!",
        "2": "Glem ikke gjestfriheten, for ved den har noen hatt engler på besøk uten å vite det.",
        "3": "Husk på fangene, som om dere var lenket sammen med dem, dem som blir mishandlet, siden dere selv også er i kroppen.",
        "4": "Ekteskapet skal holdes i ære blant alle, og ektesengen usmittet, for horkarer og ekteskapsbrytere skal Gud dømme.",
        "5": "La deres ferd være uten pengekjærhet! Vær fornøyd med det dere har! For Han har selv sagt: «Jeg skal aldri forlate deg og aldri svikte deg.»",
        "6": "Derfor kan vi frimodig si: «Herren er min hjelper. Jeg skal ikke frykte. Hva kan et menneske gjøre meg?»",
        "7": "Husk på deres veiledere, dem som har talt Guds Ord til dere. Følg etter deres tro og legg merke til utgangen av deres ferd!",
        "8": "Jesus Kristus er i går og i dag den samme, ja, til evig tid.",
        "9": "La dere ikke drive omkring av de mange forskjellige og fremmede lærdommer. For det er nødvendig at hjertet blir grunnfestet i nåden, ikke i lære om forskjellig slags mat, som ikke har gagnet dem som har vært opptatt av slikt.",
        "10": "Vi har et alter, og de som tjener i Tabernakelet, har ingen rett til å ete av det.",
        "11": "For offerdyrenes kadavre blir brent utenfor leiren etter at øverstepresten har båret blodet deres inn i helligdommen til sonoffer.",
        "12": "Derfor led også Jesus utenfor porten, for at Han kunne hellige folket med sitt eget blod.",
        "13": "La oss derfor gå bort til Ham, utenfor leiren, for å bære Hans vanære.",
        "14": "For her har vi ingen blivende by, men vi søker den kommende.",
        "15": "La oss derfor, ved Ham, alltid bære fram lovprisningsoffer for Gud, det vil si frukt av lepper som lover Hans navn.",
        "16": "Glem ikke å gjøre godt og å dele med andre, for Gud har behag i slike offer.",
        "17": "Dere skal lyde deres veiledere og rette dere etter dem, for de våker over deres sjeler, og skal en gang avlegge regnskap. La dem gjøre det med glede og ikke med sorg, for det ville ikke være til noen nytte for dere.",
        "18": "Be for oss! For vi er overbevist om at vi har en god samvittighet og i alle ting vil vi leve rett.",
        "19": "Men jeg formaner dere inderlig om å gjøre dette, så jeg desto snarere kan bli gitt tilbake til dere.",
        "20": "Må nå fredens Gud, Han som i kraft av en evig pakts blod førte vår Herre Jesus Kristus, sauenes store Hyrde, opp fra de døde,",
        "21": "må Han gjøre dere sterke til all god gjerning, slik at dere gjør Hans vilje, som virker i dere det som er til behag for Ham, ved Jesus Kristus. Ham tilhører æren i all evighet. Amen.",
        "22": "Og jeg ber dere, søsken, om å ta vare på dette formaningsordet, for jeg har skrevet til dere med få ord.",
        "23": "Dere skal vite at vår bror Timoteus er satt fri, og sammen med ham vil jeg se dere, hvis han kommer snart.",
        "24": "Hils alle deres veiledere og alle de hellige! De fra Italia hilser dere.",
        "25": "Nåde være med dere alle! Amen."
    }
}