{
    "1": {
        "1": "Պողոսը՝ Աստծու կամքով Հիսուս Քրիստոսի առաքյալը, և Տիմոթեոս եղբայրը՝",
        "2": "Կողոսայում ապրող սրբերին ու հավատացյալ եղբայրներին ի Քրիստոս։",
        "3": "Շնո՜րհ ձեզ և խաղաղությո՜ւն մեր Հայր Աստծուց։ Ամեն անգամ, ձեզ համար աղոթելով, գոհություն ենք հայտնում Աստծուն՝ մեր Տեր Հիսուս Քրիստոսի Հորը՝",
        "4": "լսելով Հիսուս Քրիստոսի հանդեպ ունեցած ձեր հավատի և բոլոր սրբերի հանդեպ ունեցած ձեր սիրո մասին,",
        "5": "այն հույսի համար, որ վերապահված է ձեզ երկնքում։ Այդ հույսի մասին նախապես լսեցիք Ավետարանի՝ ճշմարիտ խոսքի միջոցով,",
        "6": "որ հասավ մինչև ձեզ, ինչպես նաև աճում ու պտղաբերում է ամբողջ աշխարհում, այնպես, ինչպես և ձեր մեջ, այն օրից սկսած, երբ լսեցիք ու ճշմարտապես ճանաչեցիք Աստծու շնորհը,",
        "7": "ինչպես որ սովորեցիք Եպափրասից՝ մեր սիրելի ծառայակցից, որը Հիսուսի հավատարիմ ծառան է ձեզ համար։",
        "8": "Նա պատմեց մեզ ձեր մեջ Հոգու արթնացրած սիրո մասին։",
        "9": "Դրա համար մենք էլ այն օրվանից, երբ լսեցինք, չենք դադարում ձեզ համար աղոթելուց և Աստծուն աղաչանքներ մատուցելուց, որպեսզի իր կամքի կատարյալ գիտությունը տա ձեզ՝ ամեն տեսակ իմաստությամբ և հոգևոր իմացությամբ՝",
        "10": "ապրելու Տիրոջն արժանի և ամեն ինչում նրան հաճելի ձևով, պտղաբեր դառնալու բոլոր բարի գործերում և աճելու Աստծու գիտությամբ։",
        "11": "Ամբողջապես զորացած նրա փառքի զորությամբ՝ կկարողանաք լիարժեք համբերությամբ ու ուրախությամբ ամեն նեղություն տանել։",
        "12": "Գոհություն Հորը, որ մեզ արժանացրեց մասնակից դառնալու սրբերի վիճակին լույսի մեջ։",
        "13": "Նա ազատեց մեզ խավարի իշխանությունից և մեզ փոխադրեց իր սիրելի Որդու արքայությունը,",
        "14": "որով ունենք փրկություն նրա արյամբ և մեղքերի թողություն՝ նրա մարմնով։",
        "15": "Նա աներևույթ Աստծու պատկերն է, ծնված բոլոր արարածներից առաջ։",
        "16": "Որովհետև նրանով ստեղծվեց այն ամենը, ինչ երկնքում է և երկրի վրա, ինչ երևում է և ինչ չի երևում՝ թե՛ գահեր, թե՛ տերություններ, թե՛ պետություններ, թե՛ իշխանություններ։ Ամեն ինչ նրանով և նրա համար ստեղծվեց։",
        "17": "Նա է ամեն ինչից առաջ, և ամեն ինչ նրանով է ամբողջական։",
        "18": "Նա է գլուխը մարմնի՝ եկեղեցու։ Նա է սկիզբը, անդրանիկը՝ մեռելներից, որպեսզի ամեն ինչում ինքը լինի առաջնային.",
        "19": "որովհետև Աստծուն հաճելի եղավ, որ Աստվածության ամբողջությունը նրա մեջ բնակվի",
        "20": "և նրանով իր հետ հաշտեցնի ամեն ինչ՝ խաղաղություն հաստատելով խաչի վրա թափված նրա արյամբ և՛ երկրի վրա, և՛ երկնքի մեջ։",
        "21": "Ձեզ էլ, որ մի ժամանակ Աստծուց օտարացած էիք և թշնամի ձեր մտածումներով,",
        "22": "այժմ ահա հաշտեցրեց իր մարմնով, իր մահվան միջոցով, որպեսզի ձեզ նրա առաջ ներկայացնի մաքուր, անբիծ և անարատ,",
        "23": "եթե միայն ամուր ու անսասան մնաք հավատի մեջ և չհեռանաք այն հույսից, որ ունեցաք Ավետարանը լսելով։ Այդ Ավետարանը քարոզվում է երկնքի տակ գտնվող բոլոր արարածներին, որի սպասավորը դարձա ես՝ Պողոսս։",
        "24": "Եվ հիմա ուրախ եմ չարչարանքներիս մեջ ձեզ համար և մարմնիս մեջ ամբողջացնում եմ Քրիստոսի նեղությունների պակասն ի նպաստ նրա մարմնի, որ եկեղեցին է։",
        "25": "Ես՝ Պողոսս, եկեղեցու սպասավոր եղա ըստ Աստծու տնօրինության, որ տրված է ինձ՝ ձեր մեջ ամբողջությամբ քարոզելու Աստծու խոսքը,",
        "26": "այն խորհուրդը, որ ծածկված էր դարեր և սերունդներ շարունակ, որ այժմ հայտնվեց իր սրբերին։",
        "27": "Աստված ուզեց ցույց տալ նրանց այդ խորհրդի փառավոր հարստությունը հեթանոսների մեջ, այսինքն՝ Քրիստոսը՝ փառքի հույսը, ձեր մեջ։",
        "28": "Մենք Քրիստոսն ենք քարոզում, խրատում ենք ամեն մարդու և ուսուցանում ենք ամեն մարդու ամենայն հոգևոր իմաստությամբ, որպեսզի ամեն մարդու կատարյալ դարձնենք Քրիստոս Հիսուսով։",
        "29": "Դրա համար աշխատում ու պայքարում եմ՝ նրա ուժի համեմատ, որ գործում է իմ մեջ զորությամբ։"
    },
    "2": {
        "1": "Ուզում եմ, որ դուք գիտենաք, թե ինչպիսի նեղություն եմ կրում ձեր և լաոդիկեցիների համար, ինչպես նաև բոլոր նրանց համար, ովքեր ինձ չեն տեսել անձնապես,",
        "2": "որպեսզի նրանց սրտերը մխիթարվեն՝ միանալով սիրով, և կատարյալ իմաստություն ձեռք բերեն՝ ամբողջական հարստությամբ, ճանաչելով Աստծու խորհուրդը, որ հայտնված է Քրիստոս Հիսուսով,",
        "3": "որի մեջ պահված են գիտության ու իմաստության բոլոր գանձերը։",
        "4": "Սա ասում եմ, որ ոչ ոք ձեզ չմոլորեցնի հրապուրիչ խոսքերով,",
        "5": "որովհետև, թեև հեռու եմ մարմնով, բայց հոգով ձեզ հետ եմ. ուրախանում եմ, երբ տեսնում եմ ձեր կանոնավոր ընթացքը և Քրիստոս Հիսուսի հանդեպ ունեցած ձեր ամուր հավատը։",
        "6": "Ինչպես ընդունեցիք Քրիստոս Հիսուսին՝ Տիրոջը, շարունակե՛ք ընթանալ նրանով՝",
        "7": "արմատավորված ու շինված նրա վրա և հաստատված այն հավատի մեջ, որ ուսանեցիք՝ անդադար նրան գոհություն հայտնելով։",
        "8": "Զգո՛ւյշ եղեք, որ որևէ մեկը ձեզ չհրապուրի իմաստասիրական տեսություններով և սնոտի խաբեությամբ, որոնք մարդկային ավանդության ու բնության տարերային ուժերի վրա են հիմնված և ոչ թե Հիսուս Քրիստոսի ճշմարիտ վարդապետության,",
        "9": "որովհետև Քրիստոսի մեջ է մարմնապես բնակվում Աստվածության ամբողջ լիությունը։",
        "10": "Դուք էլ նրանով լցվեցիք, որ գլուխն է ամեն իշխանության ու պետության։",
        "11": "Նրանով թլփատվեցիք հավատով՝ անձեռագործ թլփատությամբ, Քրիստոսի թլփատությամբ՝ մերկանալով մեղանչական մարմնից,",
        "12": "Մկրտվելով թաղվեցիք նրա հետ, դրանով էլ նրա հետ հարություն առաք՝ Աստծու զորությանը հավատալով, որ նրան հարություն տվեց մեռելներից։",
        "13": "Նրա հետ Աստված կենդանացրեց նաև ձեզ, որ մի ժամանակ մեռած էիք ձեր մեղքերի և մարմնի անթլփատության պատճառով։ Աստված ներեց մեր բոլոր հանցանքները",
        "14": "և ջնջեց մեր օրինազանցության համար մեր դեմ արձակված դատավճռի ձեռագիրը, վերացրեց այն մեջտեղից և մեխեց խաչափայտին։",
        "15": "Իշխանություններին ու պետություններին զինաթափ արեց, հրապարակավ խայտառակեց՝ նրանց պարտության մատնելով Քրիստոսի միջոցով՝ նրա հարության ժամանակ։",
        "16": "Ուստի ոչ ոք ձեզ թող չդատապարտի ուտելու կամ խմելու, տոնական օրերի, նորալուսնի կամ շաբաթի հարցում,",
        "17": "որոնք գալիքի ստվերներն են, իսկ մարմինը Քրիստոսն է։",
        "18": "Չլինի թե որևէ մեկը ձեզ խաբի կեղծ խոնարհությամբ, հրեշտակների պաշտամունքով, դատարկ բանի հետևելով, անտեղի հպարտանալով մարմնական մտածումներով։",
        "19": "Այդպիսի մեկը կապ չունի գլխի՝ Քրիստոսի հետ, որից ամբողջ մարմինը, հոդերով ու խաղերով կապված ու միացած, ստանում է իր աճումը, որ Աստծուց է։",
        "20": "Եթե մեռաք Քրիստոսի հետ և բնության տարերային ուժերի իշխանությունից դուրս եկաք, ինչո՞ւ եք այս աշխարհում ապրողների նման հետևում մարդկանց կողմից տրված պատվիրաններին ու վարդապետություններին.",
        "21": "«Մի՛ մոտեցիր, մի՛ ճաշակիր, մի՛ դիպչիր»,",
        "22": "բաներ, որոնք նախատեսված են սպառման համար,",
        "23": "որոնք իմաստության համբավ ունեն՝ ինքնակամ պաշտամունքով, խոնարհությամբ, մարմնի խստակեցությամբ, բայց արժեք չունեն և ծառայում են մարմինը բավարարելուն։"
    },
    "3": {
        "1": "Եթե հարություն առաք Քրիստոսի հետ, ապա փնտրե՛ք վերին բաները, որտեղ Քրիստոսն է՝ նստած Աստծու աջ կողմը։",
        "2": "Վերի՛ն բաների մասին խորհեք և ոչ թե այն բաների, որ այստեղ՝ երկրի վրա են,",
        "3": "որովհետև մեռաք, և ձեր կյանքը ծածկված է Քրիստոսի հետ՝ Աստծու մեջ։",
        "4": "Իսկ երբ Քրիստոսը՝ ձեր կյանքը, հայտնվի, այն ժամանակ դուք էլ նրա հետ կհայտնվեք փառքով։",
        "5": "Սպանե՛ք, ուրեմն, ձեր երկրավոր ցանկությունները՝ պոռնկությունը, պղծությունը, կիրքը, չար ցանկությունը և ագահությունը, որ կռապաշտություն է,",
        "6": "որոնց պատճառով Աստծու բարկությունն է գալիս անհնազանդ որդիների վրա։",
        "7": "Դուք նույնպես մի ժամանակ այդպես էիք ընթանում, երբ ապրում էիք այդ ցանկություններով։",
        "8": "Այժմ դուք ևս թոթափե՛ք այդ ամենը՝ բարկությունը, զայրույթը, չարությունը, հայհոյությունը և խեղկատակությունը ձեր բերաններից։",
        "9": "Մի՛ ստեք միմյանց։ Ձեր վրայից հանե՛ք հին մարդուն իր գործերով",
        "10": "և հագե՛ք նորը՝ նորոգված գիտությամբ, իր Արարչի պատկերի համաձայն։",
        "11": "Այստեղ այլևս չկա ո՛չ հրեա, ո՛չ էլ հեթանոս, թլփատություն կամ անթլփատություն, բարբարոս, սկյութացի, ծառա, ազատ, այլ Քրիստոսն է ամեն ինչ և ամեն ինչի մեջ։",
        "12": "Որպես Աստծու ընտրյալներ, սրբեր և սիրելիներ՝ այսուհետև հագե՛ք գութ, ողորմություն, քաղցրություն, խոնարհություն, հեզություն, համբերատարություն՝",
        "13": "հանդուրժելով միմյանց, ներելով փոխադարձաբար, եթե մեկը մյուսի դեմ գանգատ ունի։ Ինչպես Աստված Քրիստոսով ներեց ձեզ, այնպես էլ դուք ներե՛ք իրար։",
        "14": "Եվ այս բոլորի վրա ունեցե՛ք սերը, որ կապն է կատարելության։",
        "15": "Եվ ձեր սրտերում թող թագավորի Քրիստոսի խաղաղությունը, որին և կանչվեցիք մեկ մարմնի մեջ։ Եվ գոհությո՛ւն մատուցեք։",
        "16": "Թող Քրիստոսի խոսքը բնակվի ձեր մեջ առատապես, որպեսզի կատարյալ իմաստությամբ ուսուցանեք և խրատեք միմյանց, սաղմոսներով, օրհնություններով, հոգևոր երգերով և ձեր սրտերում երախտագիտությամբ օրհնեք Աստծուն։",
        "17": "Եվ ինչ էլ որ անեք՝ խոսքով թե գործով, ամեն ինչ արե՛ք Տեր Հիսուսի անունով։ Գոհությո՛ւն մատուցեք նրա միջոցով Աստծուն՝ Հորը։",
        "18": "Կանա՛յք, հնազա՛նդ եղեք ձեր ամուսիններին, ինչպես որ վայել է Տիրոջով։",
        "19": "Տղամարդի՛կ, սիրե՛ք ձեր կանանց և մի՛ դառնացրեք նրանց։",
        "20": "Որդինե՛ր, ամեն բանով հնազա՛նդ եղեք ձեր ծնողներին, որովհետև դա է հաճելի Տիրոջը։",
        "21": "Հայրե՛ր, մի՛ զայրացրեք ձեր որդիներին, որ չհուսալքվեն։",
        "22": "Ծառանե՛ր, ամեն բանով հնազա՛նդ եղեք ձեր երկրավոր տերերին, ոչ թե ցուցադրական ծառայությամբ, կեղծավորաբար, այլ անկեղծ սրտով՝ երկյուղ կրելով Տիրոջից։",
        "23": "Ինչ էլ որ անեք, սրտա՛նց արեք, ինչպես կանեիք Տիրոջ համար և ոչ թե մարդկանց։",
        "24": "Իմացե՛ք, որ Տիրոջից կստանաք ձեզ խոստացված հատուցումը, որովհետև Տիրոջը՝ Քրիստոսին եք ծառայում։",
        "25": "Իսկ անիրավն իր անիրավության համաձայն հատուցում կստանա, քանի որ Աստծու առաջ աչառություն չկա։"
    },
    "4": {
        "1": "Տերե՛ր, ձեր ծառաների հետ վարվե՛ք ուղղամտությամբ և արդարությամբ։ Իմացե՛ք, որ դուք էլ Տեր ունեք երկնքում։",
        "2": "Մշտապես աղոթե՛ք և արթուն հսկե՛ք աղոթքի մեջ՝ գոհություն մատուցելով։",
        "3": "Միաժամանակ աղոթե՛ք նաև մեզ համար, որպեսզի Աստված մեր առաջ բացի քարոզության դուռը, որ կարողանանք ավետել Քրիստոսի խորհուրդը, որի համար էլ կապանքների մեջ եմ,",
        "4": "որպեսզի հայտնի դարձնեմ այդ խորհուրդը՝ խոսելով այնպես, ինչպես որ պետք է։",
        "5": "Իմաստությա՛մբ վարվեք ոչ քրիստոնյաների հետ՝ օգտագործելով առիթը։",
        "6": "Եվ ձեր խոսքը թող միշտ լի լինի Տիրոջ շնորհով, ասես աղով համեմված, որպեսզի իմանաք, թե ինչպե՛ս պետք է պատասխանեք յուրաքանչյուրին։",
        "7": "Իսկ ինչ վերաբերում է ինձ, ամեն ինչ ձեզ կպատմի Տյուքիկոսը՝ սիրելի եղբայրը, հավատարիմ սպասավորը և ծառայակիցը Տիրոջով։",
        "8": "Նրան ձեզ մոտ ուղարկեցի դրա համար, որ իմանաք մեր մասին, և նա մխիթարի ձեր սրտերը։",
        "9": "Նրա հետ կգա նաև Օնեսիմոսը՝ հավատարիմ ու սիրելի եղբայրը, որ ձեր հայրենակիցն է։ Նրանք ձեզ կպատմեն այստեղի անցուդարձը։",
        "10": "Ձեզ ողջունում է Արիստարքոսը՝ իմ բանտակիցը, ինչպես նաև Մարկոսը՝ Բառնաբասի եղբորորդին, որի մասին հրահանգ եք ստացել. եթե ձեզ մոտ գա, ընդունե՛ք նրան.",
        "11": "ողջունում է նաև Հիսուսը՝ Հուստոս կոչվածը։ Թլփատվածներից միայն սրանք գործակից եղան ինձ Աստծու արքայության համար և դրանով իսկ մխիթարություն եղան ինձ համար։",
        "12": "Ողջունում է ձեզ Եպափրասը՝ ձեր հայրենակիցը, Հիսուս Քրիստոսի ծառան, որ իր աղոթքներով շարունակ տքնում է ձեզ համար, որպեսզի մնաք կատարյալ և լիովին գործադրեք Աստծու կամքը։",
        "13": "Վկայում եմ նրա մասին, որ շատ է տքնում ձեր և լաոդիկեցիների համար, ինչպես նաև բոլոր նրանց համար, որ Երապոլսում են։",
        "14": "Ողջունում է ձեզ Ղուկասը՝ սիրելի բժիշկը, ինչպես նաև Դեմասը։",
        "15": "Ողջունե՛ք այն եղբայրներին, որ գտնվում են Լաոդիկիայում, Նիմփային ու նրա տանը հավաքվող եկեղեցուն։",
        "16": "Երբ այս նամակն ընթերցվի ձեզ մոտ, այնպե՛ս արեք, որ լաոդիկեցիների եկեղեցում ևս ընթերցվի, իսկ լաոդիկեցիներին ուղարկված նամակն էլ դո՛ւք ընթերցեք։",
        "17": "Արքիպպոսին ասացե՛ք. «Զգո՛ւյշ եղիր այն սպասավորության համար, որ ստացար Տիրոջով, որպեսզի այն ավարտին հասցնես»։",
        "18": "Այս ողջույնն իմ՝ Պողոսիս ձեռքով է գրվում։ Հիշե՛ք կապանքներս։ Շնորհը ձեզ հետ լինի։"
    }
}