{
    "1": {
        "1": "Պողոսը, Սիղվանոսը և Տիմոթեոսը՝ թեսաղոնիկեցիների եկեղեցուդ՝ մեր Հայր Աստծով և Տեր Հիսուս Քրիստոսով։ Շնո՜րհ ձեզ և խաղաղությո՜ւն։",
        "2": "Միշտ գոհություն ենք հայտնում Աստծուն ձեր բոլորի համար՝ հիշելով մեր աղոթքների մեջ։",
        "3": "Աստծու և մեր Հոր առջև անդադար հիշում ենք ձեր գործնական հավատը, վաստակաշատ սերը և մեր Տեր Հիսուս Քրիստոսի հանդեպ ունեցած հարատև հույսը։",
        "4": "Գիտեք, Աստծուց սիրվա՛ծ եղբայրներ, ձեր ընտրված լինելու մասին,",
        "5": "որովհետև մեր Ավետարանը ձեր մեջ չտարածվեց միայն խոսքով, այլ նաև զորությամբ, Սուրբ Հոգով և կատարյալ վստահությամբ, ինչպես նաև գիտեք, թե ինչպե՛ս ապրեցինք ձեր մեջ ձեզ համար։",
        "6": "Եվ դուք, նմանվելով մեզ և Տիրոջը, Սուրբ Հոգու պարգևած ուրախությամբ ընդունեցիք Խոսքը սաստիկ նեղության մեջ՝",
        "7": "օրինակ դառնալով Մակեդոնիայում և Աքայիայում գտնվող բոլոր հավատացյալների համար։",
        "8": "Արդարև, Աստծու Խոսքը ձեր միջոցով թնդաց ոչ միայն Մակեդոնիայում և Աքայիայում, այլև Աստծու հանդեպ ձեր ունեցած հավատը սփռվեց ամենուրեք, ուստի կարիք չունենք այդ մասին խոսելու,",
        "9": "որովհետև հենց մարդիկ իրենք են պատմում մեր մասին, թե ինչպե՛ս եղավ մեր մուտքը ձեր մեջ, և թե ինչպե՛ս կուռքերից դարձաք դեպի Աստված՝ ծառայելու կենդանի ու ճշմարիտ Աստծուն",
        "10": "և երկնքից սպասելու նրա Որդուն, որին նա հարություն տվեց մեռելներից, Հիսուսին, որ փրկելու է մեզ գալիք բարկությունից։"
    },
    "2": {
        "1": "Եղբայրնե՛ր, դուք ինքներդ գիտեք, որ իզուր չեղավ մեր մուտքը ձեր մեջ։",
        "2": "Այլ, ինչպես լավ գիտեք, նախ Փիլիպպեում չարչարվելուց և անարգվելուց հետո մեր Աստծով համարձակություն ունեցանք ձեզ քարոզելու Աստծու Ավետարանը՝ մեծ ընդդիմության հանդիպելով։",
        "3": "Արդարև, մեր հորդորը ո՛չ մոլորության վրա է հիմնված, ո՛չ պղծության, ո՛չ էլ նենգամտությամբ է։",
        "4": "Այլ, ինչպես որ Աստված մեզ ընտրեց՝ վստահելու Ավետարանը, այնպես էլ քարոզում ենք՝ հաճելի լինելու ոչ թե մարդկանց, այլ Աստծուն, որ քննում է մեր սրտերը։",
        "5": "Երբևէ ձեզ չներկայացանք ո՛չ շողոքորթ խոսքերով, ինչպես լավ գիտեք, ո՛չ ագահության մտադրությամբ, ինչպես Աստված է վկա,",
        "6": "ո՛չ էլ որևէ մեկից փառք փնտրեցինք՝ ո՛չ ձեզնից, ո՛չ էլ ուրիշներից։",
        "7": "Որպես Քրիստոսի առաքյալներ՝ կարող էինք ծանրություն դառնալ ձեզ վրա, բայց ձեր մեջ համեստ եղանք։ Ճիշտ ինչպես ստնտուն, որ մանուկների է կերակրում,",
        "8": "այնպես էլ մենք ձեզ վերաբերվեցինք գորովանքով. ոչ միայն պատրաստ էինք ձեզ տալ Աստծու Ավետարանը, այլև մեր իսկ կյանքը, քանի որ մեզ սիրելիներ դարձաք։",
        "9": "Եղբայրնե՛ր, հիշե՛ք մեր վաստակն ու ջանքը, որ գիշեր-ցերեկ աշխատում էինք՝ ձեզնից որևէ մեկի վրա ծանրություն չլինելու համար, և ձեզ քարոզում էինք Աստծու Ավետարանը։",
        "10": "Դուք ինքներդ վկա եք, վկա է նաև Աստված, թե ինչպիսի մաքրությամբ, արդարությամբ և անթերի ձևով վերաբերվեցինք ձեզ՝ հավատացյալներիդ։",
        "11": "Ինչպես լավ գիտեք, ձեզնից յուրաքանչյուրին, ինչպես հայրն իր որդիներին,",
        "12": "հորդորում ու սփոփում էինք և աղաչում, որ դուք ապրեք Աստծուն արժանի կերպով, որ կանչեց ձեզ իր արքայությանը և փառքին։",
        "13": "Դրա համար էլ մենք չենք դադարում Աստծուն գոհություն հայտնելուց, որովհետև Աստծու խոսքի քարոզությունը մեզնից լսելով՝ այն ընդունեցիք ոչ որպես մարդկանց խոսք, այլ ինչպես ճշմարիտ է, որպես Աստծու խոսք, որը և ներգործում է ձեր՝ հավատացյալներիդ մեջ։",
        "14": "Եղբայրնե՛ր, դուք, արդարև, նմանվեցիք Աստծու այն եկեղեցիներին, որ Հրեաստանում են Քրիստոս Հիսուսով, որովհետև դուք ևս չարչարանքների ենթարկվեցիք ձեր հայրենակիցների կողմից, ինչպես որ նրանք՝ հրեաների կողմից,",
        "15": "որոնք սպանեցին Տեր Հիսուսին ու մարգարեներին, հալածեցին նաև մեզ և Աստծու աչքից ընկան ու բոլոր մարդկանց թշնամի դարձան։",
        "16": "Արգելում էին մեզ քարոզել հեթանոսներին փրկության համար և այդպիսով շարունակ ամբողջացնում են իրենց մեղքի չափը։ Բայց արդեն նրանց վրա է հասել բարկությունը մինչև վերջ։",
        "17": "Ինչ վերաբերում է մեզ, եղբայրնե՛ր, թեպետ միառժամանակ որբ մնացինք ձեզնից, այսինքն՝ հեռու մարմնով, բայց ո՛չ սրտով, մեծ ցանկությամբ առավել ջանք գործադրեցինք ձեր երեսը տեսնելու։",
        "18": "Դրա համար, ես՝ Պողոսս, մեկ անգամ, ավելին՝ երկու անգամ կամեցա գալ ձեզ մոտ, բայց սատանան խոչընդոտեց մեզ։",
        "19": "Արդարև, մեր Տեր Հիսուս Քրիստոսի առաջ նրա գալստյան ժամանակ ո՞վ է մեր հույսը կամ ուրախությունը կամ պարծանքի պսակը, եթե ոչ դուք։",
        "20": "Դուք եք մեր փառքն ու ուրախությունը։"
    },
    "3": {
        "1": "Ահա թե ինչու այլևս չհամբերելով՝ որոշեցինք առանձին մնալ Աթենքում,",
        "2": "իսկ Տիմոթեոսին՝ մեր եղբորն ու Աստծու գործակցին Քրիստոսի Ավետարանի մեջ ուղարկեցինք՝ ձեզ ամրապնդելու և քաջալերելու ձեր հավատի մեջ,",
        "3": "որպեսզի չխոտորվեք այս նեղությունների մեջ։ Որովհետև դուք ինքներդ գիտեք, որ ճիշտ այս բանի համար ենք սահմանված։",
        "4": "Երբ ձեզ մոտ էինք, նախապես ձեզ ասում էինք, որ նեղություններ են հասնելու մեզ վրա, ինչպես որ իրականում եղավ, և տեսաք։",
        "5": "Դրա համար ես էլ, չկարողանալով այլևս համբերել, մարդ ուղարկեցի՝ տեղեկանալու ձեր հավատի մասին, այն մտավախությամբ, որ փորձիչը գուցե ձեզ էլ է փորձել, և մեր աշխատանքն իզուր է անցել։",
        "6": "Բայց հիմա, երբ Տիմոթեոսը ձեր մոտից մեզ մոտ եկավ և ձեր հավատի ու սիրո բարի լուրն ավետեց մեզ, և որ միշտ մեր բարի հիշատակն եք պահում ձեր մտքում և ցանկանում եք մեզ տեսնել, ինչպես որ մենք էլ ձեզ,",
        "7": "եղբայրնե՛ր, ձեր մասին մեր բոլոր վշտերի ու նեղությունների մեջ մխիթարվեցինք ձեր հավատով,",
        "8": "որովհետև հիմա մենք կյանք ենք ունենում, երբ դուք հաստատ եք մնում Տիրոջով։",
        "9": "Ինչպիսի՞ գոհություն կարող ենք մատուցել Աստծուն ձեզ համար, այն ամբողջ ուրախության համար, որ ունեցանք Աստծու առաջ ձեզ համար։",
        "10": "Գիշեր-ցերեկ թախանձագին աղոթում ենք, որ կարողանանք տեսնել ձեր երեսը և լրացնենք այն, ինչ պակասում է ձեր հավատին։",
        "11": "Սակայն Աստված ինքը՝ մեր Հայրը, և մեր Տերը՝ Հիսուս Քրիստոսը, թող ուղղեն մեր ճանապարհը դեպի ձեզ։",
        "12": "Եվ Տերն ինքը թող աճեցնի և առատացնի ձեր սերը միմյանց և բոլորի հանդեպ, ինչպես որ մերն էլ՝ ձեր հանդեպ,",
        "13": "որպեսզի ձեր սրտերը ամրապնդի, դարձնի անարատ սրբության մեջ, Աստծու՝ մեր Հոր առաջ, մեր Տեր Հիսուս Քրիստոսի գալստյան ժամանակ՝ իր բոլոր սրբերով հանդերձ։"
    },
    "4": {
        "1": "Հետևաբար, եղբայրնե՛ր, ձեզ աղաչում ու Քրիստոս Հիսուսով հորդորում եմ, որ, ինչպես սովորեցիք մեզնից, թե ի՛նչ ձևով պետք է ապրեք և հաճելի լինեք Աստծուն,- և այդպես էլ ապրում եք,- շարունակեք առաջանալ նույն ընթացքով։",
        "2": "Եվ գիտեք, թե ի՛նչ պատվերներ տվեցինք ձեզ Տեր Հիսուսով,",
        "3": "որովհետև Աստծու կամքը սա է՝ ձեր սրբությունը. որ դուք հեռու մնաք պոռնկությունից,",
        "4": "որ ձեզնից յուրաքանչյուր ոք ամուսնանա սրբությամբ ու պատվով,",
        "5": "ոչ ցանկության կրքով՝ հեթանոսների նման, որոնք չեն ճանաչում Աստծուն,",
        "6": "որ ոչ ոք չափը չանցնի և այդ հարցում դիպչի իր եղբոր պատվին, որովհետև Տերը վրեժխնդիր է այդ ամենի համար, ինչպես որ նախապես ձեզ ասացինք և հաստատեցինք։",
        "7": "Արդարև, Աստված մեզ չհրավիրեց պղծության, այլ սրբության։",
        "8": "Ահա թե ինչու, ով անարգում է այս պատվերը, ոչ թե մարդուն է անարգում, այլ Աստծուն, որ Սուրբ Հոգին շնորհեց ձեզ։",
        "9": "Ինչ վերաբերում է եղբայրասիրությանը, ապա ձեզ որևէ բան գրելու կարիք չկա, որովհետև դուք ինքներդ Աստծուց սովորել եք միմյանց սիրել,",
        "10": "և արդեն իսկ այդ եք անում Մակեդոնիայի կողմերում ապրող բոլոր եղբայրների հանդեպ։ Բայց հորդորում եմ ձեզ, եղբայրնե՛ր, որ է՛լ ավելի առաջանաք,",
        "11": "և ջանաք ապրել խաղաղ, միայն ձեր գործով զբաղվել և աշխատել սեփական ձեռքերով, ինչպես որ պատվիրել ենք ձեզ,",
        "12": "որպեսզի պարկեշտությամբ վարվեք դրսի մարդկանց հետ և ոչ մի բանի կարոտ չլինեք։",
        "13": "Եղբայրնե՛ր, չեմ ուզում, որ անտեղյակ լինեք ննջեցյալների մասին, որպեսզի չտխրեք ուրիշների նման, որոնք որևէ հույս չունեն։",
        "14": "Եթե հավատում ենք, որ Հիսուսը մեռավ և հարություն առավ, նույնպես էլ Աստված Հիսուսի միջոցով և նրա հետ կյանքի կբերի ննջեցյալներին։",
        "15": "Բայց սա ասում ենք Տիրոջ խոսքի հիման վրա. մեզնից նրանք, ովքեր կենդանի կմնան Տիրոջ գալստյան ժամանակ, չպիտի առաջ անցնեն ննջեցյալներից,",
        "16": "որովհետև երբ հրամանը լսվի, հրեշտակապետն ազդարարի և Աստծու փողը հնչի, Տերն ինքը պիտի իջնի երկնքից, և Քրիստոսով մեռածները նախ հարություն պիտի առնեն,",
        "17": "և ապա մեզնից նրանք, որ կենդանի մնացած կլինեն, նրանց հետ միասին ամպերի վրա կհափշտակվեն՝ ընդառաջ գնալու Տիրոջը օդում, և այդպես Տիրոջ հետ կլինենք մշտապես։",
        "18": "Ուստի միմյանց քաջալերե՛ք այս խոսքերով։"
    },
    "5": {
        "1": "Ինչ վերաբերում է ժամերին ու ժամանակներին, եղբայրնե՛ր, ապա ձեզ որևէ բան գրելու կարիք չկա,",
        "2": "որովհետև դուք ինքներդ ստույգ գիտեք, որ Տիրոջ օրը գալու է այնպես, ինչպես գողն է գալիս գիշերով։",
        "3": "Երբ ասեն, թե՝ խաղաղություն ու ապահովություն է, այն ժամանակ հանկարծակի նրանց վրա կգա կործանումը, ինչպես երկունքն է գալիս հղի կնոջ վրա, և ազատում չեն ունենալու։",
        "4": "Բայց դուք, եղբայրնե՛ր, խավարի մեջ չեք, որ այդ օրը ձեզ վրա հասնի գողի նման,",
        "5": "որովհետև դուք ամենքդ լույսի որդիներ եք և ցերեկվա որդիներ։ Գիշերինը չենք, ոչ էլ խավարինը։",
        "6": "Ուստի ուրիշների պես քնով չընկնենք, այլ արթուն ու զգաստ լինենք։",
        "7": "Որովհետև ովքեր քնում են, գիշերն են քնում, և ովքեր հարբում են, գիշերն են հարբում։",
        "8": "Իսկ մենք, որ ցերեկվանն ենք, արթուն լինենք, հագնենք հավատի ու սիրո զրահները և դնենք փրկության հույսի սաղավարտը.",
        "9": "որովհետև Աստված մեզ չսահմանեց բարկության համար, այլ փրկության ձեռք բերման՝ մեր Տեր Հիսուս Քրիստոսի միջոցով,",
        "10": "որ մեռավ մեզ համար, որպեսզի արթուն լինենք թե քնենք, նրա հետ ապրենք։",
        "11": "Ուստի քաջալերե՛ք միմյանց և ամրապնդե՛ք մեկդ մյուսին, ինչպես արդեն անում եք։",
        "12": "Եղբայրնե՛ր, աղաչում եմ ձեզ, որ ճանաչեք ու ընդունեք նրանց, ովքեր աշխատում են ձեզ համար, ովքեր Տիրոջով ձեզ վրա առաջնորդ են կարգված և խրատում են ձեզ,",
        "13": "և նրանց արժանացրեք մեծ սիրո՝ իրենց աշխատանքի համար։ Խաղաղությա՛մբ ապրեք իրար հետ։",
        "14": "Եղբայրնե՛ր, աղաչում եմ ձեզ, խրատե՛ք անկարգներին, քաջալերե՛ք երկչոտներին, պաշտպա՛ն եղեք թույլերին, համբերատա՛ր եղեք բոլորի հանդեպ։",
        "15": "Զգո՛ւյշ եղեք, չլինի թե մեկը չարին չարով հատուցի, այլ միշտ ջանացե՛ք բարին գործել թե՛ միմյանց և թե՛ բոլորի հանդեպ։",
        "16": "Մշտապես ուրա՛խ եղեք,",
        "17": "անդադար աղոթե՛ք,",
        "18": "ամեն ինչում գոհությո՛ւն հայտնեք, որովհետև դա է Աստծու կամքը Քրիստոս Հիսուսով ձեզ համար։",
        "19": "Մի՛ մարեք Սուրբ Հոգին,",
        "20": "մի՛ արհամարհեք մարգարեությունները,",
        "21": "քննե՛ք ամեն բան, վերցրե՛ք այն, ինչ բարի է,",
        "22": "հեռո՛ւ մնացեք բոլոր չար բաներից։",
        "23": "Եվ խաղաղության Աստված ինքը թող մաքրի ձեզ ամբողջապես, և ձեր ամբողջ էությունը՝ հոգին, շունչը և մարմինն անարատ պահի մինչև մեր Տեր Հիսուս Քրիստոսի գալուստը։",
        "24": "Հավատարիմ է նա, ով կանչեց ձեզ, և կկատարի այս ամենը։",
        "25": "Եղբայրնե՛ր, աղոթե՛ք նաև մեզ համար։",
        "26": "Ողջունե՛ք բոլոր եղբայրներին սուրբ համբույրով։",
        "27": "Պարտավորեցնում եմ ձեզ Տիրոջով, որ այս նամակն ընթերցվի բոլոր հավատացյալ եղբայրների առջև։",
        "28": "Մեր Տեր Հիսուս Քրիստոսի շնորհը ձեզ հետ։"
    }
}