{
    "1": {
        "1": "Պողոսը, Սիղվանոսը և Տիմոթեոսը՝ թեսաղոնիկեցիների եկեղեցուդ՝ մեր Հայր Աստծով և Տեր Հիսուս Քրիստոսով։",
        "2": "Շնո՜րհ ձեզ և խաղաղությո՜ւն մեր Հայր Աստծուց և Տեր Հիսուս Քրիստոսից։",
        "3": "Եղբայրնե՛ր, պարտք ենք համարում միշտ Աստծուն գոհություն հայտնել ձեզ համար, ինչպես որ պատշաճ է, որովհետև հետզհետե ավելի է աճում ձեր հավատը, և ավելի է շատանում ձեզնից յուրաքանչյուրի սերը մեկդ մյուսի հանդեպ,",
        "4": "այնպես որ մենք ձեզնով պարծենում ենք Աստծու եկեղեցիներում ձեր տոկունության ու հավատի համար ձեր բոլոր հալածանքների ու նեղությունների մեջ, որոնց համբերում եք։",
        "5": "Սա մի նշան է Աստծու արդար դատաստանի, որ դուք կարժանանաք Աստծու արքայությանը, որի համար էլ չարչարանք եք կրում։",
        "6": "Քանի որ Աստծու առաջ արդար է ձեզ նեղություն պատճառողներին նեղություն հատուցել,",
        "7": "իսկ ձեզ՝ նեղություն կրածներիդ՝ հանգիստ մեզ հետ միասին, երբ մեր Տերը՝ Հիսուսը, հայտնվի երկնքից իր զորության հրեշտակներով,",
        "8": "կրակի բոցով՝ պատժելու նրանց, ովքեր չեն ճանաչում Աստծուն և չեն հնազանդվում մեր Տեր Հիսուս Քրիստոսի Ավետարանին։",
        "9": "Սրանք կպատժվեն հավիտենական մահվամբ՝ զրկված Տիրոջ ներկայությունից և նրա փառավոր զորությունից,",
        "10": "երբ գա փառավորվելու իր սրբերի մեջ և հիացմունքի արժանի բոլոր հավատացյալների մեջ։ Եվ այդ օրը մեր վկայությունը կհաստատվի ձեր մասին։",
        "11": "Ահա թե ինչու շարունակ աղոթում ենք ձեզ համար, որպեսզի Աստված ձեզ արժանի դարձնի ձեր կոչմանը, մինչև որ զորությամբ ի կատար ածի ձեր բոլոր բարի ցանկություններն ու արդյունավորի ձեր հավատը,",
        "12": "որպեսզի փառավորվի մեր Տեր Հիսուս Քրիստոսի անունը ձեզնով, և դուք՝ նրանով՝ մեր Աստծու և Տեր Հիսուս Քրիստոսի շնորհի համաձայն։"
    },
    "2": {
        "1": "Մեր Տեր Հիսուս Քրիստոսի գալստյան և նրա մոտ մեր հավաքվելու վերաբերյալ, եղբայրնե՛ր, աղաչում եմ ձեզ,",
        "2": "որ ձեր միտքն արագորեն չպղտորեք և չսարսափեք ո՛չ հոգով, ո՛չ խոսքով, ո՛չ էլ նամակներով՝ որպես մեր կողմից ուղարկված, իբր Տիրոջ օրը եկել-հասել է։",
        "3": "Թող ոչ ոք ձեզ չխաբի և ոչ մի ձևով, որովհետև Տիրոջ օրը չի գալու, եթե նախ ապստամբությունը չգա, և չհայտնվի անօրենության մարդը՝ կորստյան որդին,",
        "4": "հակառակորդը՝ հպարտացած այն ամենի վրա, որ կոչվում է աստված կամ պաշտամունքի առարկա, մինչև իսկ կնստի Աստծու տաճարում և իրեն կներկայացնի, թե Աստված է։",
        "5": "Չե՞ք հիշում, որ երբ ձեզ մոտ էի, ասում էի այս բաները։",
        "6": "Եվ այժմ դուք ինքներդ գիտեք, թե ինչն է նրան զսպում, որ հայտնվի իր ժամանակին։",
        "7": "Անօրենության խորհրդավոր ուժն արդեն գործում է, բայց չպիտի հայտնվի, մինչև մեջտեղից չվերցվի նա, ով այժմ նրան զսպում է։",
        "8": "Ապա կհայտնվի Անօրենը, որին Տեր Հիսուսը կսպանի իր բերանի շնչով և կոչնչացնի իր հայտնությամբ, իր գալստյան ժամանակ։",
        "9": "Անօրենի գալուստը տեղի է ունենալու սատանայի ներգործությամբ, ամեն տեսակ կարողությամբ, նշաններով, կեղծ հրաշքներով",
        "10": "և ամեն տեսակ անիրավ խաբեությամբ նրանց համար, ովքեր կորստյան ճամփի վրա են, քանի որ չընդունեցին և չսիրեցին ճշմարտությունը, որպեսզի փրկվեն։",
        "11": "Դրա համար էլ Աստված նրանց մոլորության ներգործությանն է ենթարկում, որ հավատան ստին,",
        "12": "որպեսզի դատապարտվեն բոլոր նրանք, ովքեր չհավատացին ճշմարտությանը և հաճույք փնտրեցին անօրենության մեջ։",
        "13": "Իսկ մենք պարտք ենք համարում շարունակ գոհություն հայտնել Աստծուն ձեզ համար, Տիրոջից սիրվա՛ծ եղբայրներ, որովհետև Աստված սկզբից ընտրեց մեզ, որպեսզի փրկվենք Հոգու սրբացումով և ճշմարտության հանդեպ ունեցած հավատով,",
        "14": "որին նաև ձեզ կանչեց մեր քարոզած Ավետարանի միջոցով, որպեսզի ձեռք բերեք Տեր Հիսուս Քրիստոսի փառքը։",
        "15": "Հետևաբար, եղբայրնե՛ր, հաստատո՛ւն մնացեք և պի՛նդ պահեք ավանդությունները, որ սովորեցիք թե՛ մեր խոսքով և թե՛ մեր նամակով։",
        "16": "Եվ ինքը՝ մեր Տեր Հիսուս Քրիստոսը և Աստված՝ մեր Հայրը, որ մեզ սիրեց և հավիտենական մխիթարություն ու բարի հույս տվեց իր շնորհով,",
        "17": "թող ձեր սրտերը մխիթարի և զորացնի ամեն բարի գործի և ամեն բարի խոսքի մեջ։"
    },
    "3": {
        "1": "Ուստի, եղբայրնե՛ր, աղոթե՛ք մեզ համար, որպեսզի Տիրոջ խոսքը տարածվի և փառավորվի ամեն տեղ, ինչպես որ ձեզ մոտ է,",
        "2": "որպեսզի ազատվենք անօրեն ու չար մարդկանցից, որովհետև ոչ բոլորն են հավատում։",
        "3": "Բայց Տերը հավատարիմ է. նա կզորացնի ձեզ ու կպահի չարից։",
        "4": "Ձեզ վրա վստահ ենք Տիրոջով, որ այն, ինչ ձեզ պատվիրեցինք, և՛ կատարում եք, և՛ կատարելու եք։",
        "5": "Տերը թող ուղղի ձեր սրտերը դեպի Աստծու սերը և Քրիստոսի համբերությունը։",
        "6": "Եղբայրնե՛ր, մեր Տեր Հիսուս Քրիստոսի անունով պատվիրում եմ ձեզ, որ հեռու մնաք բոլոր այն եղբայրներից, որ ծույլ կյանքով են ապրում և ոչ այն օրինակով, որ ստացաք մեզնից.",
        "7": "որովհետև դուք լավ գիտեք, թե ինչպե՛ս պետք է նմանվեք մեզ, քանի որ ձեզ մոտ երբեք չծուլացանք,",
        "8": "ոչ էլ որևէ մեկի հացը ձրի կերանք, այլ զօրուգիշեր ճիգ ու ջանքով աշխատում էինք, որպեսզի ձեզնից ոչ մեկի վրա ծանրություն չլինեինք։",
        "9": "Ոչ թե որ իրավունք չունեինք, այլ որպեսզի ինքներս մեզ օրինակ դարձնեինք ձեզ համար՝ մեզ նմանվելու։",
        "10": "Արդարև, երբ դեռ ձեզ մոտ էինք, ա՛յս էինք պատվիրում ձեզ. «Ով չի ուզում աշխատել, թող հաց էլ չուտի»։",
        "11": "Արդ, ձեզնից ոմանց մասին լսում ենք, թե անկարգ կյանքով են ապրում. որևէ գործ չեն կատարում, այլ ծուլորեն շրջում են։",
        "12": "Այդպիսիներին պատվիրում ու հորդորում ենք Տեր Հիսուս Քրիստոսով, որ խաղաղությամբ աշխատեն և սեփական հացն ուտեն։",
        "13": "Բայց դուք, եղբայրնե՛ր, մի՛ ձանձրացեք բարիք գործելուց։",
        "14": "Իսկ եթե որևէ մեկը չհնազանդվի այն ամենին, որ խոսեցինք այս նամակի միջոցով, նկատի՛ ունեցեք նրան և խզե՛ք հարաբերությունները նրա հետ, որպեսզի ամոթով մնա։",
        "15": "Բայց նրան թշնամի մի՛ համարեք, այլ խրատե՛ք որպես եղբոր։",
        "16": "Եվ խաղաղության Տերն ինքը թող միշտ ձեզ խաղաղություն տա ամեն ինչում։ Տերը ձեզ բոլորիդ հետ։",
        "17": "Այս ողջույնը ես՝ Պողոսս, գրում եմ իմ ձեռքով, որ իմ բոլոր նամակներում որպես նշան է ծառայում. այսպես եմ գրում։",
        "18": "Մեր Տեր Հիսուս Քրիստոսի շնորհը ձեզ բոլորիդ հետ։"
    }
}