{
    "1": {
        "1": "За тих часів, як правували суддї, раз якось був в краю голод. І один чоловік з Юдейського Вефлеєма пійшов зо своєю жінкою та з двома синами своїми жити в край Моабіїв.",
        "2": "Чоловік той на ймення Елимелех, жінка його на ймення Ноема, а два сини його на ймення Махлон та Хілеон; були вони з Ефрату, з Юдейського Вефлеєма. І прибули вони в край Моабіїв та й зістались там.",
        "3": "І помер Елимелех, чоловік Ноемин, і вона зісталась з двома своїми синами.",
        "4": "І одружились вони з Моабитянками: одна на ймя Орфа, а другу звали Рут; і жили там трохи не десять років.",
        "5": "Але згодом обидва сини її, Махлон і Хілеон, померли, і зісталась та жінка після обох своїх синів і після свого чоловіка.",
        "6": "І вибралась вона з своїми невістками, та й пійшла з Моабійського краю назад, бо перечула в краю Моабіїв, що Бог показав свою ласку для свого народа й дав йому хлїб.",
        "7": "От вийшла вона з того місця, де жила, а з нею обидві її невістки; і йшли вони шляхом, вертаючись в Юдейський край.",
        "8": "І каже Ноема двом своїм невісткам: Вернїться ви та йдїть кожна до хати до своєї матері. Нехай Господь покаже вам ласку, як ви вчинили з помершими й зо мною!",
        "9": "Дай, Господи, щоб ви знайшли пристановище кожна в господї свого чоловіка! І вона поцїлувала їх. Але вони загомонїли голосно та заплакали;",
        "10": "І промовили до неї: Нї, ми підемо з тобою до твого народа!",
        "11": "А Ноема сказала: Вертайтесь, мої донї; навіщо вам йти зо мною? Хіба ж в моєму лонї ще є сини, щоб стали вам за чоловіків?",
        "12": "Вертайтесь, донї мої, ідїть з Богом; бо я вже стара задля того, щоб вийти заміж. Та коли б я й сказала: Я маю надїю, і коли б я навіть цїєї ж ночі була з чоловіком і навіть породила синів,",
        "13": "То чи ж можна вам ждати, доки б вони виросли? Чи можна ж вам для того не виходити заміж? Нї, мої донечки! Менї бо далеко гірше жити як вам; бо Господня рука проти мене.",
        "14": "Вони підняли лемент і знов почали плакати. І Орфа поцїлувала на прощаннї свою свекруху, а Рут зісталась з нею.",
        "15": "І сказала вона: Бачиш, твоя швагрова, жінка брата твого, вернулась до свого народа і до своїх богів; вертайсь і ти слїдом за нею.",
        "16": "Але Рут сказала: не силуй мене покинути тебе і вернутись од тебе; куди підеш ти, туди й я піду, і де жити меш ти, там і я жити му; твій народ буде моїм народом, і твій Бог моїм Богом;",
        "17": "І де ти помреш, там і я помру, і бажаю, щоб і мене там поховали. Чи так, чи сяк вчинить зо мною Господь, одна смерть розлучить мене з тобою!",
        "18": "Як же вона побачила, що тая твердо постановила собі йти з нею, то й перестала вмовляти її.",
        "19": "От і йшли вони обидві вкупі, доки не прийшли до Вефлеєма. Як прийшли вони у Вефлеєм, усе місто заворушилось через їх, і говорили: Чи не Ноема се?",
        "20": "Вона сказала їм: не звіть мене Ноемою*, а звіть Марою**, бо Всемогущий послав на мене велике горе.",
        "21": "Я вийшла звідсїль заможна, а Господь вернув мене сюди з порожнїми руками. Навіщо ви звете мене Ноемою, коли Господь напустив на мене допуст, і Всемогущий послав на мене смуток?",
        "22": "І вернулась Ноема, і з нею її невістка Рут, Моабитянка, що прийшла з Моабських полів, і прибули вони до Вефлеєма саме перед ячмінними жнивами."
    },
    "2": {
        "1": "В Ноеми був родич з чоловікового роду, на ймення Бооз, чоловік дуже заможний, з Елимелехового роду.",
        "2": "І сказала Рут, Моабитянка, до Ноеми: Пусти мене на поле збирати колоски слїдком за тим, в кого запобіжу ласки. Вона сказала їй: То й іди, моя доню.",
        "3": "Вона пішла, і прийшовши збирала на полі колоски позад женцїв. І трапилось так, що та частка поля належала до Бооза, що був з Елимелехового роду.",
        "4": "Коли це Бооз приходить з Вефлеєма і промовив до женцїв: Господь при вас! Вони одказали йому: Благослови й тебе Господь!",
        "5": "І сказав Бооз до наймита, що доглядав женцїв: чия це молодиця?",
        "6": "Наймит, що доглядав коло женцїв, відповів кажучи: Ся молодиця Моабитянка, що прийшла з Ноемою з Моабського краю;",
        "7": "І сказала вона: Будь ласкав, дозволь менї визбирувати колоссє позаду женцїв! Прийшла вона, та й остає тут од самого ранку й досі; в дома і не була.",
        "8": "І промовив Бооз до Рути: Слухай, небого! Не ходи збирати на инче поле і не переходь звідсїль; будь тутечки з моїми дївчатами.",
        "9": "Дивись, де вони жнуть на постатї, та й ходи за ними. Я дав приказ хлопцям моїм не чіпати тебе. Як тобі схочеться пити, то йди до посуду та й пий, те, що черпають мої хлопцї.",
        "10": "Вона впала ниць і поклонилась до землї, і промовила до його: Чим я запобігла ласку в очах твоїх, що ти приймаєш мене, хоч я й чужоземка?",
        "11": "Бооз одповів сказавши їй: Менї розказано про все, що ти зробила задля своєї свекрухи після смертї твого чоловіка, покинувши батька твого і матїр твою, і отчину твою та прийшла до народа, котрого ти не знала нї позавчора нї вчора.",
        "12": "Бог прийми це твоє дїло! І нехай тобі буде повна нагорода від Господа, Бога Ізрайлевого, до котрого ти прийшла, щоб під його крилами захистити себе!",
        "13": "Вона сказала: Дозволь менї запобігати ласки в твоїх очах, мій добродїю! Ти бо мене звеселив і промовив по серци твоєї рабинї, коли я невартна нї однієї зпоміж твоїх служениць.",
        "14": "І сказав їй Бооз, як був час обідати: Ходи сюди і їж хлїб, і вмочай свій шматок в оцет. І сїла вона коло женцїв, і він подав їй праженого хлїба; і вона їла, і наїлась до сита, ще й зісталось.",
        "15": "І встала вона, щоб збирати, а Бооз дав приказ своїм наймитам, сказавши: нехай вона збирає колосся і поміж снопами, і не з'обижайте її.",
        "16": "Та й самі колосся із снопів покидайте, нехай вона збирає на харч, і не сваріть на неї.",
        "17": "Так збирала вона на полі до вечора, і змолотила зібране, і вийшла трохи не ефа ячменю.",
        "18": "Забравши це, вона пішла до міста, і свекруха її побачила, що вона назбирала. Надтож вийняла вона і дала їй ще й те, що в неї зісталось, як вона до сита наїлась.",
        "19": "І сказала їй свекруха: Де ти збирала сьогодня, і де була на роботї? Будь благословен той, хто прийняв тебе! Рут сказала своїй свекрусї, в кого вона працювала, кажучи: Той чоловік, у котрого я сьогодня працювала, на ймення Бооз.",
        "20": "І сказала Ноема своїй невістцї: Будь він благословен Господом за те, що не позбавив своєї ласки нї живих, нї померших! І сказала їй Ноема: Цей чоловік не чужий для нас; він з нашої ріднї.",
        "21": "Рут Моабитянка сказала: Він навіть сказав менї: Зіставайся з моїми слугами, доки в їх не скіньчяться жнива.",
        "22": "І сказала Ноема своїй невістцї Рутї: Це лїпше, моя доню, що ти ходити меш з його наймичками; нїхто не скаже тобі нїчого прикрого на другому полі.",
        "23": "Так вона була все з Боозовими наймичками, щоб збирати колосся, доки й не минули жнива ячмінні і жнива пшеничні, і пішла до своєї свекрухи."
    },
    "3": {
        "1": "І сказала їй Ноема, її свекруха: Доню моя! Чи не пошукати б тобі пристановища, щоб тобі жити в гараздї?",
        "2": "Бооз, що з наймичками його ти була, це ж наш родич. Оце ж він сієї ночі віє на току ячмінь.",
        "3": "Скупайся, намастись, та уберись в своє убрання, і йди на тік, але щоб він тебе не вглядів, доки не скіньчать їсти й пити.",
        "4": "Як же він ляже спати, запамятай собі те місце, де він лїг, потім прийди і постели собі у ногах його та й ляж; він тодї скаже тобі, що тобі дїяти.",
        "5": "Рут сказала їй: Вчиню усе, що ти менї сказала.",
        "6": "І вона пішла на тік і вчинила усе так, як їй звелїла свекруха її.",
        "7": "А Бооз їв і пив, а розвеселивши своє серце, пійшов та й лїг спати скраю копицї. І вона прийшла тихенько, постелила в ногах його і лягла.",
        "8": "Опівночі чоловік зжахнувся і підвівся, аж це в його в ногах лежить молодиця.",
        "9": "І він промовив: Ти хто? Вона сказала: Я Рут, твоя служниця: простягни твоє крило над твоєю служницею, бо ти родич.",
        "10": "Бооз сказав: Будь ти, небого, благословенна од Господа Бога! - Цей останній твій добрий вчинок ти вчинила ще краще за попереднїй, бо не пішла ти шукати собі парубків, нї вбогих, нї богатих.",
        "11": "Тепер, небого, не бійся, я вчиню задля тебе усе, що ти сказала, бо у всїх воротях народа мого знають, що ти добра жінка.",
        "12": "Се й правда, що я родич; але є ще ближший за мене родич.",
        "13": "Переночуй цю ніч; а вранцї, як він тебе прийме, то добре, нехай приймає; а коли він не схоче прийняти, то я прийму тебе, як дїйсно живий Господь! Спочивай до ранку.",
        "14": "І спала вона в його в ногах до ранку і встала переднїше, нїж вони могли пізнати одно другого; він бо сказав: Нехай нїхто не знає, що молодиця була на току!",
        "15": "І він сказав їй: Подай верхню одежину, що на тобі, подерж її: Вона держала, а він одмірив шість мірок ячменю, завдав їй на плечі, і пійшов до міста.",
        "16": "Вона ж прийшла до своєї свекрухи, а тая сказала: А що, моя доню? вона оповідала їй про все, що зробив для неї той чоловік;",
        "17": "І сказала: Цї шість мірок ячменю він менї дав і сказав: Ти не повинна йти до своєї свекрухи з порожними руками.",
        "18": "А вона сказала: Потривай, моя доню, поки не довідаєш ся, що з того вийде; бо той чоловік не заспокоїться, не допровадивши свого дїла до кінця."
    },
    "4": {
        "1": "Бооз вийшов до воріт і там седїв. Коли це переходить попри його родич, про котрого говорив він. І сказав йому: Зайди сюди і сядь тут. Той зайшов і сїв.",
        "2": "І взяв Бооз десять старших чоловіків в городї, і сказав: Сядьте тут. І вони сїли.",
        "3": "І сказав Бооз до родича: Ноема, вернувшись з моабитського краю, продає частку поля, що належала до нашого брата Елимелеха.",
        "4": "Я постановив довести до твого слуху і сказати: Хочеш бути наслїдником, то купи при сих, що тут сидять, і при старшинах нашого народа. Коли хочеш викупити, викупи; а як не хочеш одкупити, скажи менї; щоб я знав; бо окрім тебе нема наслїдника, а після тебе я. Той сказав: Я викуплю.",
        "5": "Бооз сказав: Дня того, як купиш поле в Ноеми, ти купив і в Рути Моабитянки, жінки помершого, і повинен взяти її собі за жінку, щоб імя помершого в наслїддю його збудити.",
        "6": "І сказав той родич: Не можу я взяти її за себе, щоб не поплутати й свого наслїддя. Прийми ти її, бо я не можу прийняти.",
        "7": "А був давнїйше такий звичай в Ізраїля, що як викупляли або міняли, то щоб ствердити дїло, один скидав свій чобіт і давав другому; і це було засьвідченнєм в Ізраїля.",
        "8": "І сказав той родич Боозові: Купуй для себе! І скинув свій чобіт.",
        "9": "Тодї сказав Бооз до старшин і до усього народа: Тепер ви сьвідки, що я купую в Ноеми усе, що було Елимелехове і Хілеонове і Махлонове,",
        "10": "А до того ще й беру собі за жінку Руту Моабитянку, Махлонову жінку, щоб зісталось ймення помершого за його наслїддєм, та щоб не зникло імя помершого зпоміж його братів і з воріт його оселї; ви сьогодня тому сьвідки!",
        "11": "І сказав увесь народ, що був коло воріт, і старшини: Ми тому сьвідки! Нехай Господь вчинить з жінкою, що вступає в твою господу, як з Рахилею і як з Лією, котрі обидві збудували дім Ізраїля. Надбай богацтва в Ефратї, і нехай славиться у Вефлеємі імя твоє!",
        "12": "А з насїння, що дасть тобі Господь від молодої жінки сієї, нехай стане дім твій, як дім Переза, котрого породила Тамара Юдї.",
        "13": "І взяв за себе Бооз Руту, і вона стала його жінкою. І вступив він до неї, і Господь дав, що вона завагонїла і породила сина.",
        "14": "І говорили жінка до Ноеми: Слава Господеві, що він не покинув тепер тебе без наслїдника, що його ймення не загине в Ізраїлї!",
        "15": "Він буде тобі втїхою і дбати ме про тебе на старостї лїт. Бо його породила твоя невістка, котра любить тебе, котра для тебе стане лїпша за сїмох синів.",
        "16": "І взяла Ноема дитятко, і носила його на руках своїх, і стала йому за пістунку.",
        "17": "Сусїди ж дали йому ймення, і сказали: Оце родилась дитина в Ноеми! І дали йому ймення: Обид*. Він батько Ессея, батька Давидового.",
        "18": "Оце ж рід Переза: Від Переза народився Есрон,",
        "19": "А від Езрона народився Рам; од Рама народився Аминадаб;",
        "20": "А від Аминадаба народився Нахзон; від Нахзона народився Салмон;",
        "21": "А від Салмона народився Бооз; а від Бооза народився Обид,",
        "22": "А від Обида народився Ессей; а від Ессея народився Давид."
    }
}