{
    "1": {
        "1": "Пророче слово Господнє до Ізраїля через Малахію.",
        "2": "Я полюбив вас, говорить Господь. Ви питаєте: У чому показалась любов твоя до нас? - Хиба ж Езав не брат Яковів? говорить Господь? а однакже я полюбив Якова,",
        "3": "А Езава я зненавидїв, так що гори його поробив безлюддєм, а наслїддє його - пробутком шакалів.",
        "4": "Коли б Едом сказав: Хоч ми розбурені, та ми повідновлюємо розбурене, то Господь Саваот каже на те: Вони побудують, а я порозвалюю, так що їм приложать прізвище: Країна безбожностї, - нарід, що на його Господь прогнївився по віки.",
        "5": "Своїми очима ви се побачите та й скажете: Звеличив себе Господь над Ізрайлевим займищем!",
        "6": "Син шанує батька, а раб - пана свого; коли ж я батько, так де ж та почесть, що менї подобає? й коли я пан, де ж те поважаннє для мене? говорить Господь Саваот до вас, сьвященники, що зневажаєте ймя моє? Ви питаєте: Чим же ми зневажаємо ймя твоє?",
        "7": "Ось, ви приносите нечистий хлїб на мій жертівник, та ще й питаєте: Як ми зневажаємо тебе? От тим, що говорите: Трапезу Господню нїщо поважати.",
        "8": "І як ви приносите на жертву слїпе, чи те в вас не погане? або як приносите кульгаве чи хворе, чи ж і се не погане? Ось, принеси се твойму князеві, чи буде воно йому приємне, чи прийме він тебе ласкаво? говорить Господь Саваот.",
        "9": "Оце ж благайте Бога, щоб вас помилував; бо коли таке буде виходити з рук ваших, так чи ж може він вас ласкаво приймати? говорить Господь сил небесних.",
        "10": "Лучше зачини которий храмові двері, щоб на мойму жертівнику не палити марно огню. Нема в мене ласкавостї до вас, говорить Господь сил небесних, і не вгодні менї приноси з ваших рук.",
        "11": "Від ісходу бо та й до заходу сонця буде ймя моє величатись проміж народами, й всюди приносити муть іменї мойму кадило й жертву чисту; велике буде ймя моє проміж народами, говорить Господь Саваот.",
        "12": "Ви ж його зневажаєте, мовляючи: Столові Господньому не належиться пошана, й те, що нам із неї впадає, невартне.",
        "13": "До того ще й мовляєте: Скілько ж то працї! та й маловажите все, говорить Господь сил, і приносите крадене й кульгаве й недуже, а такі самі й хлїбові дари ваші. Чи менї ж та приймати таке залюбки з рук ваших? говорить Господь.",
        "14": "Нї, проклят зрадливий, що, мавши в чередї своїй здорового самця й обрікши себе обітом, приносить Господеві миршаве; я бо царь великий, говорить Господь сил небесних, а моє імя страшне проміж народами."
    },
    "2": {
        "1": "А тепер іще оця заповідь до вас, сьвященники:",
        "2": "Коли не послухаєте й не положите її собі на серце, щоб оддавати славу іменнї мойму, говорить Господь Саваот, так пошлю на вас прокляттє, і проклену ваше благословеннє, ба вже й проклинаю, бо ви не хочете прихилити до того серце ваше.",
        "3": "Ось, я одійму вам лопатку, та й кину вам калом у лице, калом жертов ваших сьвяточних, і викинуть вас укупі з ним.",
        "4": "І зрозумієте тодї, що я дав вам сю заповідь, щоб удержувати завіт мій з родом Левіїним, говорить Господь Саваот.",
        "5": "А той завіт мій із ним був завітом життя й щастя, а дав я його задля страху, та й він боявся мене й страхався перед імям моїм.",
        "6": "Закон правди був ув устах у його, а неправди не було на язицї в його. В мирі й правотї ходив він передо мною, та й відвернув многих од гріха.",
        "7": "Бо уста сьвященникові мають перестерігати знання і з його уст ждуть люде закону; він бо посланець Господа сил небесних.",
        "8": "Ви ж відійшли від сієї дороги, й були многим приводом до впаду в законї, ви повалили вмову з Левіїним родом, говорить Господь сил.",
        "9": "Тим то й я подам вас у зневагу й погорду перед усїм людом, ви бо не держитесь доріг моїх, і в справах закону дивитесь на особу.",
        "10": "Чи не один же в усїх нас отець? Чи не той же самий Бог создав нас? Чого ж ми ломимо віру одно одному, а тим ломимо й завіт отцїв наших?",
        "11": "Віроломність коїть Юда, та й гидота дїється в Ізраїлї і в Ерусалимі; зневажив бо Юда, що в Господа було сьвяте, та що він полюбив, беручи за жінку собі дочку чужого бога.",
        "12": "У того, хто таке чинить, повигублює Господь в наметах Яковових старого й молодого, а так само й того, що приносить жертву Господеві сил небесних.",
        "13": "Та й ось що ви тим іще робите: ви зневолюєте (жінок ваших) обливати жертовник Господень сльозами з голосїннєм і риданнєм, так що він уже й не дивиться на приноси й не приймає вмоляючої жертви з рук ваших.",
        "14": "Ви знов спитаєте: через що? Через те, що Господь був сьвідком між тобою й жоною молодощів твоїх, що ти її зрадив, - вона ж подруга твоя й законом із тобою звязана, як жона твоя.",
        "15": "Та чи ж не вчинив сього один такий, що визначався духом? - Що ж сей один учинив? Він бажав потомства від Бога. Оце ж бережіть духа вашого, й нїхто не ламай віри жінцї молодощів своїх.",
        "16": "(Ви тим оправдуєтесь:) говорить Господь Бог Ізраїля: Як зненавидиш її, розведися; нї, - кривда покриє такого, як одежа, говорить Господь сил. Тим же то бережіте серце ваше, й не ламайте віри.",
        "17": "Прогнївили ви Господа речами вашими, та й ще питаєте: Чим гнївимо ми його? Ось тим, що мовляєте: Хто чинить зло, той угоден Господеві, й до таких він ласкавий; або: Де ж той Бог, що право судить?"
    },
    "3": {
        "1": "Ось, я посилаю ангела мого, а він приготовить дорогу передо мною, й негайно за сим прийде в храм свій, що його шукаєте, - Ангел завіту, що його бажаєте; ось, він ійде, говорить Господь Саваот.",
        "2": "Хто ж видержить день приходу його, й хто встоїть, як він явиться? Він бо - огонь розтоплюючий і як те зіллє очищуюче;",
        "3": "І засяде він до перетоплювання срібла й очистить синів Левіїних і переплавить їх, як золото й срібло, щоб приносили жертву Господеві в праведностї.",
        "4": "Тодї люба буде Господеві жертва Юдина й Ерусалимова, як у давні давна й в давні роки.",
        "5": "Прийду до вас, щоб судити суд, й буду скорим сьвідком проти чарівників, перелюбників і тих, що божаться льживо, що вдержують плату поденного робітника, притїсняють удовиць і сиріт та відпихають од себе приходня й не бояться мене, говорить Господь Саваот.",
        "6": "Я бо - Господь, я все той самий; через те ви, сини Яковові, й не вигублені.",
        "7": "З часу отцїв ваших відступили ви від заповідей моїх та й не певните їх. Вернїтесь же до мене, так і я вернусь до вас, говорить Господь сил небесних. Ви спитаєте: Як нам вертатись?",
        "8": "Хиба ж годиться людинї обкрадати Бога? Ви ж мене обкрадаєте. Спитаєте: В чім же ми тебе обкрадаємо? Десятинами й первоплодами.",
        "9": "Тяжко ви прокляті, за те, що ви - ввесь люд - мене обкрадаєте.",
        "10": "Принесїте всї десятини в кокомори в сьвятинї щоб у мойму дому було що їсти, та хоч тим витребуйте мене, говорить Господь сил небесних: чи тодї не повідчиняю я вам отвори небесні й не пошлю вам благословеннє над міру?",
        "11": "Задля вас я відверну всяку прожер, щоб не пустошила в вас плоду земного, та й виноградина в вас на полї не буде без плоду, говорить Господь Саваот.",
        "12": "І щасливими славити муть вас усї народи, будете бо бажаною землею, говорить Господь сил небесних.",
        "13": "Зневажливі передо мною слова ваші, говорить Господь. Скажете: Що ж ми говоримо проти тебе?",
        "14": "А ось, ви мовляєте: Шкода служити Богу, та й що нам за пожиток із того, що ми перестерігали постанови його та ходили сумнї перед лицем Господа сил?",
        "15": "А нинї ми гордих славимо щасливими: красше врядились беззаконники, та й хоч спокушують Бога, а жиють без ушкоди.",
        "16": "Та богобоязні ось як говорять один одному: Вважає Господь і чує все, та й перед лицем його списується памяткова книга про тих, що бояться Господа й почитають імя його.",
        "17": "Вони будуть моїми, говорить Господь сил небесних, будуть моєю питоменностю того дня, що наведу, й буду любити їх, як милує чоловік сина свого, що його слухає.",
        "18": "І знов тодї побачите ріжницю між праведником і безбожником, між тим, хто служить Богу, а тим хто йому не служить."
    },
    "4": {
        "1": "Ось бо, настане день, палаючий, як піч; тодї всї горді й безбожні будуть, неначе солома, й спалить їх той день, що настане, так що не зоставить із них нї кореня нї галузя.",
        "2": "А про вас, що боїтесь іменї мого, зійде сонце справедливостї і оздоровленнє в проміннї його, й вийдете, підскакуючи, мов випасені телята;",
        "3": "І топтати мете безбожних, вони бо будуть порохом під ногами в вас того дня, що я наведу, говорить Господь Саваот.",
        "4": "Держіте ж у памятї закон слуги мого Мойсея, що я завітував йому на Горебі, заповідї й права про всього Ізраїля.",
        "5": "Ось, я пошлю до вас пророка Ілию перед настаннєм дня Господнього, дня великого й страшного.",
        "6": "І поприхиляє він серця отцїв до дїтей, і серця дїтей до отцїв їх, щоб я, прийшовши, не покарав землю прокляттєм."
    }
}