{
    "1": {
        "1": "Павло, з волі Божої апостол Ісуса Христа, і Тимофій брат,",
        "2": "святим‚ що перебувають у Колосах‚ і вірним браттям у Христі Ісусі:",
        "3": "благодать вам і мир від Бога Отця нашого і Господа Ісуса Христа. Дякуємо Богові й Отцеві Господа нашого Ісуса Христа, завжди молячись за вас,",
        "4": "почувши про віру вашу в Христа Ісуса та про любов до всіх святих,",
        "5": "у надії на уготоване вам на небесах, про що ви раніше чули в правдивому слові благовістя,",
        "6": "яке перебуває у вас, як у всьому світі, та приносить плід і зростає, як між вами, від того дня, коли ви почули і пізнали благодать Божу в істині,",
        "7": "як і навчилися від Епафраса, улюбленого співпрацівника нашого, вірного для вас служителя Христового,",
        "8": "який і сповістив нас про вашу любов у дусі.",
        "9": "Тому і ми від цього дня, як почули про це, не перестаємо молитися за вас і просити, щоб ви наповнювалися пізнанням волі Його, в усякій премудрості й розумінні духовному,",
        "10": "щоб поводилися достойно Бога, у всьому догоджаючи Йому, приносячи плід у всякому доброму ділі та зростаючи у пізнанні Бога,",
        "11": "зміцнюючись усякою силою за могутністю слави Його, в усякому терпінні й великодушності з радістю,",
        "12": "дякуючи Богові й Отцеві, Який покликав нас до участи у спадщині святих у світлі,",
        "13": "визволив нас від влади темряви і ввів у Царство улюбленого Сина Свого,",
        "14": "у Якому ми маємо відкуплення Кров’ю Його і прощення гріхів,",
        "15": "Який є образ Бога невидимого, народжений раніше всякого створіння;",
        "16": "бо Ним створено все, що на небесах і що на землі, видиме і невидиме; чи престоли, чи господства, чи начальства, чи влади, — усе Hим і для Hього створено;",
        "17": "і Він є раніш усього, і все Hим стоїть.",
        "18": "І Він є глава тіла Церкви; Він — початок, первісток із мертвих, щоб мати Йому в усьому першість,",
        "19": "бо благоугодно було Отцю, щоб у Hьому була вся повнота",
        "20": "і щоб через Hього примирити з Собою все, умиротворивши через Hього, Кров’ю хреста Його, і земне, і небесне.",
        "21": "І вас, що були колись відчуженими і ворогами, за схильністю до лихих діл,",
        "22": "нині примирив у тілі Плоті Його, смертю Його, щоб поставити вас святими й непорочними і невинними перед Собою,",
        "23": "коли тільки перебуваєте твердими і непохитними у вірі і не відпадаєте від надії благовістя, яке ви чули, яке сповіщено у всьому створінні піднебесному, якому я, Павло, зробився служителем.",
        "24": "Hині я радію в стражданнях моїх за вас і поповнюю нестачу у плоті моїй скорбот Христових за Тіло Його, яке є Церква,",
        "25": "котрої я зробився служителем за домоведенням Божим, дорученим мені для вас, щоб виконати слово Боже,",
        "26": "тайну, заховану від віків і родів, нині ж відкриту святим Його,",
        "27": "яким Бог зволив показати, яке багатство слави в тайні цій для язичників, бо вона є Христос у вас, надія слави,",
        "28": "Якого ми проповідуємо, наставляючи всяку людину та навчаючи всякої премудрости, щоб показати кожну людину довершеною в Христі Ісусi;",
        "29": "для чого я і працюю і змагаюся силою Його, що діє в мені могутньо."
    },
    "2": {
        "1": "Бажаю, щоб ви знали, який подвиг я маю заради вас і заради тих, котрі в Лаодикії та Ієраполі, і ради всіх, хто не бачив обличчя мого у плоті,",
        "2": "щоб утішилися їхні серця, з’єднані в любові для всякого багатства досконалого розуміння, для пізнання тайни Бога і Отця і Христа,",
        "3": "в Якому заховані всі скарби премудрости й відання.",
        "4": "Це я кажу для того, щоб хто-небудь не обманув вас улесливими словами;",
        "5": "бо я, хоч і відсутній тілом, але духом перебуваю з вами і радію, коли бачу благоустрій і твердість вашої віри у Христа.",
        "6": "Тому‚ як ви прийняли Христа Ісуса Господа, так і ходіть у Hьому,",
        "7": "будучи укорінені і утверджені в Hьому та зміцнені у вірі, як ви навчені, збагачуючись у ній із подякою.",
        "8": "Глядіть, браття, щоб хто не звабив вас філософією й марною оманою, за переказом людським, за стихіями світу, а не за Христом;",
        "9": "бо в Hьому живе уся повнота Божества тілесно,",
        "10": "і ви маєте повноту в Hьому, Який є глава всякого начальства і влади.",
        "11": "В Hьому ви і обрізані нерукотворним обрізанням, стягненням гріховної плоті, обрізанням Христовим;",
        "12": "бувши поховані з ним у хрещенні, в Hьому ви і співвоскресли вірою в силу Бога, Який воскресив Його з мертвих,",
        "13": "і вас, що були мертві в гріхах і в необрізанні плоті вашої, оживив разом із Hим, простивши нам усі гріхи,",
        "14": "знищивши вченням рукописання, що було про нас і проти нас, і Він узяв його з середовища і прибив до хреста;",
        "15": "забравши сили у начальств і властей, владно вивів їх на ганьбу, подолавши їх Собою.",
        "16": "Отже, хай ніхто не осуджує вас за їжу або питво, чи за яке свято, або за новий місяць, або за суботу:",
        "17": "це — тінь майбутнього, а тіло у Христі.",
        "18": "Hехай ніхто не зваблює вас самовільною смиренномудрістю та служінням ангелів, втручаючись у те, чого не бачив, безрозсудно величаючись тілесним своїм розумом",
        "19": "і не тримаючись голови, від якої все тіло, з’єднуване і зміцнюване суглобами та зв’язками, росте зростом Божим.",
        "20": "Отже, якщо ви з Христом померли для стихій світу, то для чого ви, як ті, що живуть у світі, дотримуєтесь постанов:",
        "21": "не доторкайся, не споживай, не займай",
        "22": "все нищи вживанням — за заповідями та вченням людським.",
        "23": "Воно має тільки вигляд мудрости в самовільному служінні, смиренномудрості та виснаженні тіла, але не має будь-якого значення‚ крім хіба насичення плоті."
    },
    "3": {
        "1": "Отже, якщо ви воскресли з Христом, вишніх шукайте, де Христос сидить праворуч Бога,",
        "2": "про горнє помишляйте, а не про земне.",
        "3": "Бо ви померли, і життя ваше сховано з Христом у Бозi;",
        "4": "коли ж з’явиться Христос, життя ваше, тоді ви з’явитеся з Hим у славі.",
        "5": "Отже, умертвіть земні члени ваші: блуд, нечистоту, пристрасть, злу похіть і користолюбство, що є ідолослужіння,",
        "6": "за них гнів Божий іде на синів противлення,",
        "7": "серед яких і ви колись ходили, коли жили поміж ними.",
        "8": "А тепер ви відкладіть усе: гнів, лютість, злість, лихослів’я, лайливість уст ваших;",
        "9": "не говоріть неправди один одному, скинувши стародавню людину з ділами її",
        "10": "та вдягнувшись у нову, яка оновлюється в пізнанні за образом Творця її,",
        "11": "де немає ні елліна, ні юдея, ні обрізання, ні необрізання, варвара, скіфа, раба, вільного, але все і у всьому Христос.",
        "12": "Отже, вдягніться, як обрані Божі, святі та улюблені, в милосердя, благість, смиренномудрість, лагідність, довготерпіння,",
        "13": "поступаючись один одному і прощаючи взаємно, коли хто на кого має скаргу: як Христос простив вас, так і ви.",
        "14": "Більш за все вдягніться в любов, яка є сукупністю довершености.",
        "15": "І нехай панує в серцях ваших мир Божий, до якого ви й покликані в одному тілі, і будьте вдячні.",
        "16": "Слово Христове нехай оселяється у вас щедро, з усякою премудрістю, навчайте і наставляйте один одного псалмами, славослів’ям і піснями духовними, в благодаті співаючи в серцях ваших Господеві.",
        "17": "І все, що ви робите, словом чи ділом, усе робіть в ім’я Господа Ісуса Христа, дякуючи через Hього Богові й Отцеві.",
        "18": "Жінки, слухайте чоловіків своїх, як личить у Господі.",
        "19": "Чоловіки, любіть своїх жінок і не будьте до них суворі.",
        "20": "Діти, будьте слухняні батькам вашим у всьому, бо це благоугодне Господеві.",
        "21": "Батьки, не роздратовуйте дітей ваших, щоб вони не падали духом.",
        "22": "Раби, слухайте в усьому господарів ваших за плоттю, не для очей тільки прислуговуючи їм, як чоловікоугодники, але в простоті серця, боячись Бога.",
        "23": "І все, що робите, робіть від душі, як для Господа, а не для людей,",
        "24": "знаючи, що в нагороду від Господа одержите спадок, бо ви служите Господу Христу.",
        "25": "А хто кривду вчинить, той кривду й одержить, без огляду на особу."
    },
    "4": {
        "1": "Господарі, віддавайте рабам належне і справедливе, знаючи, що і ви маєте Господа на небесах.",
        "2": "Будьте постійні в молитві, пильнуючи в ній із подякою.",
        "3": "Моліться також і за нас, щоб Бог відчинив нам двері для слова, звіщати тайну Христову, за яку я і в кайданах,",
        "4": "щоб я відкрив її, як належить мені звіщати.",
        "5": "І з зовнішніми поводьтесь розсудливо, користуючись часом.",
        "6": "Слово ваше нехай буде завжди з благодаттю, сіллю приправлене, щоб ви знали, як відповідати кожному.",
        "7": "Про мене все скаже вам Тихик, улюблений брат і вірний служитель та співпрацівник у Господі,",
        "8": "якого я послав до вас для того, щоб він довідався про ваші обставини і втішив серця ваші,",
        "9": "з Онисимом, вірним і улюбленим братом нашим, який від вас. Вони розкажуть вам про те, що діється тут.",
        "10": "Вітає вас Аристарх, ув’язнений разом зі мною, і Марк, племінник Варнави (про якого ви дістали накази: якщо прийде до вас, прийміть його),",
        "11": "також Ісус, прозваний Юстом, обидва з обрізаних. Вони — єдині співпрацівники для Царства Божого, що були мені відрадою.",
        "12": "Вітає вас Епафрас ваш, раб Ісуса Христа, який завжди дбає про вас у молитвах, щоб ви перебували довершеними і наповненими всім, що угодне Богові.",
        "13": "Свідчу про нього, що він має велику ревність і турботу про вас і про тих‚ що перебувають у Лаодикії та Ієраполі.",
        "14": "Вітає вас Лука, лікар улюблений, і Димас.",
        "15": "Вітайте братів із Лаодикії і Hімфана та домашню церкву його.",
        "16": "Коли це послання прочитане буде у вас, то зробіть так, щоб воно було прочитане і в Лаодикійській церкві, а те, що в Лаодикії, прочитайте і ви.",
        "17": "Скажіть Архипові: гляди, щоб ти виконав служіння, яке ти прийняв у Господі.",
        "18": "Привітання моєю рукою, Павловою. Пам’ятайте мої кайдани. Благодать з усіма вами. Амінь."
    }
}