{
    "1": {
        "1": "Про те, що було від початку, що ми чули, що бачили своїми очима, що розглядали і чого торкалися руки наші, про Слово життя, —",
        "2": "бо життя явилось‚ і ми бачили‚ і свідчимо, і звіщаємо вам це вічне життя, яке було в Отця і явилось нам, —",
        "3": "про те, що ми бачили і чули, звіщаємо вам, щоб і ви мали єднання з нами: а наше єднання — з Отцем і Сином Його, Ісусом Христом.",
        "4": "І це пишемо вам, щоб радість ваша була повна.",
        "5": "І ось благовістя, яке ми чули від Нього і звіщаємо вам: Бог є світло, і немає в Ньому ніякої темряви.",
        "6": "Коли ж ми кажемо, що маємо єднання з Ним, а ходимо в темряві, то ми неправду говоримо і не творимо істини;",
        "7": "коли ж ходимо в світлі, подібно до того, як Він у світлі, то маємо єднання один з одним, і Кров Ісуса Христа, Сина Його, очищає нас від усякого гріха.",
        "8": "Якщо кажемо, що не маємо гріха, — обманюємо самих себе, і правди немає в нас.",
        "9": "Коли сповідаємо гріхи наші, то Він, будучи вірним і праведним, простить нам гріхи наші і очистить нас від усякої неправди.",
        "10": "Коли кажемо, що ми не згрішили, то представляємо Його неправдомовним і слова Його немає в нас."
    },
    "2": {
        "1": "Діти мої! Це пишу вам, щоб ви не грішили, а коли б хто згрішив, то ми маємо заступника перед Отцем, Ісуса Христа, Праведника.",
        "2": "Він є очищення від гріхів наших, і не тільки від наших, але і від гріхів усього світу.",
        "3": "А що ми пізнали Його, розуміємо з того, що дотримуємось Його заповідей.",
        "4": "Хто говорить: «Я пізнав Його», але заповідей Його не виконує, той неправдомовець і немає в ньому правди;",
        "5": "а хто дотримує слово Його, в тому істинно любов Божа здійснилася; з цього пізнаємо‚ що ми в Ньому.",
        "6": "Хто говорить, що перебуває в Ньому, той повинен робити так, як Він робив.",
        "7": "Улюблені! Пишу вам не нову заповідь, а заповідь давню, яку ви мали від початку. Давня заповідь — це слово, яке ви чули від початку.",
        "8": "Але при тому і нову заповідь пишу вам, що є справді і в Ньому, і у вас, тому що темрява минає і правдиве світло вже світить.",
        "9": "Хто говорить, що він у світлі, а ненавидить брата свого, той ще в темряві.",
        "10": "Хто любить брата свого, той перебуває у світлі, і немає в ньому спокуси.",
        "11": "А хто ненавидить брата свого, той перебуває в темряві, і в темряві ходить, і не знає, куди йде, бо темрява засліпила очі йому.",
        "12": "Пишу вам, діти, бо прощаються вам гріхи імені Його ради.",
        "13": "Пишу вам, батьки, бо ви пізнали Сущого від початку. Пишу вам, юнаки, бо ви перемогли лукавого. Пишу вам, юнаки, бо ви пізнали Отця.",
        "14": "Я написав вам, батьки, бо ви пізнали Безпочаткового. Я написав вам, юнаки, бо ви сильні, і слово Боже перебуває у вас, і ви перемогли лукавого.",
        "15": "Не любіть світу, ні того, що в світі: хто любить світ, у тому немає любові Отчої.",
        "16": "Бо все, що в світі: похіть плотська, похіть очима і гордість житейська, не від Отця, а від світу цього.",
        "17": "І світ минає, і похіть його, а той, хто виконує волю Божу, перебуває повік.",
        "18": "Діти! Остання це година! І як ви чули, що прийде антихрист — і тепер з’явилося багато антихристів, — з цього ми і пізнаємо, що остання година настала.",
        "19": "Вони вийшли від нас, але не були наші: бо якби вони були наші, то залишилися б з нами; але вони вийшли‚ і через те виявилося, що не всі наші.",
        "20": "Ви ж маєте помазання від Святого і знаєте все.",
        "21": "Я написав вам не тому, що ви не знаєте істини, але тому, що ви знаєте її і що всяка неправда не від істини.",
        "22": "Хто неправдомовець, як не той, хто відкидає, що Ісус є Христос? Це антихрист, що зрікається Отця і Сина.",
        "23": "Кожен, хто зрікається Сина, не має і Отця, а хто сповідує Сина, має і Отця.",
        "24": "Отже, що ви чули від початку, те нехай і перебуває у вас; якщо перебуватиме у вас те, що ви чули від початку, то і ви перебуватимете в Сині і в Отці.",
        "25": "Обітниця ж, яку Він дав нам, є життя вічне.",
        "26": "Це я написав вам про тих, що вводять вас в оману.",
        "27": "А втім, помазання, яке ви одержали від Нього, у вас перебуває, і ви не маєте потреби, щоб хто вчив вас; а що саме це помазання вчить вас усьому, і воно істинне і нехибне, то чого воно навчило вас, у тому перебувайте.",
        "28": "Отже, діти, перебувайте в Ньому, щоб‚ коли Він явиться, мали ми дерзновення і не осоромилися перед Ним у пришестя Його.",
        "29": "Коли ви знаєте, що Він праведник, то зрозумійте і те, що кожен, хто творить правду, від Нього народився."
    },
    "3": {
        "1": "Бачите, яку любов дав нам Отець, щоб нам називатися і бути дітьми Божими. Світ тому не знає нас, що не пізнав Його.",
        "2": "Улюблені! Ми тепер діти Божі, але ще не відкрилося, що будемо. Знаємо тільки, що‚ коли відкриється, будемо подібні до Нього, тому що побачимо Його, як Він є.",
        "3": "І кожний, хто має цю надію на Нього, очищає себе, бо Він чистий.",
        "4": "Усякий, хто чинить гріх, чинить і беззаконня; і гріх є беззаконня.",
        "5": "І ви знаєте, що Він явився для того, щоб узяти гріхи наші, і що в Ньому немає гріха.",
        "6": "Кожний, хто перебуває в Ньому, не грішить; усякий, хто грішить, не бачив Його і не пізнав Його.",
        "7": "Діти! Нехай ніхто не вводить вас в оману. Хто творить правду, той праведний, як і Він праведний.",
        "8": "Хто чинить гріх, той від диявола, бо спочатку диявол згрішив. Заради цього і явився Син Божий, щоб зруйнувати діла диявола.",
        "9": "Кожний, народжений від Бога, не чинить гріха, тому що сім’я Його перебуває в ньому, і він не може грішити, бо народжений від Бога.",
        "10": "Діти Божі і діти диявола пізнаються так: усякий, хто не творить правди, не є від Бога, як і той, хто не любить брата свого.",
        "11": "Бо таке є благовістування, яке ви чули від початку, щоб ми любили один одного,",
        "12": "не так, як Каїн, який був від лукавого і вбив брата свого. А за що вбив його? За те, що діла його були злі, а діла брата його — праведні.",
        "13": "Hе дивуйтеся, браття мої, якщо світ ненавидить вас.",
        "14": "Ми знаємо, що ми перейшли зі смерти в життя, бо любимо братів; той, хто не любить брата, перебуває в смерті.",
        "15": "Усякий, хто ненавидить брата свого, є людиновбивця; а ви знаєте, що ніякий людиновбивця не має життя вічного, що в ньому перебувало б.",
        "16": "Любов пізнали ми з того, що Він поклав за нас душу Свою: і ми повинні класти душі свої за братів.",
        "17": "А хто має достатки на світі, але, коли бачить брата свого в нужді, зачиняє від нього своє серце, то як може перебувати в такому любов Божа?",
        "18": "Діти мої! Будемо любити не словом чи язиком, а ділом і правдою.",
        "19": "І ось із цього пізнаємо, що ми від істини, і впокорюємо перед Hим серця нашi;",
        "20": "бо якщо серце наше засуджує нас, то тим більше Бог, бо Бог більший від нашого серця і знає все.",
        "21": "Улюблені! Якщо наше серце не засуджує нас, то ми маємо дерзновення до Бога",
        "22": "і, чого тільки попросимо, одержимо від Hього, бо дотримуємося заповідей Його і робимо угодне для Hього.",
        "23": "А заповідь Його та, щоб ми вірували в ім’я Сина Його Ісуса Христа і любили один одного, як Він заповів нам.",
        "24": "І хто зберігає заповіді Його, той перебуває в Hьому, і Він у тому. А що Він перебуває в нас, пізнаємо від Духа, який Він дав нам."
    },
    "4": {
        "1": "Улюблені! Не всякому духові вірте, але випробовуйте духів, чи від Бога вони, бо багато лжепророків з’явилось у світі.",
        "2": "Духа Божого і духа омани пізнавайте так: усякий дух, що сповідує Ісуса Христа, Який прийшов у плоті, є від Бога;",
        "3": "а всякий дух, що не сповідує Ісуса Христа, Який прийшов у плотi , не є від Бога, але це дух антихриста, про якого ви чули, що він прийде і тепер уже є в світі.",
        "4": "Діти! Ви від Бога і перемогли їх; бо Той, Хто у вас, більший за того, хто у світі.",
        "5": "Вони від світу, тому і говорять, як у світі, і світ слухає їх.",
        "6": "Ми від Бога; той, хто знає Бога, слухає нас; хто не від Бога, той не слухає нас. З цього пізнаємо духа істини і духа омани.",
        "7": "Улюблені! Будемо любити один одного, бо любов від Бога, і кожен, хто любить, народжений від Бога і знає Бога.",
        "8": "Хто не любить, той не пізнав Бога, тому що Бог є любов.",
        "9": "Любов Божа до нас відкрилась у тому, що Бог послав у світ Єдинородного Сина Свого, щоб ми жили через Hього.",
        "10": "У тому любов, що не ми полюбили Бога, а Він полюбив нас і послав Сина Свого на очищення від гріхів наших.",
        "11": "Улюблені! Якщо так полюбив нас Бог, то і ми повинні любити один одного.",
        "12": "Бога ніхто ніколи не бачив. Якщо ми любимо один одного, то Бог у нас перебуває, і довершена Його любов є в нас.",
        "13": "Що ми перебуваємо в Hьому і Він у нас, пізнаємо з того, що Він дав нам від Духа Свого.",
        "14": "І ми бачили і свідчимо, що Отець послав Сина Спасителем світу.",
        "15": "Хто сповідує, що Ісус є Син Божий, в тому перебуває Бог і він у Бозі.",
        "16": "І ми пізнали любов, що має до нас Бог, і увірували в неї. Бог є любов, і хто перебуває в любові, перебуває в Бозі і Бог у ньому.",
        "17": "Любов досягає в нас такої довершености, що ми маємо дерзновення в день судний, бо робимо в цьому світі, як Він.",
        "18": "У любові немає страху, але довершена любов проганяє страх, бо страх має муку. Той, хто боїться, не довершений у любові.",
        "19": "Будемо любити Його, бо Він раніше полюбив нас.",
        "20": "Хто каже: «Я люблю Бога», а брата свого ненавидить, той говорить неправду: бо той, хто не любить брата свого, якого бачить, як може любити Бога, Якого не бачить?",
        "21": "І ми маємо від Hього таку заповідь, щоб той, хто любить Бога, любив і брата свого."
    },
    "5": {
        "1": "Всякий, хто вірує, що Ісус є Христос, від Бога народжений, і кожен, Хто любить Того, Хто народив, любить і Того, Хто народився від Hього.",
        "2": "Що ми любимо дітей Божих, пізнаємо з того, коли любимо Бога і дотримуємося заповідей Його.",
        "3": "Бо це є любов до Бога, щоб ми дотримувалися заповідей Його; і заповіді Його не тяжкі.",
        "4": "Бо всякий, народжений від Бога, перемагає світ; і ця перемога, що перемогла світ, — віра наша.",
        "5": "Хто перемагає світ, як не той, хто вірує, що Ісус є Син Божий?",
        "6": "Цей є Ісус Христос, Який прийшов водою і кров’ю і Духом, не водою тільки, але водою і кров’ю, і Дух свідчить про Hього, бо Дух є істина.",
        "7": "Бо троє свідчать на небі: Отець, Слово і Святий Дух; і Ці троє — єдине.",
        "8": "І троє свідчать на землі: дух, вода і кров; і ці троє — про єдине.",
        "9": "Якщо ми приймаємо свідчення людське, то свідчення Боже — більше, бо це є свідчення Боже, яким Бог свідчив про Сина Свого.",
        "10": "Хто вірує в Сина Божого, має свідчення в собі самому; хто не вірує Богові, той робить Його неправдомовцем, бо не вірує в свідчення, яким Бог свідчив про Сина Свого.",
        "11": "Свідчення це полягає в тому, що Бог дарував нам життя вічне, і це життя в Сині Його.",
        "12": "Хто має Сина Божого, той має життя; хто не має Сина Божого, той не має життя.",
        "13": "Це написав я вам, що віруєте в ім’я Сина Божого, щоб ви знали, що ви, віруючи в Сина Божого, маєте життя вічне.",
        "14": "І ось яке дерзновення ми маємо до Hього, що, коли просимо чого згідно волі Його, Він слухає нас.",
        "15": "А коли ми знаємо, що Він слухає нас у всьому, чого б ми не просили, — знаємо й те, що, чого просимо, одержуємо від Hього.",
        "16": "Коли хто бачить свого брата, який грішить гріхом не на смерть, то нехай молиться, і Бог дасть йому життя, тобто тому, хто грішить гріхом не на смерть. Є гріх на смерть: не про цей кажу, щоб він молився.",
        "17": "Всяка неправда є гріх; але є гріх не на смерть.",
        "18": "Ми знаємо, що всякий, народжений від Бога, не грішить, але народжений від Бога береже себе, і лукавий не торкається його.",
        "19": "Ми знаємо, що ми від Бога і що весь світ лежить у злі.",
        "20": "Знаємо також, що Син Божий прийшов і дав нам світло і розум, щоб ми пізнали Бога істинного і щоб були в істинному Сині Його Ісусі Христі. Цей є істинний Бог і життя вічне.",
        "21": "Діти! Бережіть себе від ідолів. Амінь."
    }
}