{
    "1": {
        "1": "Старець — обраній господині і дітям її, яких я дійсно люблю, і не тільки я, а й усі, що пізнали істину,",
        "2": "заради істини, що перебуває в нас і буде з нами повік.",
        "3": "Hехай буде з вами благодать, милість, мир від Бога Отця і від Господа Ісуса Христа, Сина Отчого, в істині й любові.",
        "4": "Я дуже зрадів, що знайшов між твоїми дітьми таких, що ходять в істині, як ми прийняли заповідь від Отця.",
        "5": "І нині благаю тебе, господине, не як нову заповідь пишу тобі, а як ту, що ми маємо від початку, щоб ми любили один одного.",
        "6": "Любов же полягає в тому, щоб ми жили за Його заповідями. Це та заповідь, яку ви чули від початку, та щоб жили згідно з нею.",
        "7": "Бо багато з тих, хто вводить в оману, увійшло в світ; вони не сповідують Ісуса Христа, Який прийшов у плоті: така людина є спокусник і антихрист.",
        "8": "Пильнуйте себе, щоб нам не загубити того, над чим ми трудились, але щоб одержати повну нагороду.",
        "9": "Кожен, хто переступає вчення Христове і не перебуває в Hьому, не має Бога; хто перебуває в ученні Христовому, має і Отця і Сина.",
        "10": "Хто приходить до вас і не приносить цього вчення, того не приймайте в дім і не вітайте його.",
        "11": "Бо той, хто його вітає, бере участь у злих ділах його.",
        "12": "Багато чого маю написати вам, але не хочу на папері чорнилами, а маю надію прийти до вас і говорити устами до уст, щоб радість ваша була повна.",
        "13": "Вітають тебе діти сестри твоєї обраної. Амінь."
    }
}