{
    "1": {
        "1": "Im ersten Regierungsjahr des Perserkönigs Kyrus sollte sich erfüllen, was Jahwe durch den Propheten Jeremia angekündigt hatte. Jahwe bewegte den König dazu, in seinem ganzen Reich folgende Verfügung mündlich und schriftlich bekannt zu machen:",
        "2": "\"Kyrus, der König von Persien, gibt bekannt: Jahwe, der Gott des Himmels, hat alle Königreiche der Erde in meine Gewalt gegeben. Nun hat er mich beauftragt, ihm in Jerusalem in Judäa einen Tempel zu bauen.",
        "3": "Wer von euch zu seinem Volk gehört, möge nach Jerusalem in Judäa hinaufziehen, wo Jahwe, der Gott Israels, wohnt, und sein Haus bauen. Und sein Gott möge mit ihm sein!",
        "4": "Wer irgendwo vom Volk dieses Gottes übriggeblieben ist, soll von den Leuten seines Ortes mit Silber und Gold, mit beweglicher Habe und Vieh unterstützt werden. Dazu kann man ihnen freiwillige Gaben für das Haus Gottes in Jerusalem mitgeben.\"",
        "5": "Da machten sich die Sippenoberhäupter der Stämme Juda und Benjamin auf, die Priester, die Leviten und viele andere, die Gott bereit gemacht hatte, den Tempel Jahwes in Jerusalem zu bauen.",
        "6": "Alle ihre Nachbarn unterstützten sie in jeder Weise mit Silber und Gold, mit beweglicher Habe und Vieh und vielen anderen wertvollen Dingen. Dazu kamen noch alle möglichen freiwilligen Gaben.",
        "7": "König Kyrus gab auch die Tempelgeräte für das Haus Jahwes wieder zurück, die Nebukadnezzar in Jerusalem erbeutet und in das Haus seines Gottes gebracht hatte.",
        "8": "Der Perserkönig ließ sie unter der Aufsicht des Schatzmeisters Mitredat hervorholen, der sie Scheschbazzar, dem Statthalter Judas, abgezählt aushändigte.",
        "9": "Es waren unter anderem 30 goldene Schalen, 1.000 silberne Opferschalen und 29 Ersatzstücke,",
        "10": "30 goldene Becher, 410 zweitrangige Silberbecher und 1.000 andere Objekte,",
        "11": "insgesamt 5.400 Gegenstände aus Gold und Silber. Das alles nahm Scheschbazzar mit, als er die nach Babylonien verschleppten Juden wieder nach Jerusalem zurückführte."
    },
    "2": {
        "1": "Es folgt eine Liste der Einwohner, die aus der Gefangenschaft in die Provinz nach Jerusalem und Juda heimkehrten. Sie waren die Nachkommen derer, die der babylonische König Nebukadnezzar nach Babel verschleppt hatte. Jeder kehrte an den Ort zurück, aus dem seine Familie stammte.",
        "2": "Angeführt wurden sie von Serubbabel, Jeschua, Nehemja, Seraja, Reelaja, Mordochai, Bilschan, Mispar, Bigwai, Rehum und Baana. Die Zahlen der Männer, die zu den jeweiligen Sippen gehörten, waren:",
        "3": "Parosch: 2.172",
        "4": "Schefatja: 372;",
        "5": "Arach: 775;",
        "6": "Pahat-Moab, die Nachkommen von Jeschua und Joab: 2.812",
        "7": "Elam: 1.254",
        "8": "Sattu: 945;",
        "9": "Sakkai: 760;",
        "10": "Bani: 642;",
        "11": "Bebai: 623;",
        "12": "Asgad: 1.222",
        "13": "Adonikam: 666;",
        "14": "Bigwai: 2.056",
        "15": "Adin: 454;",
        "16": "Ater von den Nachkommen Hiskijas: 98;",
        "17": "Bezai: 323;",
        "18": "Jora: 112;",
        "19": "Haschum: 223;",
        "20": "Gibbar: 95;",
        "21": "aus Bethlehem: 123;",
        "22": "aus Netofa: 56;",
        "23": "aus Anatot: 128;",
        "24": "aus Asmawet: 42;",
        "25": "aus Kirjat-Jearim, Kefira und Beërot: 743;",
        "26": "aus Rama und Geba: 621;",
        "27": "aus Michmas: 122;",
        "28": "aus Bet-El und Ai: 223;",
        "29": "aus Nebo: 52.",
        "30": "Nachkommen des Magbisch: 156;",
        "31": "Nachkommen eines anderen Elam: 1.254",
        "32": "Nachkommen von Harim: 320;",
        "33": "aus Lod, Hadid und Ono: 725;",
        "34": "aus Jericho: 345;",
        "35": "die Nachkommen Senaas: 3.630.",
        "36": "Von den Priestersippen kamen die Nachkommen Jedajas, Nachfahren von Jeschua: 973;",
        "37": "Immer: 1.052",
        "38": "Paschhur: 1.247",
        "39": "Harim: 1.017",
        "40": "Von den Leviten kamen die Sippe Jeschua, die Nachkommen von Kadmiël, Binnui und Hodawja: 74.",
        "41": "Tempelsänger: die Nachkommen von Asaf: 128;",
        "42": "Torwächter: die Nachkommen von Schallum, Ater, Talmon, Akkub, Hatita und Schobai: 139;",
        "43": "Tempelsklaven: die Nachkommen von Ziha, Hasufa, Tabbaot,",
        "44": "Keros, Sia, Padon,",
        "45": "Lebana, Hagaba, Akkub,",
        "46": "Hagab, Salmai, Hanan,",
        "47": "Giddel, Gahar, Reaja,",
        "48": "Rezin, Nekoda, Gasam,",
        "49": "Usa, Paseach, Besai,",
        "50": "Asna, die Mëuniter und Nefusiter,",
        "51": "Bakbuk, Hakufa, Harhur,",
        "52": "Bazlut, Mehida, Harscha,",
        "53": "Barkos, Sisera, Temach,",
        "54": "Neziach, Hatifa.",
        "55": "Sklaven Salomos: Sotai, Soferet, Peruda,",
        "56": "Jaala, Darkon, Giddel,",
        "57": "Schefatja, Hattil, Pocheret-Zebajim, Ami.",
        "58": "Die Gesamtzahl der Tempelsklaven und der Nachkommen der Sklaven Salomos betrug 392.",
        "59": "Aus Tel-Melach, Tel-Harscha, Kerub-Addon und Immer kamen folgende Sippen, die ihre Herkunft aus Israel nicht nachweisen konnten:",
        "60": "Delaja, Tobija und Nekoda: 652.",
        "61": "Von den Nachkommen der Priester waren es die Sippen Habaja, Koz und Barsillai. Barsillai hatte damals eine Tochter von dem Barsillai aus Gilead geheiratet und dessen Namen angenommen.",
        "62": "Sie konnten ihre Abstammungsnachweise nicht finden. Deshalb wurden sie für unrein erklärt und vom Priesteramt ausgeschlossen.",
        "63": "Der Statthalter untersagte ihnen, von den hochheiligen Opfergaben zu essen, bis wieder ein Priester für die Urim und Tummim auftreten würde.",
        "64": "Insgesamt kehrten 42.360 Israeliten in die Heimat zurück.",
        "65": "Dazu kamen noch 7.337 Sklaven und Sklavinnen und 200 Sänger und Sängerinnen.",
        "66": "Außerdem brachten die Israeliten 736 Pferde, 245 Maultiere,",
        "67": "435 Kamele und 6.720 Esel mit.",
        "68": "Als sie dann am Tempelberg in Jerusalem ankamen, gaben einige von den Sippenoberhäuptern Spenden, damit das Haus Jahwes an seiner alten Stelle wieder aufgebaut werden konnte.",
        "69": "Nach ihren Möglichkeiten gaben sie 61.000 Dariken, 5.000 Minen Silber und 100 Priesterkleider.",
        "70": "Die Priester, die Leviten, die Sänger, die Torwächter, die Tempelsklaven und das übrige Volk ließen sich in ihren Heimatorten nieder."
    },
    "3": {
        "1": "Als der Oktober herankam – die Israeliten befanden sich bereits in ihren Heimatorten –, versammelte sich das ganze Volk in Jerusalem.",
        "2": "Jeschua Ben-Jozadak und Serubbabel Ben-Schealtiël begannen mit ihren Brüdern, den Priestern und den anderen Israeliten, den Altar des Gottes Israels wieder aufzubauen. Sie wollten auf ihm die Brandopfer darbringen, wie sie im Gesetz von Mose, dem Mann Gottes, vorgeschrieben waren.",
        "3": "Obwohl sie vor den Nachbarvölkern Angst hatten, errichteten sie den Altar auf seinen alten Fundamenten und opferten Jahwe auf ihm die Morgen- und Abendbrandopfer.",
        "4": "Dann feierten sie das Laubhüttenfest nach der Vorschrift des Gesetzes und opferten jeden Tag die vorgeschriebene Zahl an Brandopfern.",
        "5": "Von da an wurden alle Brandopfer wieder regelmäßig dargebracht, auch die an den Neumondtagen und allen anderen Festen Jahwes sowie die freiwilligen Opfer für Jahwe.",
        "6": "Am 1. Oktober hatten sie wieder angefangen, Jahwe Brandopfer darzubringen. Aber die Fundamente für den Wiederaufbau des Tempels waren noch nicht gelegt.",
        "7": "Dann nahmen sie Steinhauer und Zimmerer gegen Bezahlung in Dienst und beauftragten Arbeiter aus Sidon und Tyrus, Zedernstämme vom Libanon übers Meer nach Jafo zu bringen. Dafür lieferten sie ihnen Nahrungsmittel, Getränke und Olivenöl. Kyrus, der König von Persien, hatte sie dazu ermächtigt.",
        "8": "Im Mai des zweiten Jahres nach ihrer Rückkehr wurde mit den Bauarbeiten für das Haus Gottes in Jerusalem begonnen. Jeschua Ben-Jozadak und Serubbabel Ben-Schealtiël standen zusammen mit ihren Brüdern, den Priestern, den Leviten und den anderen Israeliten, die aus der Gefangenschaft nach Jerusalem zurückgekommen waren, geschlossen hinter dem Werk. Sie übertrugen den Leviten, die 20 Jahre und älter waren, die Aufsicht über die Bauarbeiten am Tempel Jahwes.",
        "9": "Jeschua leitete zusammen mit seinen Söhnen, seinen Brüdern sowie Kadmiël und seinen Söhnen und den Söhnen Hodawjas die Leute an, die die Arbeit am Haus Gottes ausführten. Auch die Leviten der Sippe Henadad gehörten zu den Aufsehern.",
        "10": "Als die Bauleute das Fundament für den Tempel Jahwes legten, waren die Priester in ihrer Amtskleidung angetreten. Sie hatten Trompeten in der Hand. Auch die Leviten, die zu den Nachkommen Asafs gehörten, standen mit Zimbeln bereit. Sie wollten Jahwe preisen, wie es David, der König von Israel, angeordnet hatte.",
        "11": "Dann stimmten sie den Wechselgesang an. Sie lobten und priesen Jahwe: \"Wie gut ist er! Niemals hört seine Liebe zu Israel auf!\" Das ganze Volk fiel jubelnd in das Lob Jahwes ein, denn das Fundament für den Tempel war nun gelegt.",
        "12": "Doch während die einen vor Freude jubelten, weinten viele von den Alten, den Priestern, Leviten und Sippenoberhäuptern, die den ersten Tempel noch gesehen hatten. Sie weinten laut, als vor ihren Augen das Fundament gelegt wurde.",
        "13": "Doch das Jubelgeschrei übertönte das Weinen. Das Volk machte solchen Lärm, dass es noch in der Ferne zu hören war."
    },
    "4": {
        "1": "Als die Feinde von Juda und Benjamin erfuhren, dass die Heimkehrer dabei waren, Jahwe, dem Gott Israels, einen Tempel zu bauen,",
        "2": "kamen sie zu Serubbabel und den Sippenoberhäuptern und sagten: \"Lasst uns gemeinsam bauen! Wir dienen doch dem gleichen Gott wie ihr! Seit der Zeit des Assyrerkönigs Asarhaddon, der uns hier angesiedelt hat, bringen wir ihm Opfer.\"",
        "3": "Doch Serubbabel, Jeschua und die Sippenoberhäupter erwiderten: \"Es geht nicht, dass ihr mit uns zusammen ein Haus für unseren Gott baut. Wir allein dürfen den Tempel für Jahwe, den Gott Israels, bauen. So hat es uns Kyrus, der König von Persien, befohlen.\"",
        "4": "Von da an versuchten die Leute, die schon vorher im Land wohnten, die Heimgekehrten mutlos zu machen und vom Bauen abzuschrecken.",
        "5": "Sie bestachen sogar einige Beamte von König Kyrus, um die Pläne der Heimkehrer zu vereiteln. Diese Politik verfolgten sie bis in die Zeit des Perserkönigs Darius.",
        "6": "In der Regierungszeit des Ahasveros, gleich am Anfang seiner Herrschaft, erhoben die Gegner der Juden schriftlich Anklage gegen die Bewohner von Judäa und Jerusalem.",
        "7": "Und in den Tagen von Artasasta schrieben Bischlam, Mitredat, Tabeel und ihre Amtskollegen einen Brief an den persischen König. Der Text war in aramäischer Schrift und Sprache verfasst worden.",
        "8": "Rehum, der Befehlshaber Samarias, und Schimschai, sein Sekretär, verfassten also folgendes Schreiben gegen den Wiederaufbau Jerusalems und schickten es an König Artasasta.",
        "9": "Als Absender werden genannt: der Befehlshaber Rehum, der Sekretär Schimschai und ihre Amtskollegen, die Richter, die Beamten, die Schreiber und die Verwalter, sodann die Leute aus Erech, Babel und Susa – das sind Elamiter –",
        "10": "sowie die Vertreter der übrigen Volksgruppen, die der große und berühmte Assurbanipal in die Städte Samarias und das übrige Gebiet westlich des Euphrat umgesiedelt hat.",
        "11": "Das Schreiben lautet: \"An König Artasasta von seinen Untertanen westlich des Euphrat.",
        "12": "Wir haben dem König Folgendes zu melden: Die Juden, die aus deiner Nähe weggezogen und zu uns nach Jerusalem gekommen sind, wollen die böse, aufrührerische Stadt wieder aufbauen. Sie errichten Mauern und bessern Fundamente aus.",
        "13": "Wir geben dem König zu bedenken, dass die Bewohner dieser Stadt keine Steuern, Abgaben und Zölle mehr zahlen werden, sobald ihre Mauern wieder stehen. Das wird zum Nachteil des Königshauses sein.",
        "14": "Weil wir nun dem König Treue geschworen haben, können wir nicht tatenlos zusehen, wie der König bloßgestellt wird. Darum erstatten wir Bericht und schlagen vor,",
        "15": "in den Chroniken deiner Vorgänger nachzuforschen. Dort wirst du den sicheren Beweis finden, dass diese Stadt immer schon rebellisch war und den Königen und Statthaltern viel Schaden zugefügt hat. Ihre Bewohner sind seit jeher Unruhestifter gewesen, und darum wurde die Stadt ja auch zerstört.",
        "16": "Wir machen den König darauf aufmerksam: Wenn diese Stadt wieder aufgebaut wird und ihre Mauern wiederhergestellt sind, wird die ganze Westeuphrat-Provinz dem König verloren gehen.\"",
        "17": "Der König ließ folgende Antwort übermitteln: \"An den Befehlshaber Rehum, den Sekretär Schimschai und ihre Amtskollegen in Samaria und in der ganzen Westeuphrat-Provinz meinen Gruß.",
        "18": "Der Brief, den ihr an uns geschickt habt, ist mir Wort für Wort vorgelesen worden.",
        "19": "Ich habe daraufhin in den Chroniken nachforschen lassen und herausgefunden, dass diese Stadt sich seit jeher gegen die Könige aufgelehnt hat; immer wieder gab es Aufruhr und Empörung in ihr.",
        "20": "Dort haben Könige regiert, die ihre Herrschaft über das ganze Land westlich des Euphrat ausdehnten und von den Bewohnern Abgaben, Steuern und Zölle erhoben haben.",
        "21": "Darum sollt ihr den Leuten dort befehlen, die Bauarbeiten einzustellen. Jerusalem darf erst wieder aufgebaut werden, wenn ich selbst es ausdrücklich anordne.",
        "22": "Seid auf der Hut, dass diese Angelegenheit nicht verzögert wird und kein Schaden für das Königshaus entsteht!\"",
        "23": "Sobald das Schreiben des Königs vor Rehum, Schimschai und ihren Kollegen verlesen worden war, machten sie sich schnellstens auf den Weg nach Jerusalem und hinderten die Juden mit Waffengewalt am Weiterbau.",
        "24": "Schon vorher war der Wiederaufbau des Tempels in Jerusalem verhindert worden. Bis zum zweiten Regierungsjahr des Perserkönigs Darius ruhte der Bau."
    },
    "5": {
        "1": "Dann traten die Propheten Haggai und Sacharja, der Enkel Iddos, in die Öffentlichkeit. Sie weissagten und ermutigten die Juden in Judäa und Jerusalem im Namen des Gottes Israels über ihnen.",
        "2": "Da machten sich Serubbabel Ben-Schealtiël und Jeschua Ben-Jozadak an die Arbeit und nahmen den Tempelbau wieder auf. Die Propheten Gottes standen ihnen zur Seite und unterstützten sie.",
        "3": "Kaum hatten sie begonnen, kamen auch schon Tattenai, der Statthalter der Westeuphrat-Provinz, und Schetar-Bosnai mit ihren Amtskollegen zu ihnen und fragten: \"Wer hat euch die Genehmigung erteilt, diesen Tempel in seiner früheren Form wieder aufzubauen?\"",
        "4": "\"Wie heißen die Männer, die für diesen Bau verantwortlich sind?\", fragten sie weiter.",
        "5": "Aber Gott sorgte dafür, dass sie nichts gegen die Ältesten der Juden unternahmen und sie ungehindert weiterbauen konnten, bis eine Entscheidung von König Darius eingetroffen war.",
        "6": "Hier folgt eine Abschrift des Briefes, den Tattenai, der Statthalter der Westeuphrat-Provinz, und Schetar-Bosnai zusammen mit den königlich-persischen Beamten an König Darius schickten:",
        "7": "\"An König Darius: Möge es dir wohl ergehen.",
        "8": "Wir haben dir zu melden, dass wir im Bezirk Judäa waren. Wir sahen dort, dass der Tempel des großen Gottes wieder aufgebaut wird. Die Leute arbeiten mit großen Quadersteinen und fügen Lagen von Balken in die Mauern ein. Sie arbeiten zielstrebig und kommen schnell voran.",
        "9": "Wir fragten die Ältesten, wer ihnen die Genehmigung erteilt habe, diesen Tempel in seiner alten Form wieder aufzubauen.",
        "10": "Wir fragten sie auch nach ihren Namen, um dir eine Liste ihrer führenden Männer senden zu können.",
        "11": "Sie antworteten: 'Wir sind Diener des Gottes, der Himmel und Erde regiert, und bauen den Tempel wieder auf, der früher viele Jahre hier gestanden hat. Ein großer König von Israel hatte ihn gebaut.",
        "12": "Weil unsere Vorfahren aber den Gott des Himmels erzürnten, gab er sie in die Gewalt des babylonischen Königs, des Chaldäers Nebukadnezzar. Der zerstörte dieses Haus und verschleppte das Volk nach Babylonien.",
        "13": "Doch in dem Jahr, als Kyrus König von Babylonien wurde, gab er den Befehl, dieses Haus wieder aufzubauen.",
        "14": "Er ließ auch die goldenen und silbernen Gegenstände, die Nebukadnezzar aus dem Jerusalemer Tempel mitgenommen und in den Tempel seines Gottes nach Babylon gebracht hatte, wieder herausgeben. Zum Verwalter darüber hatte er einen Mann namens Scheschbazzar bestimmt.",
        "15": "Er befahl ihm: Nimm diese Gegenstände, bringe sie in den Tempel nach Jerusalem und sorge dafür, dass dieses Gotteshaus an seinem alten Platz wieder aufgebaut wird.",
        "16": "Daraufhin kam jener Scheschbazzar und legte das Fundament für das Haus Gottes in Jerusalem. Seither wird daran gebaut, aber das Haus ist noch nicht fertig.'",
        "17": "Wenn der König es nun für richtig hält, lasse er im königlichen Archiv von Babylon nachforschen, ob König Kyrus wirklich den Befehl gegeben hat, dieses Haus Gottes in Jerusalem wieder aufzubauen. Außerdem bitten wir, uns die Entscheidung des Königs zukommen zu lassen.\""
    },
    "6": {
        "1": "König Darius ließ in den Archiven Babyloniens nachforschen, dort, wo auch die Schätze aufbewahrt wurden.",
        "2": "Schließlich fand man eine Schriftrolle in der Königsstadt Ekbatana, die in der Provinz Medien liegt. In ihr war folgender Erlass aufgezeichnet:",
        "3": "\"Geschrieben im ersten Regierungsjahr des Königs Kyrus: König Kyrus ordnet in Bezug auf das Gotteshaus in Jerusalem Folgendes an: Das Haus soll wieder aufgebaut werden und eine Stätte sein, wo man Opfer bringen kann. Seine alten Fundamente sollen wieder hergerichtet werden, es soll 30 Meter hoch und 30 Meter breit werden.",
        "4": "Auf drei Lagen Quadersteine soll eine Schicht neue Balken kommen. Die Kosten bestreitet der königliche Hof.",
        "5": "Auch die goldenen und silbernen Gegenstände, die Nebukadnezzar aus dem Jerusalemer Tempel mitgenommen und nach Babylon gebracht hat, sollen zurückgegeben werden. Jedes soll wieder an seinen Platz im Haus Gottes in Jerusalem kommen.\"",
        "6": "Der Abschrift dieses Dokuments ließ der König folgendes Schreiben anfügen: \"An Tattenai, Statthalter der Westeuphrat-Provinz, Schetar-Bosnai und die königlich-persischen Beamten dort: Haltet euch aus der Sache heraus!",
        "7": "Lasst den Juden freie Hand! Ihr Statthalter und ihre Ältesten sollen das Gotteshaus wieder aufbauen, wo es früher gestanden hat!",
        "8": "Außerdem ordne ich an, die Ältesten der Juden beim Bau dieses Gotteshauses zu unterstützen: Die Baukosten sind in voller Höhe aus den Steuereinnahmen der Westeuphrat-Provinz zu bezahlen. Sie sollen diesen Männern pünktlich ausgehändigt werden, damit sie zügig weiterbauen können.",
        "9": "Auch alles, was zum Brandopfer für den Gott des Himmels nötig ist – junge Stiere, Schafböcke und Lämmer, dazu Weizen, Salz, Wein und Öl – soll den Priestern in Jerusalem täglich und pünktlich ohne Nachlässigkeit geliefert werden,",
        "10": "damit sie dem Gott des Himmels wohlgefällige Opfer bringen und für das Leben des Königs und seiner Söhne beten.",
        "11": "Schließlich befehle ich: Jedem, der diesen Erlass missachtet, soll der tragende Balken aus dem Haus gerissen und er selbst darauf gepfählt werden. Sein Haus wird zu einem Schutthaufen gemacht.",
        "12": "Der Gott, der diesen Ort zum Wohnsitz seines Namens bestimmt hat, möge jeden König und jedes Volk vernichten, die versuchen, diesen Befehl zu missachten und das Haus Gottes in Jerusalem zu zerstören. Ich, Darius, habe diesen Befehl gegeben. Man befolge ihn gewissenhaft!\"",
        "13": "Tattenai, der Statthalter über die Westeuphrat-Provinz, Schetar-Bosnai und ihre Berater hielten sich gewissenhaft an die Anweisungen von König Darius.",
        "14": "So konnten die Ältesten der Juden ungehindert weiterbauen. Sie kamen gut voran, weil die Propheten Haggai und Sacharja, der Enkel Iddos, sie durch ihre Weissagungen ermutigten. So vollendeten sie alles, was der Gott Israels ihnen befohlen hatte. Gleichzeitig befolgten sie die Anweisungen der persischen Könige Kyrus, Darius und Artaxerxes ihnen befohlen hatten.",
        "15": "Der Tempel wurde am 3. März im sechsten Regierungsjahr des Darius fertiggestellt.",
        "16": "Die Priester, die Leviten und alle anderen aus der Verbannung heimgekehrten Israeliten feierten die Wiedereinweihung des Tempels mit großer Freude.",
        "17": "Zu diesem Anlass opferten sie 100 Stiere, 200 Schafböcke und 400 Lämmer, dazu als Sündopfer für ganz Israel zwölf Ziegenböcke, für jeden Stamm einen.",
        "18": "Dann teilten sie die Priester und Leviten zum Dienst für Gott in Jerusalem in die Gruppen ein, die das Gesetz Moses vorschreibt.",
        "19": "Am 14. April feierten die Heimgekehrten das Passafest.",
        "20": "Die Priester und Leviten hatten sich alle den vorgeschriebenen Reinigungen unterzogen und waren bereit. Die Leviten schlachteten die Passalämmer für alle, die aus der Verbannung heimgekehrt waren, für die Priester und für sich selbst.",
        "21": "Doch nicht nur die heimgekehrten Israeliten aßen vom Passa, sondern auch alle, die sich vom Götzendienst der heidnischen Bevölkerung getrennt hatten, um mit ihnen zusammen Jahwe, den Gott Israels, zu verehren.",
        "22": "So begingen sie auch das anschließende Fest der ungesäuerten Brote sieben Tage lang mit großer Freude. Jahwe selbst hatte ihnen diese Freude geschenkt und dafür gesorgt, dass der König, der jetzt auch Assyrien beherrschte, geholfen hatte, den Tempel von Israels Gott wieder aufzubauen."
    },
    "7": {
        "1": "Nach diesen Ereignissen reiste Esra Ben-Seraja, der unter der Herrschaft des Perserkönigs Artaxerxes lebte, nach Jerusalem. Seine Vorfahren waren Asarja, Hilkija,",
        "2": "Schallum, Zadok, Ahitub,",
        "3": "Amarja, Asarja, Merajot,",
        "4": "Serachja, Usi, Bukki,",
        "5": "Abischua, Pinhas und Eleasar, der Sohn des ersten Priesters Aaron.",
        "6": "Dieser Esra kam jetzt aus Babylon. Er war ein Lehrer, der das Gesetz sehr gut kannte, das Jahwe, der Gott Israels, Mose gegeben hatte. Weil Jahwe seine Hand über ihn hielt, erfüllte der König alle seine Bitten.",
        "7": "Mit ihm zogen eine ganze Anzahl Israeliten nach Jerusalem: Priester, Leviten, Tempelsänger, Torwächter und Tempelsklaven. Das war im siebten Regierungsjahr des Artaxerxes.",
        "8": "Im August dieses Jahres erreichten sie Jerusalem.",
        "9": "Den Tag der Abreise hatte Esra auf den 1. April gelegt. Schon am 1. August kamen sie in Jerusalem an, weil Gottes gütige Hand über ihm war.",
        "10": "Denn Esra hatte sich mit ganzem Herzen der Aufgabe hingegeben, das Gesetz Jahwes zu studieren und zu befolgen und in Israel seine Ordnungen und Rechte zu lehren.",
        "11": "Es folgt eine Abschrift des Briefes, den König Artaxerxes Esra mitgab, dem Priester und Gesetzeslehrer, der sich auskannte in den Geboten und Ordnungen, die Jahwe Israel gegeben hatte:",
        "12": "\"Artaxerxes, König der Könige, an Esra, den Priester, den Beauftragten für das Gesetz des Himmelsgottes, meinen Gruß.",
        "13": "Hiermit ordne ich an, dass jeder israelitische Priester und Levit in meinem Reich mit dir nach Jerusalem ziehen darf, wenn er will.",
        "14": "Der König und seine sieben Räte senden dich, festzustellen, ob in Juda und Jerusalem alles nach dem Gesetz deines Gottes, das du in Händen hast, geordnet ist.",
        "15": "Außerdem sollst du das Gold und Silber hinbringen, das der König und seine Räte dem Gott Israels gespendet haben, der in Jerusalem seine Wohnung hat!",
        "16": "Auch das Silber und Gold, das du in der ganzen Provinz Babylon bekommst, bringe dorthin, ebenso die Spenden für den Tempel in Jerusalem, die du vom Volk und den Priestern bekommst!",
        "17": "Kaufe von dem Geld Stiere, Schafböcke und Lämmer und die dazugehörigen Speis- und Trankopfer und bringe sie auf dem Altar im Haus eures Gottes in Jerusalem dar! Geh gewissenhaft mit dem Geld um!",
        "18": "Sollte noch etwas von dem Silber und Gold übrig bleiben, könnt ihr Priester nach dem Willen eures Gottes darüber verfügen, wie es euch richtig erscheint.",
        "19": "Die Gegenstände, die dir zum Dienst im Haus deines Gottes gegeben wurden, liefere vollständig vor deinem Gott in Jerusalem ab!",
        "20": "Den restlichen Bedarf für das Haus deines Gottes, für den du verantwortlich bist, bekommst du aus dem königlichen Schatz.",
        "21": "Hiermit erteile ich, König Artaxerxes, allen Schatzmeistern der Westeuphrat-Provinz den Befehl: Alles, was Esra, der Priester und Beauftragte für das Gesetz des Himmelsgottes, von euch fordert, ist ihm gewissenhaft und pünktlich auszuhändigen,",
        "22": "und zwar bis zu 100 Talente Silber, 100 Kor Weizen und je 100 Bat Wein und Olivenöl, dazu Salz, so viel er braucht!",
        "23": "Alles, was nach Befehl des Himmelsgottes erforderlich ist, soll für seinen Tempel gewissenhaft bereitgestellt werden, damit nicht sein Zorn über das Reich des Königs und seiner Söhne kommt.",
        "24": "Außerdem wird euch mitgeteilt, dass niemand das Recht hat, von den Priestern und Leviten, den Sängern und Torwächtern, den Tempelsklaven und allen anderen, die an diesem Haus Gottes Dienst tun, Steuern oder Abgaben zu fordern.",
        "25": "Und du, Esra, setze nach der Weisheit deines Gottes, die in dir wohnt, Richter und Rechtspfleger ein, die eurem ganzen Volk in der Westeuphrat-Provinz Recht sprechen! Das gilt sowohl für die, die das Gesetz deines Gottes kennen, als auch für die, die es noch nicht kennen, denn Letztere sollen darin unterrichtet werden.",
        "26": "Und jeder, der das Gesetz deines Gottes und das Gesetz des Königs nicht gewissenhaft befolgt, soll vor Gericht gestellt und je nach Schwere seines Vergehens verurteilt werden: zum Tod, zum Ausschluss aus der Gemeinschaft, zu einer Geldstrafe oder zum Gefängnis.\"",
        "27": "Gepriesen sei Jahwe, der Gott unserer Väter! Er hat es dem König ins Herz gegeben, Jahwes Haus in Jerusalem Ehre und Ansehen zu verleihen.",
        "28": "Er hat mich die Gunst des Königs und auch die seiner Räte und hohen Beamten finden lassen. Und ich fasste Mut, weil Jahwe seine Hand über mir hielt, und konnte eine ganze Reihe Häupter israelitischer Sippen gewinnen, mit mir zurückzukehren."
    },
    "8": {
        "1": "Verzeichnis der Sippenoberhäupter und der bei ihnen eingetragenen Männer, die während der Regierungszeit von König Artaxerxes aus Babylonien mit mir nach Jerusalem kamen.",
        "2": "Aus der Sippe Pinhas: Gerschom; aus der Sippe Itamar: Daniel; aus der Sippe David: Hattusch Ben-Schechanja.",
        "3": "Aus der Sippe Parosch: Secharja mit 150 eingetragenen Männern.",
        "4": "Aus der Sippe Pahat-Moab: Eljoënai Ben-Secharja mit 200 Männern.",
        "5": "Aus der Sippe Sattu: Schechanja Ben-Jahasiel mit 300 Männern.",
        "6": "Aus der Sippe Adin: Ebed Ben-Jonatan mit 50 Männern.",
        "7": "Aus der Sippe Elam: Jesaja Ben-Atalja mit 70 Männern.",
        "8": "Aus der Sippe Schefatja: Sebadja Ben-Michael mit 80 Männern.",
        "9": "Aus der Sippe Joab: Obadja Ben-Jehiël mit 218 Männern.",
        "10": "Aus der Sippe Bani: Schelomit Ben-Josifja mit 160 Männern.",
        "11": "Aus der Sippe Bebai: Secharja Ben-Bebai mit 28 Männern.",
        "12": "Aus der Sippe Asgad: Johanan Ben-Katan mit 110 Männern.",
        "13": "Aus der Sippe Adonikam die Letzten: Elifelet, Jëiël und Schemaja mit 60 Männern.",
        "14": "Aus der Sippe Bigwai: Utai Ben-Sabbud mit 70 Männern.",
        "15": "Ich ließ alle am Kanal zusammenkommen, der nach Ahawa führt. Drei Tage blieben wir dort. Als ich mir die Leute ansah, fand ich einige Priester vor, aber keinen einzigen Leviten.",
        "16": "Da schickte ich einige Sippenoberhäupter, nämlich Eliëser, Ariël, Schemaja, Elnatan, Natan, Secharja und Meschullam, dazu Jojarib und Elnatan, zwei kluge Männer,",
        "17": "zu Iddo, dem Vorsteher des Levitendorfes Kasifja. Ich hatte ihnen genau gesagt, was sie Iddo und seinen Brüdern, den Tempeldienern dort, ausrichten sollten, damit sie uns Männer mitgaben, die den Dienst am Haus unseres Gottes verrichten konnten.",
        "18": "Weil Gottes gütige Hand über uns war, schickten sie uns Scherebja Ben-Machli. Das war ein Enkel von Levi Ben-Israel, ein verständiger Mann. Er kam mit seinen Söhnen und Brüdern, 18 Mann.",
        "19": "Außerdem schickten sie uns Haschabja und Jeschaja von den Nachkommen Meraris. Die brachten ihre Söhne und die Brüder von Haschabja mit, 20 Mann.",
        "20": "Und von den Tempelsklaven, die David und die Führer des Volkes damals dem Tempel zur Bedienung der Leviten übergeben hatten, kamen 220 mit, alle namentlich eingetragen.",
        "21": "Dort am Ahawa-Kanal rief ich ein Fasten aus. Alle sollten sich vor unserem Gott beugen und ihn um eine glückliche Reise für uns und unsere Familien und unser Eigentum anflehen.",
        "22": "Ich hatte mich nämlich geschämt, vom König eine Reitertruppe zu erbitten, die uns unterwegs vor Überfällen schützen könnte. Denn wir hatten zum König gesagt: \"Unser Gott hält seine gütige Hand über alle, die ihn suchen, doch wer sich von ihm abwendet, bekommt seine Macht und seinen Zorn zu spüren.\"",
        "23": "So fasteten wir und ersuchten unseren Gott um seinen Beistand, und er erhörte uns.",
        "24": "Dann wählte ich zwölf von den Oberhäuptern der Priester sowie Scherebja und Haschabja und zehn weitere Leviten aus.",
        "25": "Vor ihnen wog ich das Silber, das Gold und die Gegenstände ab, die der König, seine Ratgeber, seine Minister und die Israeliten, die ‹in Persien› blieben, als Opfergabe für das Haus unseres Gottes gegeben hatten.",
        "26": "Ich übergab ihnen 650 Talente Silber, 100 Talente silberne Gegenstände und 100 Talente Gold,",
        "27": "dazu zwanzig goldene Becher im Wert von 1.000 Dariken und zwei Gefäße aus feiner polierter Bronze, wertvoll wie Gold.",
        "28": "Ich sagte zu ihnen: \"Ihr seid Jahwe genauso geweiht wie diese Gegenstände. Dieses Silber und Gold sind freiwillige Gaben für Jahwe, den Gott eurer Väter.",
        "29": "Bewacht sie also mit aller Sorgfalt, bis ihr sie den Schatzkammern des Tempels in Jerusalem übergebt. Ihr werdet sie dort vor den Oberhäuptern der Priester und Leviten und den Oberhäuptern des ganzen Volkes nachwiegen.\"",
        "30": "Die Priester und Leviten übernahmen das abgewogene Silber und Gold und die Gegenstände, um sie nach Jerusalem in den Tempel zu bringen.",
        "31": "Am 12. April brachen wir vom Ahawa-Kanal nach Jerusalem auf. Und die gütige Hand unseres Gottes beschützte uns vor Feinden und Räubern.",
        "32": "So kamen wir in Jerusalem an und ruhten uns drei Tage aus.",
        "33": "Am vierten Tag übergaben wir dem Priester Meremot Ben-Uria im Haus unseres Gottes das Silber, das Gold und die Gegenstände. Sie wurden vor ihm in Gegenwart von Eleasar Ben-Pinhas und den Leviten Josabad Ben-Jeschua und Noadja Ben-Binnui nachgewogen.",
        "34": "Alle Gegenstände wurden nachgezählt und gewogen. Ihr Gewicht schrieb man auf.",
        "35": "Danach brachten alle, die aus der Verbannung heimgekehrt waren, dem Gott Israels Brandopfer: Sie opferten zwölf Stiere für die zwölf Stämme Israels, dazu 96 Schafböcke, 77 Lämmer und außerdem zwölf Ziegenböcke als Sündopfer. Alle Tiere wurden für Jahwe als Opfer verbrannt.",
        "36": "Dann händigten sie den Satrapen und Statthaltern der Westeuphrat-Provinz die Verfügungen des Königs aus, sodass diese das Volk und das Haus Gottes unterstützten."
    },
    "9": {
        "1": "Einige Zeit später kamen Obere des Volkes zu mir und sagten: \"Das Volk Israel, auch die Priester und Leviten, haben sich mit der Bevölkerung der Länder eingelassen und sich nicht von den Gräueln der Kanaaniter, Hetiter, Perisiter, Jebusiter, Ammoniter, Moabiter, Ägypter und Amoriter abgesondert.",
        "2": "Sie haben Frauen aus diesen Völkern geheiratet, so dass das heilige Volk sich mit den fremden Völkern vermischt hat. Und bei diesem Treuebruch waren die Oberen und Vornehmen auch noch die Ersten.\"",
        "3": "Als ich das hörte, zerriss ich vor Entsetzen mein Unter- und Obergewand, raufte mir die Haare und den Bart und setzte mich wie betäubt auf den Boden.",
        "4": "Da versammelten sich alle um mich, die wegen des Treuebruchs der Heimgekehrten Angst vor den Worten Gottes hatten. Und ich blieb bis zur Zeit des Abendopfers auf dem Boden sitzen.",
        "5": "Dann erhob ich mich aus meiner Erstarrung, kniete in meiner zerrissenen Kleidung hin und breitete meine Hände aus zu Jahwe, meinem Gott.",
        "6": "\"Mein Gott\", sagte ich, \"ich schäme mich und wage nicht, zu dir aufzublicken. Unsere Sünden sind uns über den Kopf gewachsen, und der Berg unserer Schuld reicht bis an den Himmel!",
        "7": "Seit der Zeit unserer Väter stehen wir bis heute in großer Schuld. Wegen unserer Vergehen wurden wir, unsere Könige und Priester in die Gewalt fremder Herrscher gegeben. Wir waren dem Schwert und der Gefangenschaft, der Plünderung und der Schande ausgeliefert. Bis heute ist es so geblieben.",
        "8": "Jetzt hat uns Jahwe, unser Gott, zwar für einen kurzen Augenblick Gnade geschenkt. Er hat einen Rest Geretteter von uns übriggelassen und uns an seiner heiligen Stätte einen Halt gegeben. Gott hat unsere Augen wieder aufleuchten und uns aus der Sklaverei ein wenig aufleben lassen.",
        "9": "Denn Fremde herrschen über uns. Aber auch da hat unser Gott uns nicht verlassen, sondern uns die Gunst der Könige von Persien finden lassen. Er hat uns neu belebt, sodass wir das Haus unseres Gottes aufrichten und diese Trümmerstätte wiederherstellen konnten. Er hat uns in Judäa und Jerusalem wieder etwas Sicherheit geschenkt.",
        "10": "Aber was sollen wir jetzt, nach solchen Vorkommnissen sagen, o Gott? Wir haben ja deine Gebote nicht beachtet,",
        "11": "obwohl du sie uns durch deine Diener, die Propheten, eingeschärft hast. Du sagtest: 'Das Land, das ihr in Besitz nehmen werdet, ist durch die Unreinheit seiner Bewohner besudelt worden. Durch ihre Götzengräuel haben diese Völker es von einem Ende bis zum anderen mit Unreinheit angefüllt.",
        "12": "Deshalb sollt ihr eure Töchter und Söhne nicht mit ihnen verheiraten. Ihr sollt ihre Freundschaft und ihr Wohlergehen auch in Zukunft niemals suchen. Denn ihr selbst sollt stark werden, den Ertrag des Landes genießen und es euren Nachkommen für alle Zeiten weitervererben.'",
        "13": "Und jetzt, nach allem, was wegen unserer bösen Taten und unserer großen Schuld über uns gekommen ist – obwohl du, unser Gott, uns mehr geschont hast, als unsere Sünden es verdienten, und uns hier übrig gelassen hast, –",
        "14": "sollten wir da wieder deine Gebote übertreten und uns mit diesen Götzendienern verschwägern? Müsste uns da nicht dein Zorn treffen, bis es ganz mit uns aus ist und es keinen Rest und keine Rettung mehr gibt?",
        "15": "Jahwe, du Gott Israels, du bist gerecht! Wir sind als ein geretteter Rest übrig geblieben und stehen heute vor dir mit unserer Schuld. Nein, so kann niemand vor dir bestehen!\""
    },
    "10": {
        "1": "Während Esra weinend vor dem Haus Gottes auf den Knien lag und die Schuld des Volkes bekannte, sammelte sich eine große Menge von israelitischen Männern, Frauen und Kindern um ihn. Auch sie weinten sehr.",
        "2": "Dann sagte Schechanja Ben-Jehiël zu Esra: \"Ja, wir sind unserem Gott untreu geworden und haben Frauen aus der heidnischen Bevölkerung des Landes geheiratet. Doch es gibt trotzdem noch eine Hoffnung für Israel.",
        "3": "Lasst uns jetzt einen Bund mit unserem Gott schließen, der uns verpflichtet, alle fremden Frauen mit ihren Kindern wegzuschicken. So hast du, Herr, uns geraten. Und so wird es von allen, die noch Ehrfurcht vor dem Gebot unseres Gottes haben, befürwortet. Das Gesetz muss befolgt werden!",
        "4": "Steh auf, denn du musst das erledigen! Doch wir stehen hinter dir! Hab Mut und pack die Sache an!\"",
        "5": "Da stand Esra auf. Er verlangte von den Oberhäuptern der Priester, der Leviten und ganz Israels einen Eid, nach diesem Vorschlag zu handeln. Und sie schworen es.",
        "6": "Dann verließ Esra den Platz vor dem Haus Gottes und ging in die Tempelkammer von Johanan Ben-Eljaschib. Dort übernachtete er, ohne zu essen oder zu trinken, denn er trauerte über den Treuebruch der Heimgekehrten.",
        "7": "Darauf ließ man in ganz Juda und Jerusalem ausrufen, dass alle Heimgekehrten sich in Jerusalem versammeln sollten.",
        "8": "Jeder, der nicht innerhalb von drei Tagen erscheinen würde, sollte aus der Gemeinschaft der Heimgekehrten ausgeschlossen werden und sein ganzer Besitz würde dem Bann verfallen. So hatten es die Oberen und Ältesten beschlossen.",
        "9": "Innerhalb von drei Tagen versammelten sich alle Männer aus Juda und Benjamin in Jerusalem. Es war am 20. Dezember. Sie setzten sich auf den freien Platz vor dem Haus Gottes und zitterten wegen der anstehenden Sache und der Regengüsse.",
        "10": "Der Priester Esra stand auf und sagte zu ihnen: \"Ihr habt Jahwe die Treue gebrochen! Ihr habt heidnische Frauen geheiratet und so noch größere Schuld auf Israel geladen!",
        "11": "So gebt jetzt Jahwe, dem Gott eurer Väter, die Ehre, indem ihr eure Schuld bekennt und tut, was er von euch erwartet. Trennt euch von der Bevölkerung des Landes und besonders von den heidnischen Frauen!\"",
        "12": "Die ganze Versammlung rief laut: \"Ja, das müssen wir tun!",
        "13": "Aber wir sind zu viele hier, und es ist mitten in der Regenzeit. Da kann man sich unmöglich im Freien aufhalten. Und außerdem ist diese Angelegenheit nicht in ein oder zwei Tagen zu erledigen. Es sind ja viele von uns darin verwickelt.",
        "14": "Lass doch unsere Vorsteher die Versammlung vertreten. Dann sollen alle aus unseren Ortschaften, die fremde Frauen geheiratet haben, zur festgesetzten Zeit zusammen mit den Ältesten und Richtern des Ortes vor ihnen hier erscheinen. Alles soll in Ordnung gebracht werden, damit wir den glühenden Zorn unseres Gottes von uns abwenden.\"",
        "15": "Nur Jonatan Ben-Asaël und Jachseja Ben-Tikwa sprachen dagegen. Dabei wurden sie von Meschullam und dem Leviten Schabbetai unterstützt.",
        "16": "Doch die Heimgekehrten blieben bei ihrem Beschluss. Der Priester Esra rief dann für jede Sippe ein Oberhaupt namentlich auf und betraute die Männer mit dieser Aufgabe. Am 1. Januar traten sie zusammen, um mit der Untersuchung zu beginnen,",
        "17": "und am 1. April waren sie damit fertig. Alle Männer, die fremde Frauen geheiratet hatten, mussten vor ihnen erscheinen.",
        "18": "Von den Priestern waren es Maaseja, Eliëser, Jarib und Gedalja aus der Sippe von Jeschua Ben-Jozadak und seinen Brüdern, die heidnische Frauen geheiratet hatten.",
        "19": "Sie verpflichteten sich mit Handschlag, ihre fremden Frauen fortzuschicken. Einen Schafbock brachten sie als Opfer für ihre Schuld.",
        "20": "Aus der Priestersippe Immer waren es Hanani und Sebadja.",
        "21": "Aus der Sippe Harim: Maaseja, Elija, Schemaja, Jehiël und Usija.",
        "22": "Aus der Sippe Paschhur: Eljoënai, Maaseja, Jischmaël, Netanel, Josabad und Elasa.",
        "23": "Von den Leviten waren es Josabad, Schimi, Kelaja, der auch Kelita genannt wurde, Petachja, Juda und Eliëser.",
        "24": "Von den Tempelsängern war es Eljaschib, von den Torwächtern: Schallum, Telem und Uri.",
        "25": "Von den restlichen Israeliten waren es aus der Sippe Parosch: Ramja, Jisija, Malkija, Mijamin, Eleasar, Malkija und Benaja.",
        "26": "Aus der Sippe Elam: Mattanja, Secharja, Jehiël, Abdi, Jeremot und Elija.",
        "27": "Aus der Sippe Sattu: Eljoënai, Eljaschib, Mattanja, Jeremot, Sabad und Asia.",
        "28": "Aus der Sippe Bebai: Johanan, Hananja, Sabbai und Atlai.",
        "29": "Aus der Sippe Bani: Meschullam, Malluch, Adaja, Jaschub, Scheal und Jeremot.",
        "30": "Aus der Sippe Pahat-Moab: Adna, Kelal, Benaja, Maaseja, Mattanja, Bezalel, Binnui und Manasse.",
        "31": "Aus der Sippe Harim: Eliëser, Jischija, Malkija, Schemaja, Simeon,",
        "32": "Benjamin, Malluch und Schemarja.",
        "33": "Aus der Sippe Haschum: Mattenai, Mattatta, Sabad, Elifelet, Jeremai, Manasse und Schimi.",
        "34": "Aus der Sippe Bani: Maadai, Amram, Uël,",
        "35": "Benaja, Bedja, Keluhi,",
        "36": "Wanja, Meremot, Eljaschib,",
        "37": "Mattanja, Mattenai, Jaasai,",
        "38": "Bani, Binnui, Schimi,",
        "39": "Schelemja, Natan, Adaja,",
        "40": "Machnadbai, Schaschai, Scharai,",
        "41": "Asarel, Schelemja, Schemarja,",
        "42": "Schallum, Amarja und Josef.",
        "43": "Aus der Sippe Nebo: Jëiël, Mattitja, Sabad, Sebina, Jaddai, Joël und Benaja.",
        "44": "Alle diese Männer hatten fremde, heidnische Frauen geheiratet. Und einige von ihnen hatten Kinder mit diesen Frauen."
    }
}