{
    "1": {
        "1": "Im dritten Regierungsjahr des Königs Jojakim von Juda zog der babylonische König Nebukadnezzar vor Jerusalem und bedrängte die Stadt.",
        "2": "Der Herr gab König Jojakim in die Gewalt Nebukadnezzars und ließ auch einen Teil der Tempelgeräte in seine Hand fallen. Nebukadnezzar brachte sie ins Land Schinar und ließ sie in der Schatzkammer im Tempel seines Gottes aufbewahren.",
        "3": "Seinem obersten Hofbeamten Aschpenas befahl er, einige junge Israeliten aus dem Königshaus und den vornehmen Familien auszusuchen.",
        "4": "\"Die jungen Männer müssen gesund sein und gut aussehen\", sagte er. \"Sie müssen gut unterrichtet, klug und begabt sein, denn sie sollen in den Dienst am Königshof treten. Und dann sollen sie in der Sprache und Literatur der Chaldäer unterwiesen werden.\"",
        "5": "Drei Jahre lang sollten die jungen Leute ausgebildet werden und danach in den Dienst des Königs treten. Der König ordnete an, dass sie von der königlichen Tafel mit Speise und Wein versorgt würden.",
        "6": "Zu den jungen Juden, die ausgesucht wurden, gehörten auch Daniel, Hananja, Mischaël und Asarja.",
        "7": "Aschpenas gab ihnen babylonische Namen: Daniel nannte er Beltschazzar, Hananja Schadrach, Mischaël Meschach und Asarja Abed-Nego.",
        "8": "Aber Daniel war fest entschlossen, sich nicht mit der Tafelkost des Königs zu verunreinigen. Deshalb bat er Aschpenas, dass er nicht gezwungen würde, sich vor Gott unrein zu machen.",
        "9": "Gott sorgte dafür, dass der oberste Hofbeamte Verständnis für ihn zeigte.",
        "10": "Allerdings sagte er zu Daniel: \"Ich fürchte meinen Herrn, den König, weil er selbst bestimmt hat, was ihr essen und trinken sollt. Wenn er merkt, dass ihr schlechter ausseht als die anderen jungen Leute, lässt er mir den Kopf abschlagen.\"",
        "11": "Dann wandte sich Daniel an den Aufseher, den Aschpenas über ihn, Hananja, Mischaël und Asarja eingesetzt hatte:",
        "12": "\"Versuch es doch einmal zehn Tage lang mit uns! Gib uns nur Gemüse und Wasser",
        "13": "und vergleiche dann unser Aussehen mit dem der anderen jungen Leute, die von der königlichen Tafel versorgt werden. Triff deine Entscheidung nach dem, was du dabei feststellst!\"",
        "14": "Der Aufseher war einverstanden und machte den zehntägigen Versuch mit ihnen.",
        "15": "Nach Ablauf der Frist sahen die jungen Männer sogar gesünder und kräftiger aus als die anderen.",
        "16": "Von da an gab ihnen der Aufseher immer Gemüse. Sie mussten nichts von der Tafelkost des Königs essen.",
        "17": "Gott schenkte diesen vier jungen Männern Kenntnis und Verständnis für jede Schrift. Auf allen Wissensgebieten kannten sie sich aus, und Daniel konnte darüber hinaus Visionen und alle Arten von Träumen verstehen.",
        "18": "Am Ende der Ausbildungszeit befahl der König, die jungen Leute zu ihm zu bringen. Der oberste Hofbeamte stellte sie Nebukadnezzar vor,",
        "19": "und der König redete mit ihnen. Dabei stellte sich heraus, dass Daniel, Hananja, Mischaël und Asarja alle anderen in den Schatten stellten. Sie wurden in den königlichen Dienst aufgenommen.",
        "20": "Und immer, wenn der König auf ein sicheres Urteil angewiesen war und ihren Rat suchte, fand er sie seinen Magiern und Geisterbeschwörern zehnfach überlegen.",
        "21": "Daniel blieb bis zum ersten Regierungsjahr des Königs Kyrus in königlichen Diensten."
    },
    "2": {
        "1": "Im zweiten Jahr seiner Regierung hatte Nebukadnezzar einen Traum, der ihn so beunruhigte, dass es mit seinem Schlaf vorbei war.",
        "2": "Da ließ der König die Magier, die Geisterbeschwörer, die Orakelpriester und die Astrologen zu sich rufen. Sie sollten ihm Aufschluss über seinen Traum geben. Als sie sich beim König versammelt hatten,",
        "3": "sagte der König zu ihnen: \"Ich habe einen Traum gehabt, der mich sehr beunruhigt. Ich will wissen, was es damit auf sich hat.\"",
        "4": "Da sagten die Astrologen zum König auf Aramäisch: \"Der König lebe ewig! Möge er seinen Dienern den Traum erzählen, dann wollen wir ihn deuten.\"",
        "5": "Doch der König erwiderte: \"Nein, ich habe unwiderruflich entschieden, dass ihr mir auch den Traum mitteilen müsst, nicht nur seine Deutung. Wenn ihr das nicht tut, lasse ich euch in Stücke hauen und eure Häuser in Schutt und Asche legen.",
        "6": "Sagt mir also den Traum und die Deutung dazu! Dann werde ich euch reich beschenken und euch hohe Ehre erweisen. Also los, sagt es mir!\"",
        "7": "Die Berater sagten noch einmal: \"Der König möge seinen Dienern den Traum erzählen, dann werden wir ihn deuten!\"",
        "8": "Da fuhr der König sie an: \"Ihr macht nur Ausflüchte und wollt Zeit gewinnen! Ihr habt genau verstanden, wie ich die Sache entschieden habe!",
        "9": "Wenn ihr mir nicht sagt, was ich geträumt habe, lasse ich das Urteil vollstrecken. Denn ihr habt euch verabredet, mir weiter nichts als Lug und Trug aufzutischen, bis die Zeit sich geändert hat. Darum sagt mir den Traum! Dann weiß ich auch, ob ihr ihn überhaupt deuten könnt.\"",
        "10": "Da entgegneten die Astrologen: \"Kein Mensch auf der ganzen Welt kann tun, was der König verlangt! Und noch nie hat ein König von irgendeinem Magier, Geisterbeschwörer oder Astrologen so etwas verlangt.",
        "11": "Was du uns zumutest, ist für Menschen unmöglich! Nur die Götter könnten es dem König offenbaren; aber sie wohnen nicht unter den Menschen.\"",
        "12": "Über diese Antwort wurde der König so wütend, dass er befahl, alle Weisen von Babel töten zu lassen.",
        "13": "Und tatsächlich erging der Befehl: \"Die Weisen sollen getötet werden!\" Auch Daniel und seine Freunde waren davon betroffen. Man suchte sie, um sie töten zu lassen.",
        "14": "Als Arjoch, der Befehlshaber der königlichen Leibwache, zu Daniel kam, stellte dieser ihm eine gut überlegte kluge Frage:",
        "15": "\"Warum hat der König diesen strengen Befehl gegeben?\" Arjoch berichtete ihm, wie es dazu gekommen war.",
        "16": "Sofort ging Daniel zum König und bat sich eine Frist aus, um ihm die Deutung verkünden zu können.",
        "17": "Dann ging er in sein Haus und berichtete es Hananja, Mischaël und Asarja.",
        "18": "Sie sollten den Gott des Himmels um Gnade bitten, damit er und seine Freunde nicht mit den anderen Weisen umkämen.",
        "19": "Darauf wurde ihm das Geheimnis in einer nächtlichen Vision enthüllt, und Daniel rühmte den Gott des Himmels.",
        "20": "Er sagte: \"In alle Ewigkeit soll der Name Gottes gepriesen werden! Ihm gehören Weisheit und Macht.",
        "21": "Er bestimmt den Wechsel der Zeiten, er setzt Könige ab und setzt Könige ein. Er gibt den Weisen ihre Weisheit und den Klugen ihren Verstand.",
        "22": "Er offenbart auch das, was tief verborgen ist, und weiß, was in der Finsternis wohnt. Doch ihn selbst umstrahlt das Licht.",
        "23": "Dich, Gott meiner Väter, rühme und lobe ich! Denn du hast mir Weisheit und Kraft geschenkt. Und jetzt hast du mich wissen lassen, was wir von dir erbaten. Du hast uns den Traum des Königs enthüllt.\"",
        "24": "Daraufhin ging Daniel zu Arjoch, der den Befehl hatte, die Weisen Babylons zu töten, und sagte zu ihm: \"Bring die Weisen Babylons nicht um! Führ mich zum König, damit ich ihm die Deutung angeben kann!\"",
        "25": "Arjoch brachte ihn sofort zum König und meldete: \"Ich habe unter den Deportierten aus Judäa einen Mann gefunden, der dem König die Deutung seines Traumes mitteilen kann.\"",
        "26": "Der König fragte Daniel, der jetzt Beltschazzar genannt wurde: \"Kannst du mir wirklich sagen, was ich im Traum gesehen habe, und mir mitteilen, was es bedeutet?\"",
        "27": "Daniel begann vor dem König zu sprechen: \"Das Geheimnis, nach dem der König verlangt\", sagte er, \"können Magier, Geisterbeschwörer, Orakelpriester und Astrologen dem König nicht verkündigen.",
        "28": "Aber es gibt einen Gott im Himmel, der das Verborgene enthüllt. Er wollte dir zeigen, König Nebukadnezzar, was am Ende der von Gott bestimmten Zeit geschehen wird. Dein Traum, die Schau, die du auf deinem Lager hattest, war folgende:",
        "29": "Auf deinem Lager kamen dir, König, Gedanken über das, was künftig geschehen wird. Und der, der die Geheimnisse offenbart, hat dich wissen lassen, was geschehen wird.",
        "30": "Auch mir ist dieses Geheimnis nicht offenbar gemacht worden, weil ich weiser als alle anderen Menschen wäre, sondern nur, damit der König die Deutung erfährt und die Gedanken seines Herzens erfasst.",
        "31": "Du, König, sahst auf einmal eine gewaltige Statue vor dir. Es war eine furchterregende Erscheinung, denn sie war riesig groß und ihr Glanz blendete.",
        "32": "Der Kopf der Statue bestand aus gediegenem Gold. Brust und Arme waren aus Silber, Bauch und Lenden aus Bronze,",
        "33": "die Schenkel aus Eisen und ihre Füße zum Teil aus Eisen und zum Teil aus Ton.",
        "34": "Während du sie noch anschautest, brach auf einmal ohne Zutun einer Menschenhand ein Stein los. Er traf die Füße der Statue, die aus Eisen und Ton bestanden, und zerschmetterte sie.",
        "35": "Da wurden Eisen und Ton, Bronze, Silber und Gold miteinander zu Staub zermalmt. Auf einmal waren sie wie die Spreu auf dem Dreschplatz im Sommer. Der Wind trug sie fort, und es war keine Spur mehr davon übrig. Aber der Stein, der die Statue zerschlagen hatte, wuchs zu einem riesigen Berg, der die ganze Erde ausfüllte.",
        "36": "Das war der Traum. Und nun wollen wir dem König sagen, was er bedeutet.",
        "37": "Du, König, bist der König der Könige. Der Gott des Himmels hat dir Herrschaft und Macht, Stärke und Ehre geschenkt.",
        "38": "Und überall, wo Menschen wohnen, hat er dir auch die Landtiere und die Vögel in die Hand gegeben und dich zum Herrscher über sie alle eingesetzt. Du bist der Kopf aus Gold.",
        "39": "Auf dein Reich wird ein anderes folgen, das geringer als deins sein wird. Dann folgt ein drittes Reich – das aus Bronze –, das über die ganze Erde herrschen wird.",
        "40": "Das vierte Reich wird hart wie Eisen sein – Eisen zerschlägt und zermalmt ja alles – und es wird wie Eisen alles zerschmettern, was sich ihm in den Weg stellt.",
        "41": "Dass du aber die Füße und Zehen, teils aus Töpferton und teils aus Eisen bestehend, gesehen hast, bedeutet: Das Reich wird geteilt sein, aber es wird etwas von der Härte des Eisens in sich haben. Darum hast du das Eisen mit Ton vermischt gesehen.",
        "42": "Und dass die Zehen teils von Eisen und teils von Ton sind, bedeutet: Das Reich wird zum Teil stark und zum Teil zerbrechlich sein.",
        "43": "Das Nebeneinander von Eisen und Ton bedeutet: Sie werden versuchen, sich durch Heiraten miteinander zu verbinden, aber ihre Verbindung wird keinen Bestand haben, so wie sich Eisen eben nicht mit Ton verbinden lässt.",
        "44": "In der Zeit dieser Königreiche wird der Gott des Himmels ein Reich errichten, das niemals untergehen wird. Dieses Reich wird nie einem anderen Volk überlassen werden, im Gegenteil: Es wird alle diese Königreiche zermalmen und zum Verschwinden bringen, selbst aber ewig bestehen.",
        "45": "Das hast du in dem Stein gesehen, der ohne menschliches Zutun losbrach und Eisen, Bronze, Ton, Silber und Gold zermalmte. Ein großer Gott hat den König wissen lassen, was nach dieser Zeit geschehen wird. Der Traum sagt die Wahrheit und seine Deutung ist zuverlässig.\"",
        "46": "Da warf König Nebukadnezzar sich vor Daniel nieder, das Gesicht auf dem Boden. Er befahl seinen Dienern, ihm Opfer und Weihrauch darzubringen,",
        "47": "und sagte zu Daniel: \"Euer Gott ist wirklich ein Gott aller Götter, ein Herr der Könige und ein Offenbarer der Geheimnisse! Denn du hast dieses Geheimnis ja offenbaren können.\"",
        "48": "Dann machte der König Daniel groß: Er beschenkte ihn reich und ernannte ihn zum Statthalter der Provinz Babylon. Außerdem machte er ihn zum obersten Vorgesetzten für alle Weisen Babylons.",
        "49": "Auf Daniels Bitte hin betraute der König Schadrach, Meschach und Abed-Nego mit der Verwaltung über die Provinz Babylon. Daniel selbst blieb am Hof des Königs."
    },
    "3": {
        "1": "König Nebukadnezzar ließ ein goldenes Standbild anfertigen und in der Ebene von Dura in der Provinz Babylon aufstellen. Es war 30 Meter hoch und drei Meter breit.",
        "2": "Anschließend bestellte Nebukadnezzar die Satrapen, Präfekten und Statthalter seines Reiches ein, dazu die Ratgeber, Schatzmeister und Richter, die Befehlshaber der Polizei und alle anderen hohen Beamten. Sie sollten an der Einweihung des Standbildes teilnehmen, das er hatte aufstellen lassen.",
        "3": "Sobald sie alle gekommen waren und sich vor dem Standbild aufgestellt hatten,",
        "4": "rief ein Herold mit lauter Stimme: \"Folgender Befehl gilt allen hier versammelten Völkern, Nationen und Sprachen:",
        "5": "Sobald ihr den Klang der Hörner, Pfeifen und Zithern, der Leiern und Lauten, des Orchesters und aller anderen Instrumente hört, sollt ihr niederfallen und das goldene Standbild anbeten, das König Nebukadnezzar aufgestellt hat.",
        "6": "Wer es nicht tut, wird auf der Stelle in den glühenden Ofen geworfen.\"",
        "7": "Als nun die Instrumente ertönten, die Hörner, Pfeifen und Zithern, die Leiern und Lauten und alle andere Musik, warfen sich die Menschen aus all den Völkern, Nationen und Sprachen vor dem goldenen Standbild nieder, das Nebukadnezzar aufgestellt hatte, und beteten es an.",
        "8": "Diese Gelegenheit nutzten einige chaldäische Männer und verklagten die Juden.",
        "9": "Sie kamen zu Nebukadnezzar und sagten: \"Der König lebe ewig!",
        "10": "Du, König, hast einen Erlass veröffentlicht, dass jeder, der den Klang der Hörner, Pfeifen und Zithern, der Leiern und Lauten, des Orchesters und aller anderen Instrumente hört, niederfallen und das goldene Bild anbeten soll.",
        "11": "Und wer es nicht tut, soll auf der Stelle in den glühenden Ofen geworfen werden.",
        "12": "Nun gibt es hier einige jüdische Männer, denen du die Verwaltung der Provinz Babylon anvertraut hast: Schadrach, Meschach und Abed-Nego. Diese Männer schenken dir keine Beachtung, sie dienen deinen Göttern nicht und werfen sich auch nicht vor deinem goldenen Standbild nieder!\"",
        "13": "Da wurde Nebukadnezzar ärgerlich und befahl wütend, Schadrach, Meschach und Abed-Nego herzubringen. Als sie ihm vorgeführt wurden,",
        "14": "fuhr er sie an: \"Ist es wahr, Schadrach, Meschach und Abed-Nego, dass ihr meinen Göttern keine Ehre erweist und euch nicht vor meinem goldenen Standbild niederwerft?",
        "15": "Ihr habt noch eine Gelegenheit! Wenn ihr jetzt noch einmal den Klang aller Instrumente hört und euch niederwerft und das Bild anbetet, das ich gemacht habe, dann ist die Sache erledigt. Wenn aber nicht, werdet ihr sofort in den glühenden Ofen geworfen. Welcher Gott soll euch dann noch aus meiner Hand retten?\"",
        "16": "Schadrach, Meschach und Abed-Nego erwiderten dem König Nebukadnezzar: \"Wir haben nicht die Absicht, uns vor dir zu verteidigen.",
        "17": "Wenn unser Gott, dem wir dienen, uns retten will, dann wird er uns aus dem glühenden Ofen und aus deiner Gewalt retten.",
        "18": "Und wenn nicht, so sollst du, König, dennoch wissen, dass wir deinen Göttern nicht dienen und dein goldenes Bild nicht anbeten werden.\"",
        "19": "Da geriet Nebukadnezzar noch mehr in Wut. Sein Gesicht verzerrte sich vor Zorn über Schadrach, Meschach und Abed-Nego. Er ließ den Ofen siebenmal so stark heizen wie sonst.",
        "20": "Dann befahl er den stärksten Männern in seinem Heer, die drei zu fesseln und in den glühenden Ofen zu werfen.",
        "21": "Sofort wurden sie in ihrer Kleidung, ihren Hosen, Mänteln und Mützen gefesselt und in den glühenden Ofen geworfen.",
        "22": "Und weil der König befohlen hatte, ihn besonders stark zu heizen, wurden die Männer, die Schadrach, Meschach und Abed-Nego hinaufbrachten, von den herausschlagenden Flammen getötet.",
        "23": "Schadrach, Meschach und Abed-Nego aber fielen gefesselt ins Feuer.",
        "24": "Da erschrak der König Nebukadnezzar. Er fuhr auf und sagte zu seinen Ratgebern: \"Haben wir nicht drei Männer gefesselt ins Feuer geworfen?\" – \"Ja, gewiss, König!\", erwiderten sie.",
        "25": "\"Warum sehe ich dann aber vier Männer ohne Fesseln im Feuer umhergehen? Sie sind alle unversehrt und der vierte sieht aus wie ein Göttersohn.\"",
        "26": "Nebukadnezzar trat näher an die Öffnung des Ofens und rief: \"Schadrach, Meschach, Abed-Nego, ihr Diener des höchsten Gottes, kommt heraus!\" Da kamen die drei aus dem Feuer.",
        "27": "Die Satrapen und die Präfekten, die Statthalter und die Ratgeber des Königs kamen zusammen und sahen, dass das Feuer diesen Männern nichts hatte anhaben können: Ihr Haar war nicht versengt, ihre Kleidung war unversehrt, nicht einmal Brandgeruch konnte man an ihnen wahrnehmen.",
        "28": "Da rief Nebukadnezzar aus: \"Gepriesen sei der Gott von Schadrach, Meschach und Abed-Nego! Er hat seinen Engel geschickt, um diese Männer zu retten, die sich auf ihn verließen und sich dem Befehl des Königs widersetzten. Sie haben ihr Leben gewagt, damit sie außer ihrem Gott keinen anderen verehren oder anbeten müssten!",
        "29": "Darum ergeht folgender Erlass an alle Völker, Nationen und Sprachen: 'Jeder, der etwas Verächtliches über den Gott von Schadrach, Meschach und Abed-Nego sagt, dessen Haus wird zu einem Schutthaufen gemacht und er selbst wird in Stücke gehauen werden.' Denn es gibt keinen anderen Gott, der auf solch eine Weise retten kann!\"",
        "30": "Dann gab der König den drei Männern sehr hohe Ehrenstellungen in der Provinz Babylon.",
        "31": "König Nebukadnezzar an alle Völker, Nationen und Sprachen auf der ganzen Erde: Glück und Frieden euch allen!",
        "32": "Ich habe mich entschlossen, euch von den Zeichen und Wundern in Kenntnis zu setzen, die Gott, der Höchste, an mir getan hat.",
        "33": "Wie groß sind seine Zeichen! Wie gewaltig seine Wunder! Sein Reich besteht ewig! Seine Herrschaft hat für immer Bestand!"
    },
    "4": {
        "1": "Ich, Nebukadnezzar, lebte ruhig und zufrieden in meinem Palast.",
        "2": "Eines Nachts hatte ich einen Traum, der mich erschreckte. Ich lag auf meinem Bett und geriet durch das, was ich sah, in Angst.",
        "3": "Deshalb ließ ich alle Weisen von Babylon zu mir kommen. Sie sollten meinen Traum deuten.",
        "4": "Als die Magier, die Geisterbeschwörer, die Orakelpriester und die Astrologen vor mir standen, erzählte ich ihnen den Traum. Doch keiner sagte mir die Deutung.",
        "5": "Zuletzt trat Daniel vor mich, den ich nach meinem Gott Beltschazzar genannt hatte. In ihm wohnt der Geist der heiligen Götter. Auch ihm erzählte ich meinen Traum.",
        "6": "\"Beltschazzar\", sagte ich, \"du bist der Oberste der Magier. Ich weiß, dass der Geist der heiligen Götter in dir wohnt und dir kein Geheimnis zu schwer ist. Erkläre mir die Bilder, die ich in meinem Traum gesehen habe, und deute sie mir!",
        "7": "Folgende Schau hatte ich auf meinem Lager: Mitten auf der Erde sah ich einen sehr großen Baum.",
        "8": "Er wurde immer größer und gewaltiger, so dass seine Spitze zuletzt bis an den Himmel reichte. Und bis ans Ende der Erde konnte man ihn sehen.",
        "9": "Er hatte schönes Laub und gab reichlich Frucht – Nahrung für alle. Den wilden Tieren bot er Schatten, die Vögel nisteten in seinen Zweigen. Alles, was lebte, bekam Nahrung von ihm.",
        "10": "Als ich das Bild anschaute, sah ich auf einmal einen Wächterengel vom Himmel herabsteigen, einen Heiligen.",
        "11": "Er rief laut: 'Fällt den Baum und hackt seine Äste ab! Reißt das Laub von seinen Ästen und verstreut die Früchte überall! Die Tiere unter ihm und die Vögel in seinen Zweigen sollen in die Flucht gejagt werden.",
        "12": "Nur den Wurzelstock lasst in der Erde! Er soll von einem Band aus Eisen und Bronze umringt sein, mitten im Gras. Vom Tau des Himmels wird er benetzt, und mit dem Wild teilt er sich was draußen wächst.",
        "13": "Statt eines Menschenverstandes soll ihm der Verstand eines Tieres gegeben werden! Sieben Zeiten lang soll das dauern.",
        "14": "Dieser Erlass beruht auf einem Beschluss der Wächter im Himmel, es ist ein Befehl der heiligen Engel, damit alle Lebenden erkennen: Der Höchste hat die Macht über das Reich der Menschen und gibt sie, wem er will. Selbst dem Niedrigsten der Menschen kann er sie geben.'",
        "15": "Diesen Traum habe ich, König Nebukadnezzar, gehabt. Aber du, Beltschazzar, deute ihn mir! Denn alle Weisen in meinem Reich können mir keine Deutung geben. Doch du kannst es, weil dich der Geist der heiligen Götter erfüllt.\"",
        "16": "Da erstarrte Daniel, der auch Beltschazzar heißt, eine Zeit lang. Seine Gedanken erschreckten ihn. Aber der König sagte: \"Beltschazzar, lass dir von dem Traum und seiner Deutung keine Angst einjagen!\" Er erwiderte: \"Mein Herr, ich wünschte, die Botschaft des Traums würde deinen Feinden gelten und allen, die dich hassen!",
        "17": "Der Baum, den du gesehen hast, der so groß und stark wurde, dass seine Spitze bis an den Himmel reichte, und den man bis ans Ende der Erde sehen konnte,",
        "18": "der schönes Laub hatte, reichlich Frucht gab und alle mit Nahrung versorgte, der den wilden Tieren Schatten bot und in dessen Zweigen die Vögel nisteten –",
        "19": "dieser Baum bist du, König. Du wurdest groß und mächtig, deine Gewalt reichte bis an den Himmel, deine Herrschaft bis an das Ende der Welt.",
        "20": "Dass der König einen der heiligen Wächterengel vom Himmel kommen sah, der befahl: 'Fällt den Baum und zerstört ihn, doch seinen Wurzelstock lasst in der Erde! Er soll von einem Band aus Eisen und Bronze umringt sein, mitten im Gras. Vom Tau des Himmels wird er benetzt, und mit dem Wild teilt er sich was draußen wächst, bis die sieben Zeiten vorbei sind!',",
        "21": "das, mein König, hat folgende Bedeutung: Der Höchste hat einen Beschluss gefasst, der meinen Herrn, den König, betrifft.",
        "22": "Man wird dich aus der Gemeinschaft der Menschen ausstoßen und du wirst unter den wilden Tieren leben. Man wird dir Kraut zu essen geben wie den Rindern und dich nass werden lassen vom Tau. Sieben Zeiten werden so vergehen, bis du erkennst, dass der Höchste über die Reiche der Menschen herrscht und die Herrschaft gibt, wem er will.",
        "23": "Doch weil der Wurzelstock im Erdreich bleiben sollte, wird auch dir dein Königreich erhalten bleiben, sobald du erkennst, dass der Himmel die Macht hat.",
        "24": "Darum, König, lass dir meinen Rat gefallen, und sühne deine Sünden durch Gerechtigkeit, dein Unrecht durch Erbarmen mit den Armen. Dann wird es dir auch in Zukunft gut gehen!\"",
        "25": "Genauso geschah es dann mit König Nebukadnezzar.",
        "26": "Zwölf Monate später ging er auf der Dachterrasse seines Palastes in Babylon umher",
        "27": "und sagte sich: \"Diese großartige Stadt hier habe ich gebaut! Es ist meine Residenz! Mit meiner gewaltigen Macht habe ich das fertig gebracht, ein würdiges Denkmal meiner Herrlichkeit!\"",
        "28": "Der König hatte noch nicht ausgeredet, da kam eine Stimme aus dem Himmel: \"Hiermit wird dir die Herrschaft weggenommen, König Nebukadnezzar!",
        "29": "Du wirst aus der Gemeinschaft der Menschen ausgestoßen und musst unter den wilden Tieren leben! Man wird dir Kraut zu essen geben wie dem Rind und dich nass werden lassen vom Tau. Sieben Zeiten werden so vergehen, bis du erkennst, dass der Höchste über die Reiche der Menschen herrscht und die Herrschaft gibt, wem er will.\"",
        "30": "Im gleichen Augenblick wurde das Urteil an Nebukadnezzar vollstreckt. Er wurde aus der Gemeinschaft der Menschen ausgestoßen, fraß Kraut wie die Rinder und wurde nass vom Tau. Sein Haar wurde lang wie die Federn der Geier und seine Nägel wie die Krallen der Vögel.",
        "31": "Nach Ablauf der Zeit erhob ich, Nebukadnezzar, den Blick zum Himmel. Da kehrte mein Verstand wieder zurück und ich pries den Höchsten. Ich rühmte und verherrlichte den, der ewig lebt, dessen Herrschaft niemals aufhört und dessen Reich in Ewigkeit besteht.",
        "32": "Alle Bewohner der Erde sind vor ihm wie nichts. Er macht mit ihnen, was er will. Selbst das Heer des Himmels ist in seiner Hand. Niemand kann ihm wehren und ihn fragen, was er da tut.",
        "33": "Als mein Verstand wieder zurückgekehrt war, kehrten zum Ruhm meines Königtums auch meine Herrlichkeit und mein Ansehen zurück. Meine Ratgeber und die Großen meines Reiches suchten mich auf, und ich wurde wieder in meine Herrschaft eingesetzt. Meine Macht wurde noch größer als vorher.",
        "34": "Nun rühme und lobe und ehre ich, Nebukadnezzar, den König des Himmels, der zu seinem Wort steht und immer das Richtige tut, und der alle demütigen kann, die sich überheben."
    },
    "5": {
        "1": "König Belschazzar veranstaltete ein großes Bankett für die tausend Mächtigen seines Reiches und trank mit ihnen Wein.",
        "2": "Unter dem Einfluss des Weins befahl er, die goldenen und silbernen Gefäße herzubringen, die sein Großvater Nebukadnezzar aus dem Tempel in Jerusalem hatte wegnehmen lassen. Er wollte mit seinen Mächtigen, seinen Frauen und Nebenfrauen daraus trinken.",
        "3": "Da brachte man die goldenen Gefäße, die einst aus dem Tempel Gottes in Jerusalem weggenommen worden waren, und alle tranken Wein daraus.",
        "4": "Dabei rühmten sie die Götter aus Gold und Silber, aus Bronze, Eisen, Holz und Stein.",
        "5": "Im gleichen Augenblick erschienen die Finger einer menschlichen Hand und schrieben etwas auf die weiß verputzte Wand des Königspalastes. Es war die Stelle gegenüber dem Leuchter. Als der König die schreibende Hand sah,",
        "6": "wurde er bleich. Seine Gedanken erschreckten ihn so sehr, dass er am ganzen Körper schlotterte und seine Knie aneinander schlugen.",
        "7": "Laut schrie er nach den Beschwörungspriestern, den Astrologen und Magiern. Als die Weisen Babylons eintraten, sagte er zu ihnen: \"Wer diese Schrift lesen und mir deuten kann, soll in Purpur gekleidet werden und bekommt eine goldene Ehrenkette um den Hals. Er soll der dritte Mann im ganzen Reich werden.\"",
        "8": "Nun traten die Weisen des Königs heran, aber sie konnten die Schrift weder lesen noch deuten.",
        "9": "Darüber erschrak König Belschazzar noch mehr; er wurde immer bleicher, und auch seine Mächtigen gerieten in Angst.",
        "10": "Weil nun die Rufe des Königs und seiner Mächtigen bis zur Königsmutter drangen, kam sie in den Festsaal und sagte: \"Der König lebe ewig! Lass dich von deinen Gedanken nicht schrecken, du musst nicht blass werden.",
        "11": "Es gibt einen Mann in deinem Reich, der vom Geist der heiligen Götter erfüllt ist. Zur Zeit deines Vaters Nebukadnezzar bewies er, dass Erleuchtung und Einsicht in ihm wohnten, eine Weisheit, wie sie sonst nur die Götter haben. Dein Vater hatte ihn zum Obersten aller Zeichendeuter, Beschwörungspriester, Astrologen und Magier gemacht, dein Vater, König!",
        "12": "Er heißt Daniel, und dein Vater hatte ihm den Namen Beltschazzar gegeben. Der Mann ist außergewöhnlich klug, er hat Verstand und Scharfsinn zum Deuten von Träumen und kann auch sonst jedes Rätsel lösen und die geheimnisvollsten Dinge erklären. Lass ihn jetzt rufen! Er wird dir sagen, was die Schrift bedeutet.\"",
        "13": "Darauf wurde Daniel herbeigeholt, und der König sagte: \"Du bist also Daniel, einer von den Juden, die mein königlicher Vater aus Juda hergebracht hat?",
        "14": "Ich habe gehört, dass du vom Geist der Götter erfüllt und mit außergewöhnlicher Weisheit, mit Erleuchtung und Einsicht begabt bist.",
        "15": "Gerade sind die Weisen, die Beschwörungspriester vor mich gebracht worden, um diese Schrift hier zu lesen und ihren Sinn zu deuten. Aber sie können es nicht.",
        "16": "Aber du – von dir habe ich gehört, dass du Deutungen geben und schwierige Rätsel lösen kannst. Wenn das stimmt und du mir die Schrift vorlesen und erklären kannst, wirst du in Purpur gekleidet werden, bekommst eine goldene Ehrenkette um den Hals und sollst als dritter Mann im Reich herrschen.\"",
        "17": "Daniel erwiderte dem König: \"Behalte deine Geschenke oder gib sie einem anderen. Aber die Schrift werde ich dem König vorlesen und sagen, was sie bedeutet.",
        "18": "Du, König – Gott, der Höchste, hatte deinen Vater Nebukadnezzar zu einem mächtigen Herrscher gemacht und ihm Ehre und Ruhm gegeben.",
        "19": "Wegen dieser ihm verliehenen Macht zitterten ganze Völker, Nationen und Sprachen vor ihm. Er tötete oder ließ am Leben, wen er wollte. Er erhöhte die einen und erniedrigte die anderen – wie es ihm gefiel.",
        "20": "Doch als er überheblich wurde und sein Geist sich in Maßlosigkeit versteifte, verlor er Thron und Herrscherwürde.",
        "21": "Er wurde aus der Gemeinschaft der Menschen ausgestoßen und bekam statt eines menschlichen Verstands den eines Tiers. Er musste bei den Wildeseln leben und Gras fressen wie ein Rind. Sein Körper wurde vom Tau des Himmels nass, bis er erkannte, dass Gott, der Höchste, über die Reiche der Menschen herrscht und die Herrschaft gibt, wem er will.",
        "22": "Aber du, Belschazzar, sein Sohn, hast dich nicht gedemütigt, obwohl du das alles wusstest.",
        "23": "Du hast dich gegen den Herrn des Himmels erhoben und dir die Gefäße aus seinem Tempel herbeischaffen lassen. Und mit deinen Mächtigen, mit deinen Frauen und Nebenfrauen hast du Wein daraus getrunken. Und dabei hast du die Götter aus Gold und Silber, aus Bronze, Eisen, Holz und Stein gepriesen, die weder sehen noch hören können und keinen Verstand haben. Aber den Gott, der dein Leben in der Hand hat und dein Schicksal bestimmt, den hast du nicht geehrt.",
        "24": "Darum hat er diese Hand geschickt und diese Worte an die Wand schreiben lassen.",
        "25": "Sie lauten: 'Mene, mene, tekel uparsin'",
        "26": "und haben folgende Bedeutung: Mene – gezählt hat Gott die Tage deiner Herrschaft und ihr ein Ende gesetzt.",
        "27": "Tekel – gewogen hat er dich auf seiner Waage und dich zu leicht gefunden.",
        "28": "Peres – zerteilt hat er dein Reich und es den Medern und Persern gegeben.\"",
        "29": "Da befahl Belschazzar, Daniel in Purpur zu kleiden und ihm eine goldene Halskette umzulegen. Dann ließ er verkünden, dass er als der Dritte in seinem Reich herrschen sollte.",
        "30": "Noch in derselben Nacht wurde König Belschazzar, der ein Chaldäer war, getötet."
    },
    "6": {
        "1": "Darius, ein Meder, übernahm im Alter von 62 Jahren die Herrschaft.",
        "2": "Er beschloss, 120 Satrapen über die Provinzen seines Reiches einzusetzen.",
        "3": "Diese Statthalter unterstellte er drei Ministern, von denen einer Daniel war. Sie hatten ihnen Rechenschaft abzulegen, damit der König nicht belästigt würde.",
        "4": "Bald stellte sich heraus, dass Daniel den anderen Ministern und den Satrapen weit überlegen war, weil ein außergewöhnlicher Geist in ihm wohnte. Der König dachte sogar daran, ihm die Verwaltung des ganzen Reiches zu übertragen.",
        "5": "Da versuchten die anderen Minister zusammen mit den Satrapen, Daniel wegen seiner Amtsführung anzuklagen. Aber sie konnten keinen Grund zur Anklage finden und keine Korruption entdecken, denn er war weder nachlässig noch bestechlich.",
        "6": "Da sagten sie sich: \"Wir haben bei diesem Daniel nichts in der Hand, es sei denn, wir finden im Gesetz seines Gottes etwas gegen ihn.\"",
        "7": "Darauf eilten sie aufgeregt zum König und sagten: \"Der König Darius lebe ewig!",
        "8": "Alle Minister des Reiches, die Satrapen, die Ratgeber und Verwalter sind übereingekommen, dich zu bitten, folgende Verordnung zu erlassen: 'Wer in den kommenden dreißig Tagen eine Bitte an irgendeinen Gott oder Menschen richtet außer an dich, König, soll zu den Löwen in die Grube geworfen werden.'",
        "9": "Gib dem Gebot die Form eines offiziellen königlichen Erlasses, der nach dem Gesetz der Meder und Perser nicht geändert oder aufgehoben werden darf!\"",
        "10": "König Darius ließ den Erlass ausfertigen und unterschrieb ihn.",
        "11": "Als Daniel erfuhr, dass der Erlass abgefasst worden war, ging er in sein Haus. Im Obergeschoss hatte er offene Fenster in Richtung Jerusalem. Dreimal täglich kniete er dort nieder, um zu beten und Gott zu preisen. So tat er es auch jetzt.",
        "12": "Da stürmten jene Männer herein und fanden Daniel, wie er zu seinem Gott betete und ihn sogar anflehte.",
        "13": "Darauf gingen sie zum König und brachten das königliche Verbot zur Sprache: \"Hast du nicht einen Erlass unterschrieben, dass jeder, der in den nächsten dreißig Tagen von irgendeinem Gott oder Menschen etwas erbittet außer von dir, König, zu den Löwen in die Grube geworfen werden soll?\" – \"So ist es\", erwiderte der König. \"Es gilt unwiderruflich nach dem Gesetz der Meder und Perser, das nicht aufgehoben werden darf.\"",
        "14": "Da sagten sie dem König: \"Daniel, einer von den hergebrachten Juden, kümmert sich einfach nicht um dich und dein Gebot, sondern verrichtet dreimal am Tag sein Gebet.\"",
        "15": "Als der König das hörte, wurde er sehr traurig. Den ganzen Tag über unternahm er alle Anstrengungen, um Daniel zu retten.",
        "16": "Bei Sonnenuntergang kamen die Kläger wieder zu ihm und hielten ihm vor: \"Du weißt, König, dass nach dem Gesetz der Meder und Perser kein Erlass des Königs widerrufen werden kann!\"",
        "17": "Nun musste der König den Befehl geben, Daniel herzubringen und in die Grube zu den Löwen zu werfen. Er sagte zu ihm: \"Dein Gott, dem du so treu dienst, möge er dich retten!\"",
        "18": "Dann wurde ein Stein auf die Öffnung der Grube gewälzt und mit dem Siegel des Königs und seiner Mächtigen versiegelt, damit in Daniels Sache nichts verändert würde.",
        "19": "Danach zog sich Darius in seinen Palast zurück. Er verzichtete auf jede Unterhaltung, fastete die ganze Nacht und konnte auch keinen Schlaf finden.",
        "20": "In der Morgendämmerung, gerade als es hell wurde, stand er auf und ging voller Unruhe zur Löwengrube.",
        "21": "Als er in die Nähe der Grube gekommen war, rief er mit schmerzerfüllter Stimme: \"Daniel, du Diener des lebendigen Gottes! Dein Gott, dem du so treu dienst – hat er dich vor den Löwen retten können?\"",
        "22": "Daniel antwortete: \"Der König lebe ewig!",
        "23": "Mein Gott hat seinen Engel geschickt, weil ihm meine Unschuld bekannt war. Und der hat den Löwen die Rachen verschlossen, sodass sie mir nichts antun konnten. Auch dir gegenüber, König, habe ich kein Unrecht begangen.\"",
        "24": "Da freute sich der König außerordentlich und befahl, Daniel aus der Grube herauszuholen. Als man ihn heraufgezogen hatte, fand man keinerlei Verletzung an ihm, weil er seinem Gott vertraut hatte.",
        "25": "Dann befahl der König, die Männer, die Daniel verleumdet hatten, samt ihren Frauen und Kindern herzuholen und in die Grube zu den Löwen zu werfen. Und noch ehe sie den Boden der Grube berührt hatten, fielen die Löwen über sie her und zermalmten ihnen alle Knochen.",
        "26": "Daraufhin schickte König Darius ein Schreiben an alle Völker, Nationen und Sprachen. Es lautete folgendermaßen: \"Glück und Frieden euch allen!",
        "27": "Hiermit ordne ich an, dass man in meinem ganzen Reich den Gott Daniels scheuen und fürchten soll. Denn er ist der lebendige, ewige Gott. Sein Reich geht nie zugrunde, und seine Herrschaft bleibt für immer bestehen.",
        "28": "Er rettet und befreit; er wirkt Zeichen und Wunder am Himmel und auf der Erde; er hat Daniel aus den Klauen der Löwen gerettet.\"",
        "29": "Dieser Daniel war ein einflussreicher Mann unter der Regierung des Darius und auch unter der des Persers Kyrus."
    },
    "7": {
        "1": "Im ersten Regierungsjahr des Königs Belschazzar von Babylon hatte Daniel im Traum eine Vision. Als er auf dem Bett lag, gingen Bilder durch seinen Kopf. Er schrieb auf, was er gesehen hatte.",
        "2": "Hier ist sein Bericht: Ich sah in meiner nächtlichen Vision, wie aus allen vier Himmelsrichtungen Stürme kamen, die das große Meer aufwühlten.",
        "3": "Vier große Tiere stiegen aus dem Meer; jedes hatte eine andere Gestalt.",
        "4": "Das erste sah aus wie ein Löwe, hatte aber Flügel wie Adler. Während ich es betrachtete, wurden ihm die Flügel ausgerissen; es wurde aufgerichtet und wie ein Mensch auf zwei Füße gestellt. Es bekam auch das Herz eines Menschen.",
        "5": "Das zweite Tier sah aus wie ein Bär. Es hatte sich auf einer Seite aufgerichtet und hielt drei Rippen zwischen seinen Zähnen. Man rief ihm zu: \"Steh auf und friss dich voll mit Fleisch!\"",
        "6": "Danach sah ich ein Tier, das wie ein Leopard aussah. Doch es hatte vier Flügel an seinen Seiten und auch vier Köpfe. Ihm wurde eine große Macht anvertraut.",
        "7": "Danach erblickte ich in meiner Vision ein viertes Tier, das grauenerregend anzusehen war. Es war außergewöhnlich stark und hatte große eiserne Zähne. Es fraß und zermalmte und zertrat den Rest mit den Füßen. Es unterschied sich völlig von den anderen Tieren und hatte auch zehn Hörner.",
        "8": "Als ich die Hörner beobachtete, wuchs auf einmal ein kleines Horn zwischen ihnen hoch. Seinetwegen wurden drei andere Hörner herausgerissen. Dann sah ich plötzlich Menschenaugen an diesem Horn und ein Maul, das große Reden schwang.",
        "9": "Ich sah immer noch hin, bis Throne aufgestellt wurden und einer, der uralt war, sich setzte. Sein Gewand war weiß wie Schnee und sein Haar so hell wie reine Wolle. Sein Thron bestand aus Flammen und feurigen Rädern.",
        "10": "Ein ganzer Feuerstrom flutete aus ihm. Tausende und Abertausende standen zu seinem Dienst bereit, und eine unzählbare Menge hatte sich vor ihm versammelt. Das Gericht setzte sich, und Bücher wurden aufgeschlagen.",
        "11": "Ich schaute wieder auf das Horn, das so prahlerisch dahergeredet hatte, und sah, wie das ganze Tier getötet und sein Körper in die lodernde Glut geworfen und vernichtet wurde.",
        "12": "Den übrigen Tieren wurde die Herrschaft genommen, doch ließ man jedes bis zu einer bestimmten Frist am Leben.",
        "13": "Immer noch sah ich die nächtlichen Bilder: Da kam mit den Wolken des Himmels einer, der aussah wie der Sohn eines Menschen. Man führte ihn zu dem, der uralt war,",
        "14": "und verlieh ihm Macht und Ehre und übergab ihm die Herrschaft. Die Menschen aller Völker, Nationen und Sprachen dienten ihm. Seine Herrschaft ist ewig, sie wird nicht vergehen, sein Reich wird niemals zerstört.",
        "15": "Ich, Daniel, litt unter dem, was ich sah, und die Bilder, die mir durch den Kopf gingen, erschreckten mich.",
        "16": "Da wandte ich mich an einen von denen, die ‹vor Gott› standen, und bat ihn, mir genau zu erklären, was das alles bedeute. Er sagte:",
        "17": "\"Diese großen Tiere, vier an der Zahl, versinnbildlichen vier Herrscher, die nacheinander auftreten werden.",
        "18": "Doch empfangen werden das Reich die Heiligen des Höchsten, und sie werden es für immer und in alle Ewigkeit besitzen.\"",
        "19": "Dann wollte ich Genaueres über das vierte Tier wissen, das sich so sehr von allen anderen unterschied – diese schreckliche Bestie mit Zähnen aus Eisen und Krallen aus Bronze –, das fraß und zermalmte und den Rest mit den Füßen zertrat.",
        "20": "Auch über die zehn Hörner auf seinem Kopf wollte ich mehr erfahren und besonders über das, das zuletzt hervorbrach und drei andere verdrängt hatte, das Augen hatte und einen Mund, der großmäulige Reden schwang, und das größer aussah als die übrigen Hörner.",
        "21": "Ich hatte gesehen, wie dieses Horn gegen die Heiligen Krieg führte und sie besiegte.",
        "22": "Aber dann hatte der eingegriffen, der uralt war, und den Heiligen des Höchsten das Gericht übertragen. Die Zeit war gekommen, dass die Heiligen das Reich in Besitz nahmen.",
        "23": "Auf meine Frage antwortete er: \"Das vierte Tier bedeutet: Ein viertes Reich wird auf der Erde entstehen, das sich von allen früheren unterscheidet. Es wird die Völker der Erde fressen, sie zertreten und zermalmen.",
        "24": "Die zehn Hörner bedeuten, dass zehn Könige in diesem Reich regieren werden. Aber dann kommt ein König an die Macht, der ganz anders ist als seine Vorgänger. Er wird drei Könige stürzen",
        "25": "und es sich erlauben, Worte gegen den Höchsten zu richten. Er wird die Heiligen des Höchsten aufreiben und versuchen, Zeiten und Gesetz zu ändern. Die Heiligen werden für eine Zeit, zwei Zeiten und eine halbe Zeit in seiner Gewalt sein.",
        "26": "Dann aber tritt das Gericht zusammen. Es nimmt ihm seine Macht und zerstört sie bis zum letzten Rest.",
        "27": "Das Reich und die Herrschaft und die Macht und Größe aller anderen Reiche zusammen werden dann dem Volk der Heiligen des Höchsten gegeben. Sein Reich ist ein ewiges Reich und alle Mächte werden ihm dienen und gehorchen.\"",
        "28": "Hier endet mein Bericht. Mich, Daniel, schreckten meine Gedanken sehr, und alle Farbe wich aus meinem Gesicht. Doch ich behielt die Sache in meinem Herzen."
    },
    "8": {
        "1": "Im dritten Regierungsjahr des Königs Belschazzar hatte ich, Daniel, eine zweite Vision.",
        "2": "Dabei sah ich mich selbst, wie ich am Ulai-Kanal in der Residenz Susa stand, die sich in der Provinz Elam befindet.",
        "3": "Ich blickte auf, da stand auf einmal ein Schafbock mit zwei mächtigen Hörnern am Kanal. Das eine Horn war größer als das andere, obwohl es erst später gewachsen war.",
        "4": "Ich sah, wie der Schafbock nach Westen, Norden und Süden stieß. Kein Tier konnte ihm standhalten, und es gab keinen, der sich aus seiner Gewalt retten konnte. Er tat, was er wollte, und machte sich groß.",
        "5": "Als ich aufmerksam hinsah, kam plötzlich ein Ziegenbock vom Westen her. Er flog nur so über die Erde, ohne den Boden zu berühren. Zwischen seinen Augen hatte er ein auffälliges Horn.",
        "6": "Als er bei dem Schafbock angelangt war, den ich am Kanal gesehen hatte, stürzte er sich mit voller Wucht auf ihn.",
        "7": "Ich sah ihn auf die Seite des Schafbocks aufprallen. Voller Erbitterung stieß er den Schafbock und brach ihm beide Hörner ab. Der hatte nicht die Kraft, ihm standzuhalten; er wurde zu Boden geworfen und zertrampelt. Niemand kam ihm zu Hilfe.",
        "8": "Der Ziegenbock wurde immer größer. Auf dem Höhepunkt seiner Macht brach sein großes Horn ab. An seiner Stelle wuchsen vier kräftige Hörner in die vier Himmelsrichtungen hin.",
        "9": "Aus einem von ihnen kam ein weiteres Horn hervor. Zuerst war es ganz klein, aber dann wuchs es gewaltig nach Süden, Osten und ‹dem Land› der Zierde, ‹nach Israel›, hin.",
        "10": "Ja, es wuchs bis zum Heer des Himmels hin und schleuderte einige von diesem Heer und von den Sternen auf die Erde und zertrampelte sie.",
        "11": "Selbst bis zum Befehlshaber des Himmelsheeres reckte es sich empor. Es nahm ihm das tägliche Opfer weg und verwüstete sein Heiligtum.",
        "12": "Verbrecherisch setzte es ein ganzes Heer gegen das tägliche Opfer ein. So trat es die Wahrheit mit Füßen. Und bei allem, was es unternahm, hatte es Erfolg.",
        "13": "Dann hörte ich, wie einer der heiligen Engel einen anderen fragte: \"Wie lange soll nach der Vision das tägliche Opfer unterbunden und das Heiligtum durch frevelhafte Entweihung verödet sein?\"",
        "14": "Dieser antwortete mir: \"Bis 2.300 Abende und Morgen vergangen sind, und das Heiligtum wiederhergestellt ist.\"",
        "15": "Als ich, Daniel, die Vision hatte und sie zu verstehen suchte, stand plötzlich einer vor mir, der wie ein Mann aussah.",
        "16": "Gleichzeitig hörte ich eine Stimme über dem Ulai-Kanal, die ihm zurief: \"Gabriel, erkläre ihm die Vision!\"",
        "17": "Da kam er auf mich zu. Als er näher trat, erschrak ich so sehr, dass ich zu Boden stürzte. Doch er sagte zu mir: \"Du, Mensch, sollst verstehen, dass diese Vision sich auf die letzte Zeit bezieht.\"",
        "18": "Während er das sagte, lag ich wie betäubt auf der Erde, das Gesicht auf dem Boden. Da berührte er mich und stellte mich wieder auf die Beine.",
        "19": "Dann sagte er: \"Ich will dir erklären, was am Ende des Strafgerichts geschehen wird. Denn es geht um die Zeit, in der das Ende kommt.",
        "20": "Der Schafbock mit den beiden Hörnern meint die Könige von Medien und Persien,",
        "21": "der zottige Ziegenbock das griechische Königreich. Das große Horn zwischen den Augen des Ziegenbocks ist der erste König des Griechenreiches.",
        "22": "Dass es abbrach und dass an seiner Stelle vier andere aufwuchsen, bedeutet: Aus dem Griechenvolk werden vier Reiche entstehen, die aber nicht so viel Macht haben wie der erste König.",
        "23": "Wenn dann die Herrschaft dieser Reiche zu Ende geht und das Maß der Abtrünnigen Israels voll ist, wird ein frecher und hinterlistiger König auftreten.",
        "24": "Er wird sehr mächtig werden, wenn auch nicht durch eigene Kraft, und wird ungeheures Verderben anrichten. Was er unternimmt, wird ihm gelingen. Er wird die Starken vernichten und Gottes heiliges Volk ins Verderben stürzen.",
        "25": "Dank seiner Schlauheit gelingt ihm der Betrug. In seinem Größenwahn wird er viele ahnungslose Menschen umbringen. Selbst gegen den höchsten Herrn wird er sich erheben, aber schließlich ohne menschliches Zutun zerschmettert werden.",
        "26": "Auch was du über die Abende und Morgen gehört hast, ist wahr. Doch du sollst das, was du gesehen hast, gut verwahren, denn es bezieht sich auf viele Tage.\"",
        "27": "Danach war ich, Daniel, völlig erschöpft und tagelang krank. Als ich dann aufstehen konnte, nahm ich meinen Dienst beim König wieder auf. Doch ich war fassungslos über das Geschaute, und es gab keinen, der es verstand."
    },
    "9": {
        "1": "Im ersten Jahr, nachdem der Meder Darius, der Sohn des Ahasveros, über das Reich der Chaldäer zum König eingesetzt worden war,",
        "2": "in seinem ersten Regierungsjahr forschte ich, Daniel, in den Schriftrollen nach der Zahl der Jahre, die Jerusalem nach dem Wort Jahwes an den Propheten Jeremia in Trümmern liegen sollte; es waren siebzig.",
        "3": "Ich wandte mein Gesicht zu Gott, dem Herrn, um zu ihm zu beten und ihn anzuflehen. Dabei fastete ich, hatte den Trauersack angezogen und saß in der Asche.",
        "4": "Ich betete zu Jahwe, meinem Gott, und bekannte: \"Ach, Herr, du großer und furchterregender Gott! In unerschütterlicher Treue stehst du zu deinem Bund mit denen, die dich lieben und deine Gebote halten.",
        "5": "Doch wir haben gesündigt, wir haben uns an dir vergangen und gottlos gehandelt, wir haben uns aufgelehnt und sind abgewichen von deinem Gebot und Gesetz.",
        "6": "Wir haben auch nicht auf die Warnungen deiner Propheten gehört, die in deinem Auftrag zu unseren Königen, Fürsten und Vätern und zum ganzen Volk geredet haben.",
        "7": "Du, Herr, bist im Recht, und wir stehen heute beschämt vor dir, wir alle, die Männer von Juda und die Bewohner von Jerusalem und alle Israeliten, ob sie in der Nähe oder in der Ferne sind, alle, die du wegen ihres Treuebruchs vertrieben und unter die Völker zerstreut hast.",
        "8": "Jahwe, es muss uns die Schamröte ins Gesicht treiben, unseren Königen, Fürsten und Vätern, weil wir alle gegen dich gesündigt haben.",
        "9": "Doch beim Herrn, unserem Gott, ist Erbarmen und Vergebung. Denn gegen ihn haben wir uns aufgelehnt.",
        "10": "Wir haben nicht auf die Stimme von Jahwe, unserem Gott, gehört. Wir haben seine Befehle nicht befolgt, die er uns durch seine Diener vorgelegt hat, durch die Propheten.",
        "11": "Ganz Israel hat deine Weisungen missachtet und deine Worte in den Wind geschlagen. Und so hat uns der Fluch getroffen, mit dem im Gesetz deines Dieners Mose jeder bedroht wird, der gegen dich sündigt.",
        "12": "Gott hat seine Drohungen wahr gemacht, die er gegen uns ausgesprochen hatte und gegen die, die uns regierten: Er werde so schweres Unheil über uns bringen, dass es auf der ganzen Welt seinesgleichen sucht – wie es jetzt in Jerusalem geschehen ist.",
        "13": "Im Gesetz des Mose stand schon alles geschrieben, was nun als Unheil über uns gekommen ist. Und wir haben Jahwe, unseren Gott, nicht zur Gnade bewegt, indem wir von unserer Sünde umgekehrt wären und uns nach deiner Wahrheit gerichtet hätten.",
        "14": "So hat Jahwe das Unheil absichtlich über uns hereinbrechen lassen, denn Jahwe, unser Gott, ist gerecht in allem, was er tut. Aber wir haben nicht auf ihn gehört.",
        "15": "Aber du, Herr, unser Gott, bist es doch, der sein Volk aus Ägypten geführt und sich dadurch bis heute einen Namen gemacht hat: Ja, wir haben gesündigt, wir sind gottlos gewesen!",
        "16": "Herr, lass doch nach all den Beweisen deiner Gerechtigkeit deinen grimmigen Zorn nicht länger über deiner Stadt Jerusalem und dem Berg deines Heiligtums wüten. Denn wegen unserer Sünden und der Schuld unserer Väter sind Jerusalem und dein Volk zum Gespött aller Nachbarn geworden.",
        "17": "Unser Gott, höre doch jetzt auf das Flehen deines Dieners und lass dein Gesicht wieder leuchten über deinem verwüsteten Heiligtum – um deinetwillen, Herr!",
        "18": "Mein Gott, neige doch dein Ohr und höre! Öffne deine Augen und schau dir die Verwüstung an und die Stadt, die nach deinem Namen genannt ist! Nicht im Vertrauen auf unsere Gerechtigkeit bringen wir unser Flehen vor dich, sondern im Vertrauen auf dein großes Erbarmen.",
        "19": "Herr, höre! Herr, vergib! Herr, zögere nicht und greif ein! Lass uns nicht länger warten! Tu es um deinetwillen, mein Gott, denn deine Stadt und dein Volk sind doch nach deinem Namen genannt.\"",
        "20": "Während ich noch redete und betete und meine Sünde und die Sünde meines Volkes Israel bekannte und mein demütiges Gebet für Gottes heiligen Berg vor Jahwe, meinen Gott, brachte,",
        "21": "während ich also noch beim Beten war, erreichte mich wie im raschen Flug der Mann Gabriel, den ich vorher in der Vision gesehen hatte. Es war zur Zeit des Abendopfers.",
        "22": "Er öffnete mir das Verständnis. \"Daniel\", sagte er, \"ich bin jetzt losgezogen, um dir klare Einsicht zu geben.",
        "23": "Schon zu Beginn deines Gebets erging ein Wort Gottes. So bin ich nun gekommen, es dir mitzuteilen, denn du genießt hohes Ansehen. Gib Acht auf das, was ich dir zu sagen habe, damit du die Vision verstehst!",
        "24": "Siebzig Jahrwochen müssen für dein Volk und die Heilige Stadt vergehen, bis der Aufruhr gegen Gott zum Abschluss gebracht, die Macht der Sünde gebrochen und die Schuld gesühnt ist, bis eine ewige Gerechtigkeit herbeigeführt, die Prophetie endgültig bestätigt und der Höchstheilige gesalbt ist.",
        "25": "Du musst Folgendes wissen und verstehen: Vom Erlass des Befehls zum Wiederaufbau Jerusalems bis zu einem Gesalbten, einem Fürsten, vergehen sieben Jahrwochen. 62 Jahrwochen lang wird es dann als wiederaufgebaute und befestigte Stadt bestehen bleiben, auch wenn es schwere Zeiten erleben muss.",
        "26": "Aber nach den 62 Jahrwochen wird ein Gesalbter die Todesstrafe erleiden, aber nicht für sich. Dann wird das Volk eines kommenden Fürsten die Stadt und das Heiligtum zerstören. Das wird wie eine Überflutung sein. Und bis zum Ende wird es Krieg und Verwüstungen geben, wie Gott es beschlossen hat.",
        "27": "Für eine Jahrwoche wird der Fürst einen starken Bund mit den Vielen schließen. Doch in der Mitte der Jahrwoche wird er die Schlacht- und Speisopfer aufhören lassen. Dazu wird er das Heiligtum verwüsten, indem er ein Gräuelbild dort aufstellt. Schließlich wird die beschlossene Vernichtung auch ihn selbst treffen.\""
    },
    "10": {
        "1": "Im dritten Regierungsjahr des Perserkönigs Kyrus empfing Daniel, der auch Beltschazzar heißt, eine Botschaft Gottes. Was ihm darin offenbart wurde, ist wahr und betrifft einen großen Kampf. Daniel bemühte sich um Verständnis für die Botschaft und bekam es auch durch eine Vision. Er berichtet:",
        "2": "Damals trauerte ich, Daniel, drei Wochen lang.",
        "3": "Ich verzichtete auf besondere Speisen, aß kein Fleisch, trank keinen Wein und pflegte mich nicht mit Salbölen bis die drei Wochen um waren.",
        "4": "Am 24. April stand ich am Ufer des großen Stroms, des Tigris,",
        "5": "und als ich aufblickte, sah ich einen Mann vor mir stehen. Er hatte ein Leinengewand an und war an den Hüften mit feinstem Gold umgürtet.",
        "6": "Sein Körper glich einem Edelstein, sein Gesicht leuchtete wie ein Blitz und seine Augen brannten wie Fackeln. Seine Arme und die Füße glänzten wie polierte Bronze und sein Reden klang wie das Tosen einer vielstimmigen Menschenmenge.",
        "7": "Nur ich, Daniel, sah diese Erscheinung. Die Männer bei mir sahen nichts, sie wurden aber von einem so großen Schrecken gepackt, dass sie davonliefen und sich versteckten.",
        "8": "So blieb ich allein zurück und sah diese gewaltige Erscheinung. Doch da verließ mich alle Kraft, das Blut wich aus meinem Gesicht und ich konnte mich kaum noch auf den Beinen halten.",
        "9": "Und als ich ihn sprechen hörte, stürzte ich ohnmächtig zu Boden und blieb mit dem Gesicht auf der Erde liegen.",
        "10": "Doch eine Hand rührte mich an und rüttelte mich hoch, so dass ich auf die Knie und Handflächen hochkam.",
        "11": "\"Daniel\", sagte er zu mir, \"du bist hoch geschätzt bei Gott. Steh auf und höre, was ich dir zu sagen habe! Gott hat mich zu dir geschickt.\" Zitternd richtete ich mich auf.",
        "12": "\"Hab keine Angst, Daniel!\", sagte er zu mir. \"Denn vom ersten Tag an, als du dich vor deinem Gott beugtest, um seinen Plan zu verstehen, hat er dein Gebet erhört. Und wegen deiner Worte bin ich gekommen.",
        "13": "Aber der Engelfürst von Persien hat sich mir 21 Tage lang entgegengestellt. Da kam Michael, einer der höchsten Engelfürsten, mir zu Hilfe, so dass ich beim Kampf um Persien entbehrlich wurde.",
        "14": "Nun bin ich hier, um dich darüber zu unterrichten, was mit deinem Volk am Ende der von Gott bestimmten Zeit geschehen wird. Denn wieder ist es eine Vision, die sich auf die letzte Zeit bezieht.\"",
        "15": "Als er so mit mir redete, blickte ich zu Boden und konnte kein Wort herausbringen.",
        "16": "Da berührte einer meine Lippen. Er sah aus wie ein Mensch. Nun konnte ich wieder sprechen. Ich sagte zu dem, der vor mir stand: \"Mein Herr, bei deiner Erscheinung wand ich mich in Schmerzen und verlor alle Kraft.",
        "17": "Und wie soll dein Diener auch mit dir reden können, Herr? Mir fehlt seitdem ja alle Kraft, und selbst der Atem bleibt mir weg.\"",
        "18": "Da berührte mich der, der wie ein Mensch aussah, erneut und stärkte mich.",
        "19": "\"Hab keine Angst!\", sagte er zu mir. \"Du bist hoch geschätzt bei Gott! Friede sei mit dir! Sei stark und fest!\" Als er so mit mir redete, fühlte ich mich gestärkt und sagte: \"Rede nun, mein Herr, denn du hast mich stark dafür gemacht!\"",
        "20": "\"Weißt du nun, warum ich zu dir gekommen bin?\", sagte er. \"Schon bald werde ich wieder zum Fürsten von Persien zurückgehen, um weiter gegen ihn zu kämpfen. Und wenn ich mit ihm fertig geworden bin, muss ich auch gegen den Fürsten von Griechenland antreten.",
        "21": "Doch vorher will ich dir mitteilen, was im Buch der Wahrheit aufgezeichnet ist. – Ja, es gibt niemand, der mit mir zusammen seine Kräfte gegen jene beiden aufbietet, außer Michael, eurem Fürst."
    },
    "11": {
        "1": "Auch ich habe ihm einmal Hilfe und Schutz gegeben. Das war im ersten Regierungsjahr des Meders Darius.\"",
        "2": "\"Aber jetzt will ich dir die Wahrheit mitteilen: Noch drei Könige werden in Persien auftreten; danach kommt ein vierter, der reicher wird als alle seine Vorgänger. Wenn er durch seinen Reichtum dann zu großer Macht gekommen ist, wird er alles gegen das Reich der Griechen aufbieten.",
        "3": "Dann wird ein großer Held König werden und mit großer Macht herrschen. Er wird durchsetzen, was er will.",
        "4": "Doch auf dem Höhepunkt seiner Macht wird sein Reich zerbrochen und nach den vier Himmelsrichtungen zerteilt werden. Es fällt aber nicht seinen Nachkommen zu, und es ist auch nicht mehr so mächtig wie unter seiner Herrschaft. Denn sein Reich wird zerrissen und wird anderen gehören, die nicht mit ihm verwandt sind.",
        "5": "Und der König vom Süden wird mächtig werden, aber einer seiner Generäle wird noch stärker werden als er und eine eigene Herrschaft begründen, ein großes Reich.",
        "6": "Nach Ablauf einer Reihe von Jahren schließen sie dann ein Bündnis. Die Tochter des Königs vom Süden wird zum König vom Norden reisen, um ein Abkommen zu treffen. Doch sie kann ihren Einfluss nicht behaupten, und auch er wird nicht bestehen. Sie wird genauso sterben müssen wie ihr Vater und ihr Mann, die diese Verbindung gestiftet haben.",
        "7": "Doch ein Sprössling aus der gleichen Wurzel wird an die Stelle ihres Vaters treten. Er wird den König vom Norden angreifen, in seine befestigte Hauptstadt eindringen und ihm seine Macht demonstrieren.",
        "8": "Er wird ihre Götter zusammen mit ihren gegossenen Bildwerken und den kostbaren Gefäßen und dazu Silber und Gold nach Ägypten schaffen. Dann wird er jedoch einige Jahre von ihm ablassen.",
        "9": "Darauf wird der König vom Norden in das Reich des Königs vom Süden einfallen, sich aber wieder in sein Land zurückziehen.",
        "10": "Aber seine Söhne werden den Kampf aufnehmen und große Heeresmassen zusammenbringen. Diese Menge wird wie eine Sturmflut hereinbrechen und alles überfluten, sich aber wieder zurückziehen. Doch dann werden sie wieder rüsten und bis zu seiner Festung vorstoßen.",
        "11": "Da wird der König vom Süden voller Wut gegen den König vom Norden kämpfen und ihn trotz seiner Übermacht besiegen.",
        "12": "Doch wenn er die große Heeresmasse besiegt hat, wird er übermütig werden. Er wird Zehntausende fällen, aber seine Macht nicht lange behaupten.",
        "13": "Denn einige Jahre später stellt der König vom Norden ein noch größeres Heer auf und rückt mit dieser riesigen Menge und großem Tross gegen ihn vor.",
        "14": "In dieser Zeit werden sich noch viele andere gegen den König vom Süden erheben. Sogar aus deinem Volk werden sich gewalttätige Menschen erheben, um die Weissagung zu erfüllen. Aber sie werden scheitern.",
        "15": "Dann wird der König vom Norden kommen und eine befestigte Stadt belagern und einnehmen. Die Streitkräfte des Südens werden nicht standhalten können, nicht einmal ihre Elitetruppen sind stark genug, ihm zu widerstehen.",
        "16": "Er kann machen, was er will, denn niemand leistet noch Widerstand. Auch im Land der Zierde macht er sich breit und verwüstet es.",
        "17": "Dann fasst er den Plan, das ganze Reich des Königs vom Süden in seine Gewalt zu bekommen. Er wird ihm eine seiner Töchter zur Frau geben, um sein Reich zu verderben. Aber er wird sein Ziel nicht erreichen.",
        "18": "Schließlich wendet er sich gegen die Inseln und erobert viele von ihnen. Da wird ihm ein Heerführer entgegentreten und seinem Hohnlachen ein Ende bereiten; er wird es ihm so heimzahlen, dass ihm aller Übermut vergeht.",
        "19": "Jetzt muss er anfangen, die Festungen seines eigenen Landes auszuplündern. Doch dabei wird er stolpern und fallen und nicht mehr zu finden sein.",
        "20": "Sein Nachfolger wird einen Steuereintreiber durch Israel, die Zierde seines Reiches, schicken. Doch wird er schon nach kurzer Zeit getötet, aber nicht im Krieg und auch nicht im Zorn.",
        "21": "An seine Stelle wird ein niederträchtiger Mensch treten, der keinen Anspruch auf das Königtum hat, es aber durch Intrigen an sich reißt.",
        "22": "Ganze Heere werden vor ihm weggeschwemmt und vernichtet werden, ja selbst ein Oberhaupt des Bundes.",
        "23": "Und nachdem er sich mit ihm verbündet hat, hintergeht er ihn. Nur mit einer kleinen Truppe wird er die Macht erringen.",
        "24": "Mitten im Frieden wird er in die reichsten Landstriche einer Provinz eindringen und tun, was keiner seiner Vorgänger je getan hat: Er raubt sie aus und verteilt die Beute verschwenderisch unter seine Gefolgsleute. Seine Pläne richten sich auch gegen befestigte Städte, allerdings nur eine Zeit lang.",
        "25": "Dann bietet er seine ganze Kraft und seinen ganzen Mut auf und zieht mit einem großen Heer gegen den König vom Süden, der ebenfalls ein großes und überaus starkes Heer gegen ihn aufstellen wird. Doch der wird nicht vor ihm standhalten, weil man Intrigen gegen ihn spinnt.",
        "26": "Seine engsten Vertrauten werden ihn stürzen, sein Heer zerstreut sich und viele werden erschlagen.",
        "27": "Die beiden Könige sitzen aber erst einmal am selben Tisch zusammen und versuchen sich gegenseitig hinters Licht zu führen. Doch ihre Pläne gelingen nicht, weil die Zeit für das Ende noch nicht gekommen ist.",
        "28": "Der König vom Norden wird mit großer Beute in sein Land zurückkehren. Doch sein Sinn ist gegen den heiligen Bund gerichtet. Er handelt auch entsprechend und kehrt schließlich in sein Land zurück.",
        "29": "Zu einer von Gott bestimmten Zeit wird er wieder in den Süden ziehen. Doch diesmal wird es nicht so enden wie beim ersten Mal.",
        "30": "Es werden nämlich Schiffe aus dem Westen kommen und ihn bedrohen. Da wird er den Mut verlieren und umkehren. Seinen Zorn aber wird er an dem heiligen Bund auslassen und sich mit denen verbünden, die diesem Bund den Rücken kehren.",
        "31": "Dann stellt er Streitkräfte auf, die das befestigte Heiligtum entweihen. Sie werden das regelmäßige Opfer abschaffen und das entsetzliche Scheusal dort aufstellen.",
        "32": "Der König wird die, die sich gegen den Bund vergangen haben, durch glatte Worte zu Gottlosen machen. Aber das Volk, das seinen Gott kennt, wird standhaft bleiben und entsprechend handeln.",
        "33": "Und die Verständigen im Volk bringen viele zur Einsicht. Dafür werden sie eine Zeit lang mit Feuer und Schwert verfolgt, kommen ins Gefängnis und verlieren ihren Besitz.",
        "34": "Doch während dieser Zeit erfahren sie auch ein wenig Hilfe. Allerdings schließen sich ihnen viele nur zum Schein an.",
        "35": "Und auch von ihnen selbst werden einige zugrunde gehen. So sollen die Verständigen bis zur Zeit des Endes geprüft, geläutert und gereinigt werden, denn es dauert noch eine Weile bis zu dieser bestimmten Zeit.",
        "36": "Der König aber wird machen, was er will. Er wird übermütig werden und sich einbilden, er sei mächtiger als alle Götter. Selbst gegen Gott, der über allen Göttern steht, wird er Ungeheuerliches reden. Und er wird Erfolg haben, so lange Gott es im Zorn über sein Volk zulässt, denn alles geschieht genau nach seinem fest beschlossenen Plan.",
        "37": "Selbst die Götter seiner Väter und den Lieblingsgott der Frauen wird er missachten wie jeden anderen Gott. Denn er bildet sich ein, über allen zu stehen.",
        "38": "Stattdessen verehrt er den Gott der Festungen, den seine Vorfahren nicht kannten. Ihn wird er mit Gold und Silber, mit Edelsteinen und Kostbarkeiten ehren.",
        "39": "Mit seiner Hilfe wird er starke Festungen zu Fall bringen. Wer seinen Gott anerkennt, den überhäuft er mit Ehren, lässt ihn über viele Menschen herrschen und gibt ihm ganze Ländereien als Lohn.\"",
        "40": "\"Zur Zeit des Endes wird der König vom Süden mit ihm zusammenstoßen, aber der König vom Norden wird mit Streitwagen, Reitern und vielen Schiffen gegen ihn anstürmen. Wie eine verheerende Flut wird er die Länder überschwemmen.",
        "41": "Er wird auch in das herrliche Land ‹Israel› eindringen, und viele werden dort umkommen. Nur die Edomiter, die Moabiter und ein Großteil der Ammoniter werden verschont.",
        "42": "Er wird seine Hand nach weiteren Ländern ausstrecken, und Ägypten kann sich nicht vor seinem Zugriff retten.",
        "43": "Er wird sich aller seiner goldenen und silbernen Schätze und seiner sonstigen Kostbarkeiten bemächtigen. Libyer und Nubier werden dabei in seinem Gefolge sein.",
        "44": "Dann aber werden ihn Gerüchte aus dem Osten und Norden erschrecken. Wutentbrannt wird er losziehen, um so viel wie möglich von seinen Feinden und ihren Gütern zu vernichten.",
        "45": "Und gerade wenn er seine Prunkzelte zwischen dem Meer und dem Berg Zion aufgeschlagen hat, wird das Ende für ihn kommen, und niemand kann ihm helfen."
    },
    "12": {
        "1": "In dieser Zeit wird der große Engelfürst Michael auftreten, der dein Volk beschützt. Denn es wird eine Zeit der Bedrängnis sein, wie es sie seit Menschengedenken noch nie gegeben hat. Doch dein Volk wird gerettet werden, und zwar jeder, den man im Buch ‹Gottes› aufgeschrieben findet.",
        "2": "Und viele von denen, die in der Erde ruhen, werden erwachen: die einen zum ewigen Leben und die anderen zur Schande, zur ewigen Abscheu.",
        "3": "Doch die Verständigen werden leuchten wie der strahlende Himmel; und die, die vielen anderen zur Gerechtigkeit verholfen haben, werden glänzen wie die Sterne, immer und ewig.",
        "4": "Aber du, Daniel, bewahre die Worte zuverlässig auf und versiegle das Buch bis zur Zeit des Endes. Viele werden darin forschen und das Verständnis wird zunehmen.\"",
        "5": "Als ich, Daniel, mich nun umschaute, sah ich zwei andere Engel dastehen, einer auf dieser und der andere auf jener Seite des Stromes.",
        "6": "Einer von ihnen fragte den in Leinen gekleideten Mann, der über dem Wasser des Stromes stand: \"Wie lange dauert es noch, bis diese erstaunlichen Vorgänge ein Ende haben?\"",
        "7": "Der Mann über dem Wasser erhob beide Hände zum Himmel und schwor bei Gott, der ewig lebt: \"Es dauert eine Zeit, zwei Zeiten und eine halbe Zeit. Und wenn die Kraft des heiligen Volkes zerschlagen ist, wird sich das alles vollenden.\"",
        "8": "Ich hörte es, verstand es aber nicht. Deshalb fragte ich: \"Mein Herr, wie wird das alles ausgehen?\"",
        "9": "Doch er sagte: \"Geh jetzt, Daniel! Denn die Worte sollen bis zum Ende aufbewahrt und versiegelt bleiben.",
        "10": "Viele Menschen werden geprüft, gereinigt und geläutert werden. Die Gottlosen werden weiter gottlos handeln, aber von ihnen wird es niemand verstehen. Doch die Verständigen werden es begreifen.",
        "11": "Wenn das tägliche Opfer abgeschafft und das entsetzliche Scheusal aufgestellt wird – von dem Zeitpunkt an sind es tausendzweihundertneunzig Tage.",
        "12": "Glücklich, wer es aushält und tausenddreihundertfünfunddreißig Tage erreicht!",
        "13": "Aber du, geh deinen Weg bis zum Ende! Du wirst dich zur Ruhe legen und am Ende der Zeit auferstehen, um dein Erbe in Empfang zu nehmen.\""
    }
}