{
    "1": {
        "1": "Es schreibt Paulus, Apostel von Christus Jesus durch den Willen Gottes wie es der Zusage des Lebens in Christus Jesus entspricht.",
        "2": "An Timotheus, seinen lieben Sohn. Ich wünsche dir Gnade, Barmherzigkeit und Frieden von Gott, dem Vater, und von Christus Jesus, unserem Herrn.",
        "3": "In meinen Gebeten denke ich immer wieder an dich. Tag und Nacht danke ich Gott, dem ich wie meine Vorfahren mit reinem Gewissen diene.",
        "4": "Und wenn ich an deine Abschiedstränen denke, sehne ich mich nach der Freude des Wiedersehens.",
        "5": "Ich habe deinen aufrichtigen Glauben vor Augen, den Glauben, der zuerst deine Großmutter Loïs und deine Mutter Eunike erfüllte und der nun auch – da bin ich ganz sicher – dein Leben bestimmt.",
        "6": "Darum erinnere ich dich an die Gabe Gottes, die du empfangen hast, als ich dir die Hände auflegte: Entfache sie neu in dir!",
        "7": "Denn Gott hat uns nicht einen Geist der Feigheit gegeben, sondern den Geist der Kraft, der Liebe und der Besonnenheit.",
        "8": "Darum schäme dich nicht, unseren Herrn zu bekennen und auch zu mir zu stehen, seinem Gefangenen. Sei bereit, mit für das Evangelium zu leiden. Gott gibt dir die Kraft dazu.",
        "9": "Es ist ja der, der uns gerettet hat. Er rief uns zu sich mit einem heiligen Ruf. Dabei sah er nicht auf unsere Werke, sondern folgte seinem eigenen Entschluss und seiner Gnade. Und die hatte er uns in Christus Jesus schon vor ewigen Zeiten geschenkt.",
        "10": "Das ist jetzt mit dem Kommen unseres Retters Christus Jesus offenbar geworden. Er hat den Tod entmachtet und stattdessen unvergängliches Leben aufleuchten lassen durch das Evangelium.",
        "11": "Für diese großartige Botschaft bin ich als Verkündiger, Apostel und Lehrer eingesetzt.",
        "12": "Deshalb muss ich auch dies alles hier erdulden. Aber dafür schäme ich mich nicht, denn ich weiß ja, wem ich geglaubt habe. Und ich bin überzeugt, dass er mächtig ‹genug› ist, das mir anvertraute Gut bis zu jenem Tag ‹an dem er wiederkommt› sicher zu verwahren.",
        "13": "Nimm die gesunden Worte, die du von mir gehört hast, als Muster ‹für deine eigene Verkündigung›, zusammen mit dem Glauben und der Liebe, die in Christus Jesus zu finden sind.",
        "14": "Diese kostbare Gabe ist dir anvertraut. Bewahre sie durch den Heiligen Geist, der in uns wohnt.",
        "15": "Du weißt ja: In der Asia haben mich alle im Stich gelassen, auch Phygelus und Hermogenes.",
        "16": "Nur Onesiphorus stand mir bei. Möge der Herr seiner Familie Barmherzigkeit schenken. Er hat mich oft ermutigt und sich meiner Ketten nicht geschämt.",
        "17": "Im Gegenteil: Als er in Rom war, suchte er so lange nach mir, bis er mich fand.",
        "18": "Der Herr möge ihm sein Erbarmen an jenem Tag schenken, ‹an dem er vor ihm stehen wird›. Und was er in Ephesus für die Gemeinde getan hat, weißt du besser als ich."
    },
    "2": {
        "1": "Und du, mein Kind, lass dich stärken in der Gnade, die uns in Christus Jesus geschenkt ist!",
        "2": "Und die Wahrheit, die du vor vielen Zeugen von mir gehört hast, sollst du treuen und zuverlässigen Menschen anvertrauen, die dann fähig sein werden, wieder andere zu lehren.",
        "3": "Ertrage wie ein guter Soldat ‹im Dienst von› Christus Jesus, was wir zu erleiden haben.",
        "4": "Kein Soldat, der in den Krieg zieht, lässt sich in Alltagsgeschäfte verwickeln, denn er will dem gefallen, der ihn angeworben hat.",
        "5": "Auch wenn jemand an einem sportlichen Wettkampf teilnimmt, kann er nur dann den Siegeskranz gewinnen, wenn er sich an die Regeln gehalten hat.",
        "6": "Ein Bauer, der sich auf dem Feld abmüht, hat immer das erste Anrecht an den Früchten seiner Arbeit.",
        "7": "Denk über meine Worte nach! Denn der Herr wird dir in all diesen Dingen das nötige Verständnis geben.",
        "8": "Richte deine Gedanken immer wieder auf Jesus Christus aus, der von den Toten auferweckt ist und ein Nachkomme Davids war. Er ist der Inhalt der Gottesbotschaft, die mir anvertraut wurde.",
        "9": "Ihretwegen habe ich Böses erfahren und bin jetzt wie ein Verbrecher gefesselt. Doch das Wort Gottes ist nicht gebunden.",
        "10": "Deshalb ertrage ich das alles für die Menschen, die Gott erwählt hat, damit auch sie durch Christus Jesus gerettet werden und an der ewigen Herrlichkeit teilhaben.",
        "11": "Es ist ein wahres Wort: Wenn wir mit ‹Christus› gestorben sind, werden wir auch mit ihm leben.",
        "12": "Wenn wir standhaft bleiben, werden wir auch mit ihm herrschen. Wenn wir ihn aber verleugnen, wird er auch uns verleugnen,",
        "13": "und wenn wir untreu sind, bleibt er dennoch treu, denn er kann sich selbst nicht verleugnen.",
        "14": "Daran musst du sie immer wieder erinnern. Beschwöre sie vor Gott, sich nicht auf Diskussionen einzulassen, bei denen nur um Worte gezankt wird. Das führt zu nichts und schadet den Zuhörenden.",
        "15": "Setze alles daran, dich Gott als bewährter Mitarbeiter zur Verfügung zu stellen, der sich für sein Tun nicht schämen muss und das Wort der Wahrheit klar und unverkürzt vertritt.",
        "16": "Lass dich nicht auf das leere Geschwätz gewisser Leute ein, die alles Heilige in den Schmutz ziehen. Solche Menschen werden immer tiefer in der Gottlosigkeit versinken,",
        "17": "und ihre Lehre wird wie ein Krebsgeschwür um sich fressen. Hymenäus und Philetus gehören auch zu ihnen.",
        "18": "Sie haben sich so weit von der Wahrheit entfernt, dass sie behaupten, die Auferstehung sei schon geschehen. Und damit zerstören sie bei manchen den Glauben.",
        "19": "Aber Gott hat ein festes Fundament gelegt und mit dieser Inschrift versiegelt: \"Der Herr kennt jeden, der zu ihm gehört\" und: \"Wer den Namen des Herrn nennt, meide das Unrecht.\"",
        "20": "In einem großen Haushalt gibt es nicht nur Gefäße aus Gold und Silber, sondern auch aus Holz und Ton. Die einen sind sehr wertvoll und die anderen fast wertlos.",
        "21": "Wer sich von letzteren entfernt und reinigt, wird ein Gefäß zur Ehre für den Hausherrn sein, heilig, nützlich und zu jedem guten Werk bereit.",
        "22": "Hüte dich sehr vor den Leidenschaften der Jugend! Bemühen aber musst du dich um Gerechtigkeit, Glauben, Liebe und Frieden. Tu das zusammen mit allen, die den Herrn aus reinem Herzen anrufen.",
        "23": "Lass dich aber nicht auf unsinnige und dumme Diskussionen ein! Du weißt ja, dass das nur Streitigkeiten erzeugt.",
        "24": "Ein Diener des Herrn soll aber nicht streiten, sondern allen freundlich begegnen. Er sollte lehrfähig sein und sich nicht provozieren lassen,",
        "25": "Widerspenstige aber mit Güte und Geduld zurechtweisen. Vielleicht gibt Gott ihnen ja die Möglichkeit zur Änderung ihrer Einstellung. Dann erkennen sie die Wahrheit,",
        "26": "kommen wieder zur Besinnung und können sich aus der Schlinge befreien, in der sie der Teufel für seine Absichten gefangen hält."
    },
    "3": {
        "1": "Du musst wissen, dass die Zeit vor dem Ende schlimme Phasen haben wird.",
        "2": "Die Menschen werden selbstsüchtig sein, geldgierig, großtuerisch und eingebildet. Sie werden Gott und Menschen lästern, ihren Eltern nicht gehorchen und vor nichts mehr Ehrfurcht haben. Sie sind undankbar,",
        "3": "lieblos und unversöhnlich. Sie werden andere verleumden und sich hemmungslos ausleben. Sie sind gewalttätig und hassen das Gute.",
        "4": "Zu jedem Verrat bereit, werden sie leichtsinnig und vom Hochmut verblendet sein. Ihr Vergnügen lieben sie mehr als Gott.",
        "5": "Sie geben sich zwar einen frommen Anschein, aber von der Kraft wahrer Gottesfurcht wollen sie nichts wissen. Halte dich von solchen Menschen fern!",
        "6": "Zu ihnen gehören nämlich auch die, die sich in die Häuser einschleichen und gewisse Frauen für sich gewinnen. Das sind Frauen, in deren Leben sich schon viel Sünde angesammelt hat und die von allen möglichen Begierden getrieben werden.",
        "7": "Sie wollen immerzu etwas Neues hören und sind doch unfähig, jemals zur Erkenntnis der Wahrheit zu kommen.",
        "8": "So wie Jannes und Jambres sich einst gegen Mose stellten, so widersetzen sich ‹diese Verführer› der Wahrheit. Es sind durch und durch verdorbene Menschen, deren Glaube keiner Prüfung standhält.",
        "9": "Doch sie werden nicht weit damit kommen, denn ihr Unverstand wird sich allen zeigen, wie es auch bei jenen Ägyptern der Fall war.",
        "10": "Doch du bist meiner Lehre treu gefolgt. Du hast dir mein Verhalten und mein Lebensziel zu eigen gemacht und dir meinen Glauben, meine Geduld und meine Liebe zum Vorbild genommen. Du kennst meine Standhaftigkeit",
        "11": "in den Verfolgungen und Leiden, wie sie mir in Antiochia, Ikonion und Lystra widerfahren sind. Welche Verfolgungen ertrug ich da! Und aus allen hat der Herr mich gerettet.",
        "12": "Doch alle, die zu Christus Jesus gehören und so leben wollen, wie es ihm gefällt, wird man verfolgen.",
        "13": "Böse und betrügerische Menschen dagegen werden es immer schlimmer treiben, andere in die Irre führen und selbst irregeführt werden.",
        "14": "Du aber bleibe bei dem, was du gelernt hast und was dir zur völligen Gewissheit wurde! Du weißt ja, von wem du gelernt hast,",
        "15": "und bist von Kindesbeinen an mit den heiligen Schriften vertraut, die geeignet sind, dir die Weisheit zu vermitteln, die zur Rettung führt – zur Rettung durch den Glauben an Christus Jesus.",
        "16": "Die ganze Schrift ist von Gottes Geist gegeben und von ihm erfüllt. Ihr Nutzen ist entsprechend: Sie lehrt uns die Wahrheit zu erkennen, überführt uns von Sünde, bringt uns auf den richtigen Weg und erzieht uns zu einem Leben, wie es Gott gefällt.",
        "17": "Mit der Schrift ist der Mensch, der Gott gehört und ihm dient, allen seinen Aufgaben gewachsen und ausgerüstet zu jedem guten Werk."
    },
    "4": {
        "1": "Ich beschwöre dich vor Gott und vor Christus Jesus, der über die Lebenden und die Toten Gericht halten wird; ich flehe dich an vor ihm, der sichtbar wiederkommen und seine Herrschaft antreten wird:",
        "2": "Verkündige das Wort ‹Gottes›! Tritt dafür ein, ob es den Leuten passt oder nicht. Rede ihnen ins Gewissen, warne und ermahne sie! Verliere dabei aber nicht die Geduld und unterweise sie gründlich!",
        "3": "Denn es wird eine Zeit kommen, da werden sie die gesunde Lehre unerträglich finden und sich Lehrer nach ihrem Geschmack aussuchen, die ihnen nur das sagen, was sie gern hören wollen.",
        "4": "Vor der Wahrheit werden sie dann ihre Ohren verschließen und sich stattdessen mit Legenden und Spekulationen abgeben.",
        "5": "Doch du musst in jeder Hinsicht nüchtern bleiben! Sei bereit, Druck zu ertragen, und erfülle deinen Auftrag als Verkündiger des Evangeliums. Tu alles, was zu deinem Dienst gehört!",
        "6": "Für mich ist die Zeit des Abschieds gekommen. Denn mein Leben wird bereits wie ein Trankopfer ausgegossen.",
        "7": "Ich habe den guten Kampf gekämpft, das Ziel erreicht und den Glauben unversehrt bewahrt.",
        "8": "Jetzt liegt der Ehrenkranz für mich bereit, die Gerechtigkeit, die der Herr als gerechter Richter mir an jenem großen Tag zuerkennen wird – aber nicht nur mir, sondern auch allen anderen, die sich auf sein sichtbares Wiederkommen freuen.",
        "9": "Beeile dich und komm so bald wie möglich zu mir!",
        "10": "Denn Demas hat mich verlassen und ist nach Thessalonich gegangen. Ihm war diese Welt lieber. Kreszens ging nach Galatien und Titus nach Dalmatien.",
        "11": "Nur Lukas ist noch bei mir. Wenn du kommst, bring Markus mit, denn ich könnte ihn hier gut gebrauchen.",
        "12": "Tychikus habe ich nach Ephesus geschickt.",
        "13": "Wenn du kommst, bring bitte den Mantel mit, den ich bei Karpus in Troas liegen gelassen habe, auch die Schriftrollen, vor allem aber die Notizhefte.",
        "14": "Alexander, der Schmied, hat mir viel Böses angetan. Der Herr wird ihm seine Untaten vergelten.",
        "15": "Nimm dich sehr in acht vor ihm, denn er hat sich unserer Verkündigung heftig widersetzt.",
        "16": "Als ich das erste Mal vor Gericht stand und mich verteidigen musste, stand mir niemand bei. Sie haben mich alle im Stich gelassen. Möge es ihnen nicht angerechnet werden.",
        "17": "Aber der Herr stand mir zur Seite und gab mir Kraft, sodass ich die Verkündigung seiner Botschaft ‹auch bei dieser Gelegenheit› zu Ende führen konnte. Und so hat er mich noch einmal aus dem Rachen des Löwen gerettet.",
        "18": "Er wird mich auch weiterhin vor allen bösen Anschlägen retten und mich sicher in sein himmlisches Reich bringen. Ihm gebührt die Ehre für immer und ewig. Amen.",
        "19": "Grüße Priska und Aquila und die Familie des Onesiphorus.",
        "20": "Erastus ist in Korinth geblieben, und Trophimus musste ich krank in Milet zurücklassen.",
        "21": "Beeile dich, dass du noch vor dem Winter hier bist. Eubulus, Pudens, Linus, Klaudia und alle anderen Geschwister lassen dich grüßen.",
        "22": "Der Herr sei mit dir! Die Gnade sei mit euch!"
    }
}