{
    "1": {
        "1": "Es schreibt Jakobus, ein Sklave Gottes und des Herrn Jesus Christus. An das Volk Gottes, das in der Fremde lebt. Seid gegrüßt!",
        "2": "Haltet es für reine Freude, Brüder, wenn ihr in verschiedener Weise auf die Probe gestellt werdet.",
        "3": "Ihr wisst ja, dass ihr durch solche Bewährungsproben für euren Glauben Standhaftigkeit erlangt.",
        "4": "Die Standhaftigkeit wiederum bringt das Werk zum Ziel: Ihr sollt zu einer Reife kommen, der es an nichts mehr fehlt und die kein Makel entstellt.",
        "5": "Wenn jemand von euch nicht weiß, wie er das tun soll, dann darf er Gott um diese Weisheit bitten. Er wird sie ihm ohne weiteres geben und ihm deshalb keine Vorwürfe machen, denn er gibt allen gern.",
        "6": "Doch wenn er diese Bitte vorbringt, soll er das mit Gottvertrauen tun und sich keinen Zweifeln hingeben. Ein Zweifler ist nämlich wie eine vom Wind gepeitschte hin- und herwogende Meereswelle.",
        "7": "Ein solcher Mensch kann nicht erwarten, etwas vom Herrn zu empfangen.",
        "8": "Er ist in sich gespalten und unbeständig in allem, was er unternimmt.",
        "9": "Wenn ein Bruder niedrig gestellt ist, rühme er sich des Ansehens, das er bei Gott genießt.",
        "10": "Wenn er reich ist, rühme er sich seiner Armseligkeit vor Gott, denn er wird wie eine Wiesenblume vergehen.",
        "11": "Wenn nämlich die Sonne aufgeht und mit ihr die Hitze kommt, lässt sie das Gras verdorren. Die Blüte verwelkt und es ist vorbei mit ihrer ganzen Schönheit. So wird auch der Reiche samt seinen Unternehmungen verschwinden.",
        "12": "Wie glücklich ist der, der die Erprobung standhaft erträgt! Denn nachdem er sich so bewährt hat, wird er den Ehrenkranz des Lebens erhalten, den Gott denen versprochen hat, die ihn lieben.",
        "13": "Wenn jemand in Versuchung gerät, soll er nicht sagen: \"Gott hat mich in Versuchung geführt.\" Denn Gott kann nicht vom Bösen verführt werden und verführt auch selbst niemand dazu.",
        "14": "Nein, jeder wird von seiner eigenen Begierde in die Falle gelockt.",
        "15": "Wenn die Lust auf diese Weise schwanger geworden ist, bringt sie Sünde zur Welt, und die Sünde, wenn sie voll ausgewachsen ist, den Tod.",
        "16": "Täuscht euch nicht, meine lieben Brüder!",
        "17": "Vom Vater der Himmelslichter kommen nur gute und vollkommene Gaben. Bei ihm gibt es keine Veränderung, auch nicht den Hauch eines Wechsels.",
        "18": "Aus freiem Liebeswillen hat er uns durch das Wort der Wahrheit neues Leben geschenkt, damit wir gewissermaßen die ersten Geschöpfe seiner neuen Schöpfung wären.",
        "19": "Denkt daran, meine lieben Brüder: \"Jeder Mensch sei schnell zum Hören bereit – zum Reden und zum Zorn, da lasse er sich Zeit.\"",
        "20": "Denn im Zorn tut keiner, was vor Gott recht ist.",
        "21": "Legt deshalb jede Gemeinheit und alle Bosheit von euch ab, und nehmt das Wort, das in euch hineingepflanzt wurde, bereitwillig auf. Denn das hat die Macht, euch zu retten.",
        "22": "Es genügt aber nicht, das Wort nur zu hören, denn so betrügt man sich selbst. Man muss danach handeln.",
        "23": "Jeder, der das Wort nur hört und nicht in die Tat umsetzt, ist wie ein Mann, der sein Gesicht in einem Spiegel betrachtet.",
        "24": "Er schaut sich an, läuft davon und hat schon vergessen, wie er aussah.",
        "25": "Doch wer sich in das vollkommene Gesetz vertieft, in das Gesetz der Freiheit, wer es immer vor Augen hat und nicht vergisst, was er wahrnimmt, sondern danach handelt, der wird dabei glücklich und gesegnet sein.",
        "26": "Wenn jemand sich einbildet, Gott zu dienen, aber seine Zunge nicht im Zaum hält, der macht sich selbst etwas vor. Sein Dienst für Gott hat keinen Wert.",
        "27": "Wer Gott, dem Vater, wirklich gefallen will, der helfe Waisen und Witwen in ihrer Not und beschmutze sich nicht am Treiben der Welt."
    },
    "2": {
        "1": "Meine Brüder, haltet den Glauben an Jesus Christus, unseren herrlichen Herrn, frei von jeder Parteilichkeit.",
        "2": "Nehmen wir an, es kommt ein Mann in eure Versammlung, der goldene Ringe an den Fingern hat und teure Sachen trägt, und dann kommt ein Armer in schmutziger Kleidung herein.",
        "3": "Und ihr wendet euch dem gut gekleideten Mann zu und sagt: \"Hier ist ein schöner Platz für dich!\" Zu dem Armen aber sagt ihr: \"Du kannst dort stehen bleiben!\" oder: \"Setz dich hier an meine Fußbank!\"",
        "4": "Seid ihr da nicht in Widerspruch mit euch selbst geraten und zu Richtern mit bösen Hintergedanken geworden?",
        "5": "Hört zu, meine lieben Brüder! Hat Gott nicht gerade die, die in den Augen der Welt arm sind, ausgewählt, reich im Glauben und Erben jenes Reiches zu sein, das er denen versprochen hat, die ihn lieben?",
        "6": "Aber ihr habt den Armen zurückgesetzt! Sind es nicht gerade die Reichen, die euch tyrannisieren? Ziehen nicht sie euch vor die Gerichte?",
        "7": "Sind nicht sie es, die den guten Namen dessen, dem ihr gehört, in Verruf bringen?",
        "8": "Wenn ihr wirklich das königliche Gesetz in der Schrift erfüllt: \"Liebe deinen Nächsten wie dich selbst!\", dann tut ihr recht.",
        "9": "Wenn ihr aber bestimmte Menschen bevorzugt, dann begeht ihr eine Sünde und werdet vom Gesetz als Übertreter überführt.",
        "10": "Denn wer das ganze Gesetz hält, und nur gegen ein einziges Gebot verstößt, der ist an allen schuldig geworden.",
        "11": "Denn der, der gesagt hat: \"Du sollst die Ehe nicht brechen!\", hat auch gesagt: \"Du sollst nicht morden!\" Wenn du nun keinen Ehebruch begehst, aber jemand umbringst, dann hast du das Gesetz übertreten.",
        "12": "Redet und handelt als Menschen, die im Begriff stehen, durch das Gesetz der Freiheit gerichtet zu werden.",
        "13": "Denn das Gericht wird erbarmungslos mit dem verfahren, der kein Erbarmen gezeigt hat. Barmherzigkeit aber ist dem Gericht überlegen.",
        "14": "Was nützt es denn, meine Brüder, wenn jemand behauptet, Glauben zu haben, aber keine Werke aufzuweisen hat? Kann solcher Glaube ihn etwa retten?",
        "15": "Stellt euch vor, jemand von euren Brüdern oder Schwestern hat nicht genug anzuziehen und zu essen.",
        "16": "Und dann sagt einer von euch zu ihnen: \"Lasst es euch gut gehen! Hoffentlich könnt ihr euch warm anziehen und habt genug zu essen!\", aber er gibt ihnen nicht, was sie zum Leben brauchen. Was nützt ihnen das?",
        "17": "Genauso ist es mit einem Glauben, der keine Werke aufweist. Für sich allein ist er tot.",
        "18": "Aber es könnte jemand sagen: \"Der eine hat eben Glauben und der andere hat Werke.\" Zeig mir doch einmal deinen Glauben, wenn du keine Werke vorweisen kannst. Und ich werde dir meinen Glauben aus meinen Werken beweisen.",
        "19": "Du glaubst, dass es nur einen Gott gibt. Gut! Aber die Dämonen glauben das auch – und zittern vor Angst.",
        "20": "Du gedankenloser Mensch! Willst du nicht begreifen, dass der Glaube ohne Werke unbrauchbar ist?",
        "21": "Wurde unser Stammvater Abraham nicht wegen seines Handelns als gerecht betrachtet – eben weil er Isaak, seinen Sohn, auf den Opferaltar legte?",
        "22": "Du siehst also: Der Glaube wirkte mit seinem Tun zusammen. Erst durch das Tun wurde der Glaube vollendet.",
        "23": "Erst so erfüllte sich das Wort der heiligen Schrift: \"Abraham glaubte Gott, und das wurde ihm als Gerechtigkeit angerechnet.\" Er wurde sogar \"Freund Gottes\" genannt.",
        "24": "Ihr seht also, dass ein Mensch durch seine Taten gerecht gesprochen wird und nicht aus Glauben allein.",
        "25": "Wurde nicht sogar die Hure Rahab aufgrund ihrer Taten gerecht gesprochen? Denn sie nahm die Boten auf und ließ sie auf einem anderen Weg entkommen.",
        "26": "Genauso wie der Körper ohne Geist tot ist, so ist auch der Glaube ohne Werke tot."
    },
    "3": {
        "1": "Drängt euch nicht danach, Lehrer zu sein, meine Brüder. Ihr wisst ja, dass wir ‹als Lehrer› ein strengeres Gericht zu erwarten haben,",
        "2": "denn wir alle machen oft Fehler. Wer beim Reden keine Fehler macht, der ist ein vollkommener Mann und kann auch seinen Körper im Zaum halten.",
        "3": "Wenn wir den Pferden Zaumzeug ins Maul legen, um sie uns gefügig zu machen, lenken wir damit das ganze Tier.",
        "4": "Seht euch die großen Schiffe an, die von starken Winden getrieben werden. Von einem sehr kleinen Ruder werden sie dorthin gesteuert, wohin der Steuermann es will.",
        "5": "So ist auch die Zunge nur ein kleines Glied und kann sich doch großer Wirkungen rühmen. Und ein kleines Feuer steckt einen großen Wald in Brand.",
        "6": "Auch die Zunge ist so ein Feuer, das von der Hölle angezündet wird, eine Welt voll Unrecht unter unseren Gliedern. Sie beschmutzt den ganzen Menschen und macht ihm das Leben zur Hölle.",
        "7": "Der Mensch hat es gelernt, jede Art von wilden Tieren, Vögeln, Schlangen und Seetieren zu bändigen.",
        "8": "Aber die Zunge, dieses rastlose Übel voll tödlichen Giftes, kann kein Mensch bändigen.",
        "9": "Mit ihr preisen wir unseren Herrn und Vater, und mit ihr verfluchen wir andere Menschen, die doch nach Gottes Bild geschaffen sind.",
        "10": "Aus demselben Mund kommen Segen und Fluch heraus. Aber so, meine Brüder, sollte es gerade nicht sein.",
        "11": "Eine Quelle lässt doch nicht aus derselben Öffnung süßes und bitteres Wasser hervorsprudeln.",
        "12": "Ein Feigenbaum trägt doch keine Oliven, meine Brüder, und ein Weinstock keine Feigen. Und eine Salzquelle kann niemals Süßwasser geben.",
        "13": "Wer von euch ist denn weise und verständig? Er soll das durch seinen Lebenswandel zeigen, und zwar in der Bescheidenheit, die aus der Weisheit kommt.",
        "14": "Wenn ihr aber bittere Eifersucht und Streitsucht in euch habt, dann rühmt euch nicht und verdreht nicht die Wahrheit!",
        "15": "Solch eine Weisheit kommt nicht von Gott. Sie ist irdisch, sinnlich und teuflisch.",
        "16": "Wo nämlich Eifersucht und Egoismus herrschen, gibt es Unfrieden und jede Art von Gemeinheit.",
        "17": "Dagegen ist die Weisheit von oben erst einmal rein, dann friedfertig, gütig und nachgiebig. Sie ist voller Erbarmen und guter Früchte, unparteiisch und ohne Heuchelei.",
        "18": "Die Frucht, die aus der Gerechtigkeit wächst, wird in Frieden ausgesät und kommt denen zugute, von denen Frieden ausgeht."
    },
    "4": {
        "1": "Woher kommen denn die Kriege und Streitereien unter euch? Sind es nicht eure eigenen Begierden, die sich regelrechte Schlachten in euren Gliedern liefern?",
        "2": "Ihr seid gierig und bekommt doch nichts. Ihr mordet und neidet und könnt auch so eure Wünsche nicht erfüllen. Ihr streitet und bekriegt euch – und habt nichts, weil ihr nicht darum bittet.",
        "3": "Und selbst wenn ihr betet, bekommt ihr nichts, weil ihr in böser Absicht bittet und nur eure Gier befriedigen wollt.",
        "4": "Wisst ihr Treulosen denn nicht, dass Freundschaft mit der Welt Feindschaft gegen Gott ist? Wer also ein Freund der Welt sein will, macht sich damit zu Gottes Feind.",
        "5": "Meint ihr denn, die Schrift redet umsonst? Gott wacht eifersüchtig über den Geist, den er in uns wohnen lässt.",
        "6": "Aber Gnade gibt er umso mehr. Deshalb sagt er: \"Den Hochmütigen widersteht Gott, aber den Demütigen gibt er Gnade.\"",
        "7": "So unterwerft euch nun Gott, widersteht aber dem Teufel! Der wird dann von euch fliehen.",
        "8": "Nähert euch Gott, dann wird er auch euch nahe sein. Wascht die Hände, ihr Sünder, reinigt euer Herz, ihr Zwiespältigen!",
        "9": "Fühlt euer Elend, trauert und weint! Euer Lachen sollte sich in Trauer verwandeln und eure Freude in Kummer.",
        "10": "Demütigt euch vor dem Herrn, dann wird er euch erhöhen.",
        "11": "Redet nicht schlecht übereinander, Geschwister. Wer seinen Bruder verleumdet, seine Schwester verurteilt, der verleumdet und verurteilt das Gesetz. Wenn du freilich über das Gesetz urteilst, machst du dich zu seinem Richter, anstatt es zu befolgen.",
        "12": "Es gibt aber nur einen Gesetzgeber und Richter. Nur er kann freisprechen oder verurteilen. Wer bist du eigentlich, der sich da zum Richter über seinen Nächsten aufspielt?",
        "13": "Nun zu euch, die ihr sagt: \"Heute oder morgen wollen wir in die und die Stadt ziehen. Wir werden ein Jahr dort bleiben, Geschäfte machen und Geld verdienen.\"",
        "14": "Ihr wisst doch nicht einmal, was morgen sein wird. Was ist denn euer Leben? Es ist nur ein Dampf, der kurze Zeit sichtbar ist und dann verschwindet.",
        "15": "Ihr solltet vielmehr sagen: \"Wenn der Herr es will, werden wir leben und dieses oder jenes tun.\"",
        "16": "Aber so gebt ihr großtuerisch mit euren Plänen an. Doch solche Angebereien sind ausnahmslos böse.",
        "17": "Wer also weiß, was richtig ist, und tut es nicht, für den ist es Sünde."
    },
    "5": {
        "1": "Nun zu euch, ihr Reichen. Weint und klagt über das Elend, das über euch kommt!",
        "2": "Euer Reichtum wird dann verfault und eure Kleidung ein Fraß für die Motten geworden sein.",
        "3": "Euer Gold und Silber wird verrostet sein, und dieser Rost wird euch anklagen und euer Fleisch wie Feuer fressen. Selbst in diesen Tagen des Endes habt ihr Reichtümer gehortet.",
        "4": "Hört doch, wie der Lohn, um den ihr die Erntearbeiter betrogen habt, zum Himmel schreit! Das Geschrei der Arbeiter ist vor den Herrn, den Allmächtigen, gekommen.",
        "5": "Ihr habt allen Luxus auf der Erde genossen und euch noch am Tag eurer Schlachtung gemästet.",
        "6": "Ihr habt den Unschuldigen verurteilt und zu Tode gebracht. Er hat sich nicht gewehrt.",
        "7": "Haltet also geduldig aus, Geschwister. Wartet auf das Wiederkommen des Herrn. Seht, wie der Bauer auf die köstliche Frucht der Erde wartet und sich ihretwegen geduldet, bis sie den Herbst- und Frühjahrsregen bekommt!",
        "8": "So habt auch ihr Geduld und fasst Mut, denn das Kommen des Herrn steht bevor.",
        "9": "Ärgert euch nicht übereinander, Geschwister. Ihr wollt doch nicht gerichtet werden. Seht, der Richter steht schon vor der Tür!",
        "10": "Nehmt euch die Propheten, die im Namen des Herrn gesprochen haben, als Beispiel. Wie standhaft haben sie ihre Leiden getragen!",
        "11": "Ihr wisst ja, dass wir die glücklich preisen, die durchhalten. Von der Standhaftigkeit Hiobs habt ihr gehört und gesehen, wie der Herr ihn am Ende belohnt hat. Der Herr ist voller Mitgefühl und Erbarmen.",
        "12": "Vor allem aber lasst das Schwören, liebe Geschwister. Schwört weder beim Himmel noch bei der Erde noch sonst einen Eid. Lasst vielmehr euer Ja ein Ja sein und euer Nein ein Nein! Ihr wollt doch nicht dem Gericht verfallen!",
        "13": "Wenn jemand von euch Schweres durchmacht, soll er beten. Ist jemand voller Zuversicht, soll er Loblieder singen.",
        "14": "Wenn jemand von euch schwach oder krank ist, soll er die Ältesten der Gemeinde zu sich rufen, damit sie ihn im Namen des Herrn mit Öl einsalben und über ihm beten.",
        "15": "Das vertrauensvolle Gebet wird den Kranken retten. Der Herr wird ihn aufrichten und ihm vergeben, wenn er Sünden begangen hat.",
        "16": "Bekennt also einander die Sünden und betet füreinander, damit ihr geheilt werdet. Das Gebet eines Gerechten ist wirksam und vermag viel.",
        "17": "Elija war genauso ein Mensch wie wir. Als er einmal dringend betete, dass es nicht regnen solle, da regnete es dreieinhalb Jahre lang nicht mehr im Land.",
        "18": "Er betete noch einmal, da schenkte der Himmel Regen, und die Erde brachte ihre Frucht.",
        "19": "Wenn jemand unter euch von der Wahrheit abirrt, meine Brüder, und einer bringt ihn zur Umkehr,",
        "20": "dann wisst: Wer einen Sünder von seinem Irrweg zurückführt, rettet ein Leben vom Tod und bedeckt eine Menge von Sünden."
    }
}