{
    "1": {
        "1": "In diesem Buch enthüllt Jesus Christus, was Gott ihm für seine Diener anvertraut hat. Sie sollten wissen, was bald geschehen muss. Deshalb ließ er es durch seinen Engel seinem Diener Johannes zukommen.",
        "2": "Dieser Johannes berichtet nun alles genauso, wie es ihm gezeigt worden ist und wie er es als Wort Gottes von Jesus Christus empfangen hat.",
        "3": "Glücklich ist, wer diese prophetischen Worte liest, und alle, die sie hören und danach handeln. Denn schon bald wird sich alles erfüllen.",
        "4": "Johannes an die sieben Gemeinden in der Asia: Gnade und Frieden wünsche ich euch von dem, der immer gegenwärtig ist, der schon immer war und der kommen wird, und von den sieben Geistern vor seinem Thron",
        "5": "und von Jesus Christus, dem glaubwürdigen Zeugen für diese Dinge, der als Erster von den Toten zu einem unvergänglichen Leben auferstand und Herr ist über die Herrscher der Erde. Ihm, der uns liebt und uns durch sein Blut von unseren Sünden gereinigt hat;",
        "6": "ihm, der uns zu einem Königsvolk gemacht hat, zu Priestern für seinen Gott und Vater: Ihm sei Ehre und Macht für immer und ewig! Amen.",
        "7": "Passt auf! Mit den Wolken wird er wiederkommen. Alle werden ihn sehen, auch die, die ihn durchbohrt haben! Sein Anblick wird alle Völker auf der Erde in schmerzliche Trauer versetzen. Das ist gewiss! Amen.",
        "8": "\"Ich bin das Alpha und das Omega, der Ursprung und das Ziel\", sagt Gott, der Herr, der immer gegenwärtig ist, der immer war und der kommen wird, der Allmächtige.",
        "9": "Ich, Johannes, euer Bruder, teile mit euch die Bedrängnis, aber auch den Anteil an Gottes Reich und das geduldige Warten darauf, denn wir sind ja mit Jesus vereint. Und weil ich das Wort Gottes verkündige und für die Botschaft von Jesus eintrete, bin ich auf der Insel Patmos ‹verbannt›.",
        "10": "An einem ‹Sonntag, dem› Tag des Herrn, wurde ich vom Geist Gottes ergriffen: Ich hörte hinter mir eine laute Stimme, die wie eine Fanfare klang",
        "11": "und mir befahl: \"Schreibe das, was du siehst, in ein Buch und schicke es an die sieben Gemeinden in Ephesus, Smyrna, Pergamon, Thyatira, Sardes, Philadelphia und Laodizea.\"",
        "12": "Als ich mich umdrehte, um zu sehen, wer da mit mir sprach, sah ich sieben goldene Leuchter",
        "13": "und in der Mitte von ihnen jemand, der aussah wie der Menschensohn. Er trug ein Gewand, das bis zu seinen Füßen reichte, und ein breites goldenes Band um die Brust.",
        "14": "Das Haar auf seinem Kopf war weiß wie schneeweiße Wolle. Seine Augen brannten wie lodernde Flammen.",
        "15": "Seine Füße glänzten wie leuchtendes Gold, das im Schmelzofen glüht, und seine Stimme klang wie das Donnern der Brandung.",
        "16": "Sieben Sterne hielt er in seiner rechten Hand und aus seinem Mund kam ein scharfes, auf beiden Seiten geschliffenes Schwert. Sein Gesicht leuchtete wie die Sonne in ihrem höchsten Stand.",
        "17": "Als ich ihn sah, fiel ich wie tot vor seine Füße. Aber er legte seine rechte Hand auf mich und sagte: \"Hab keine Angst! Ich bin der Erste und der Letzte",
        "18": "und der Lebendige. Ich war tot, aber jetzt lebe ich in alle Ewigkeit und habe die Schlüssel für den Tod und sein Reich.",
        "19": "Schreib nun auf, was du gesehen hast, was jetzt geschieht und was danach geschehen wird.",
        "20": "Ich will dir erklären, was das Geheimnis der sieben Sterne ist, die du in meiner rechten Hand gesehen hast, und was die sieben goldenen Leuchter bedeuten: Die sieben Sterne sind die Engel der sieben Gemeinden, und die sieben Leuchter sind die sieben Gemeinden.\""
    },
    "2": {
        "1": "\"Schreib an den Engel der Gemeinde in Ephesus: Der, der die sieben Sterne in seiner rechten Hand hält und zwischen den sieben goldenen Leuchtern umhergeht, lässt dir sagen:",
        "2": "Ich kenne dein Tun, deine Mühe und Standhaftigkeit. Ich weiß auch, dass du niemand ertragen kannst, der Böses tut. Du hast die, die sich als Apostel ausgeben, geprüft und sie als Lügner entlarvt.",
        "3": "Du bist standhaft und hast viel ertragen, weil du dich zu meinem Namen bekennst, und hast nicht aufgegeben.",
        "4": "Doch den einen Vorwurf muss ich dir machen: Du hast deine anfängliche Liebe nicht mehr!",
        "5": "Denk einmal darüber nach, wie weit du davon abgekommen bist! Ändere deine Einstellung und handle so wie am Anfang! Wenn aber nicht, dann gehe ich gegen dich vor und stoße deinen Leuchter von seinem Platz weg.",
        "6": "Doch es spricht für dich, dass du die Taten der Nikolaïten genauso verabscheust wie ich.",
        "7": "Wer hören will, achte auf das, was der Geist den Gemeinden sagt! Wer den Kampf besteht, dem gebe ich vom Baum des Lebens zu essen, der im Paradies Gottes steht.\"",
        "8": "\"Schreib an den Engel der Gemeinde in Smyrna: Der Erste und der Letzte, der tot war und wieder lebendig wurde, lässt dir sagen:",
        "9": "Ich weiß von deiner Bedrängnis und Armut – obwohl du eigentlich reich bist! Ich weiß auch, wie bösartig du von Leuten verleumdet wirst, die behaupten, Juden zu sein, das aber nicht sind, sondern eine Synagoge des Satans.",
        "10": "Hab keine Angst vor dem Leiden, das dir bevorsteht! Der Teufel wird einige von euch ins Gefängnis bringen, um euch zu versuchen. Zehn Tage lang werdet ihr bedrängt sein. Bleib mir treu bis zum Tod! Dann gebe ich dir den Siegeskranz des Lebens.",
        "11": "Wer hören will, achte auf das, was der Geist den Gemeinden sagt! Wer den Kampf besteht, dem wird der zweite Tod nichts anhaben können.\"",
        "12": "\"Schreib an den Engel der Gemeinde in Pergamon: Der, der das scharfe zweischneidige Schwert hat, lässt dir sagen:",
        "13": "Ich weiß, dass du dort wohnst, wo der Thron des Satans steht. Trotzdem hast du dich zu meinem Namen bekannt und den Glauben an mich nicht verleugnet, auch damals nicht, als mein treuer Zeuge Antipas in eurer Stadt, dieser Hochburg Satans, ermordet wurde.",
        "14": "Doch den einen Vorwurf muss ich dir machen: Du duldest Leute in deiner Mitte, die an der Lehre Bileams festhalten. Bileam hatte Balak gezeigt, wie er die Israeliten zu Fall bringen könnte. Er verführte sie zum Essen von Opferfleisch, das den Götzen geweiht war, und zu sexueller Zügellosigkeit.",
        "15": "So gibt es auch bei euch Leute, die den Lehren der Nikolaïten folgen.",
        "16": "Kehr um! Sonst gehe ich sehr schnell gegen dich vor und bekämpfe diese Leute mit dem Schwert aus meinem Mund.",
        "17": "Wer hören will, achte auf das, was der Geist den Gemeinden sagt! Wer den Kampf besteht, dem werde ich von dem Manna zu essen geben, das jetzt noch verborgen ist. Und ich werde ihm einen weißen Stein geben, auf dem ein neuer Name eingraviert sein wird, den nur der kennt, der ihn empfängt.\"",
        "18": "\"Schreib an den Engel der Gemeinde in Thyatira: Der Sohn Gottes, dessen Augen wie lodernde Flammen brennen und dessen Füße wie leuchtendes Gold glänzen, lässt dir sagen:",
        "19": "Ich kenne dein Tun, dein Lieben, deinen Glauben, dein Dienen und deine Geduld. Ich weiß auch, dass du heute noch mehr tust als früher.",
        "20": "Doch den einen Vorwurf muss ich dir machen: Du unternimmst nichts gegen diese Isebel, die sich als Prophetin ausgibt. Und dabei verführt sie mit ihrer Lehre meine Leute zu sexueller Zügellosigkeit und zum Essen von Götzenopferfleisch.",
        "21": "Ich habe ihr Zeit gelassen, ihre Einstellung zu ändern. Doch sie weigert sich, ihr lasterhaftes Leben aufzugeben.",
        "22": "Darum werfe ich sie jetzt aufs Krankenbett. Und alle, die Sex mit ihr hatten, lasse ich in größte Not geraten, es sei denn, sie ändern ihre Einstellung und wenden sich von dem ab, was diese Frau tut.",
        "23": "Isebels Kinder werde ich nicht am Leben lassen. Sie müssen sterben. Dann werden alle Gemeinden wissen, dass mir auch die geheimsten Gedanken und Wünsche nicht verborgen bleiben, und dass ich jedem von euch das gebe, was er verdient.",
        "24": "Aber ihr anderen in Thyatira, die ihr dieser Lehre nicht gefolgt seid und von den sogenannten Tiefen des Satans nichts wissen wolltet, euch sage ich: Ich werde nichts weiter von euch verlangen;",
        "25": "haltet nur fest, was ihr habt, bis ich komme.",
        "26": "Wer den Kampf besteht und sich bis zuletzt von meinem Wirken bestimmen lässt, dem werde ich Macht über die Völker geben.",
        "27": "Mit eisernem Stab wird er sie hüten, sie zerschmettern wie Töpfergeschirr.",
        "28": "Ich verleihe ihm die Macht, die auch ich von meinem Vater bekommen habe. Und als Zeichen dafür werde ich ihm den Morgenstern geben.",
        "29": "Wer hören will, achte auf das, was der Geist den Gemeinden sagt!\""
    },
    "3": {
        "1": "\"Schreib an den Engel der Gemeinde in Sardes: Der, bei dem die sieben Geister Gottes sind und der die sieben Sterne in seiner Hand hält, lässt dir sagen: Ich kenne dein Tun und weiß, dass du im Ruf stehst, lebendig zu sein. Aber du bist tot.",
        "2": "Werde wach und stärke den Rest, der noch Leben hat, damit er nicht vollends stirbt! Was du tust, kann vor meinem Gott noch nicht bestehen.",
        "3": "Denk daran, wie bereitwillig du die Botschaft gehört und angenommen hast. Daran halte fest und ändere deine jetzige Einstellung! Wenn du weiter schläfst, werde ich dich wie ein Dieb überraschen, und du weißt nicht, wann ich komme.",
        "4": "Doch einige bei euch in Sardes haben sich nicht besudelt. Sie werden einmal in weißen Festgewändern neben mir hergehen, denn sie sind es wert.",
        "5": "Wer den Kampf besteht, wird mit einem weißen Festgewand bekleidet werden. Ich werde seinen Namen nicht aus dem Buch des Lebens streichen, sondern mich vor meinem Vater und seinen Engeln zu ihm bekennen.",
        "6": "Wer hören will, achte auf das, was der Geist den Gemeinden sagt!\"",
        "7": "\"Schreib an den Engel der Gemeinde in Philadelphia: Der Heilige und Wahrhaftige, der den Schlüssel Davids hat, der öffnet, so dass niemand schließen kann, und der zuschließt, so dass niemand öffnen kann, der lässt dir sagen:",
        "8": "Ich kenne dein Tun und habe dir eine Tür geöffnet, die niemand schließen kann. Du hast nur wenig Kraft, aber du hast dich nach meinem Wort gerichtet und dich zu meinem Namen bekannt.",
        "9": "Pass auf, ich werde dafür sorgen, dass Leute aus der Synagoge des Satans zu dir kommen und sich vor dir niederwerfen. Diese Leute behaupten, Juden zu sein, obwohl sie das gar nicht wirklich sind. Aber sie sollen erkennen, dass ich dich liebe.",
        "10": "Weil du meine Aufforderung zur Standhaftigkeit beherzigt hast, werde auch ich dich bewahren vor der Stunde der Versuchung, in der die ganze Menschheit den Mächten der Verführung ausgesetzt sein wird.",
        "11": "Ich komme bald. Halte fest, was du hast, damit dir niemand deinen Ehrenkranz nimmt.",
        "12": "Wer den Kampf besteht, den werde ich zu einer Säule im Tempel meines Gottes machen, und er wird diesen Platz für immer behalten. Ich werde ihn mit dem Namen meines Gottes kennzeichnen und mit dem Namen der Stadt meines Gottes, des neuen Jerusalem, das von meinem Gott aus dem Himmel herabkommen wird. Und mein eigener neuer Name wird auf ihm geschrieben sein.",
        "13": "Wer hören will, achte auf das, was der Geist den Gemeinden sagt!\"",
        "14": "\"Schreib an den Engel der Gemeinde in Laodizea: Der, der Amen heißt, der treue und wahrhaftige Zeuge, der Ursprung von Gottes Schöpfung, lässt dir sagen:",
        "15": "Ich kenne dein Tun und weiß, dass du weder heiß noch kalt bist. Wenn du doch das eine oder andere wärst!",
        "16": "Doch du bist lau, weder heiß noch kalt. Darum werde ich dich aus meinem Mund ausspucken.",
        "17": "Du sagst: 'Ich bin reich und wohl versorgt; mir fehlt nichts.' Aber du weißt nicht, wie erbärmlich und jämmerlich du dran bist: arm, nackt und blind.",
        "18": "Ich rate dir, Gold von mir zu kaufen, Gold, das im Feuer geläutert ist, damit du reich wirst, und weiße Kleider, damit du etwas anzuziehen hast und man die Schande deiner Nacktheit nicht sieht, und Salbe für deine Augen, damit du sie einsalben und dann wieder sehen kannst.",
        "19": "Alle, die ich lieb habe, weise ich zurecht und erziehe sie. Mach endlich Ernst und ändere deine Einstellung!",
        "20": "Merkst du nicht, dass ich vor der Tür stehe und anklopfe? Wer mich rufen hört und mir öffnet, zu dem gehe ich hinein, und wir werden miteinander essen – ich mit ihm und er mit mir.",
        "21": "Wer den Kampf besteht, dem werde ich das Recht geben, mit mir auf meinem Thron zu sitzen, so wie auch ich den Kampf bestanden und mich mit meinem Vater auf seinen Thron gesetzt habe.",
        "22": "Wer hören will, achte auf das, was der Geist den Gemeinden sagt!\""
    },
    "4": {
        "1": "Danach blickte ich auf und sah im Himmel eine offene Tür. Die gleiche Stimme, die schon vorher mit mir gesprochen hatte und die wie eine Fanfare klang, sagte: \"Komm hier herauf! Ich werde dir zeigen, was nach diesen Dingen geschehen muss.\"",
        "2": "Im gleichen Augenblick wurde ich vom Geist ergriffen. Ich sah einen Thron im Himmel stehen, und auf dem Thron saß jemand.",
        "3": "Seine Gestalt funkelte wie ein Diamant und glühte rot wie ein Karneol. Und den ganzen Thron umleuchtete ein Regenbogen, grün wie ein Smaragd.",
        "4": "Um den Thron herum standen im Kreis 24 andere Throne. Darauf saßen 24 Älteste, die in weiße Gewänder gehüllt waren und goldene Siegeskränze trugen.",
        "5": "Aus dem Thron heraus zuckten Blitze, man hörte ein Dröhnen und Donnerschläge. Vor dem Thron loderten sieben Fackeln. Das sind die sieben Geister Gottes.",
        "6": "Die Fläche vor dem Thron war wie ein gläsernes Meer von kristallener Klarheit. In der Mitte, im innersten Kreis um den Thron, standen vier mächtige Wesen, die vorn und hinten voller Augen waren.",
        "7": "Das erste Wesen glich einem Löwen, das zweite einem jungen Stier. Das dritte hatte ein Gesicht wie ein Mensch, und das vierte glich einem fliegenden Adler.",
        "8": "Jedes der vier hatte sechs Flügel, die ebenfalls innen und außen mit Augen besetzt waren. Und immer wieder, bei Tag und Nacht, rufen diese mächtigen Wesen: \"Heilig, heilig, heilig ist Gott, der Herr, der allmächtige Herrscher, der war, der ist und der kommt!\"",
        "9": "Und wenn diese Wesen dem, der auf dem Thron sitzt und in alle Ewigkeit lebt, Ehre erweisen, wenn sie ihn rühmen und ihm ihren Dank bringen,",
        "10": "werfen sich auch die 24 Ältesten nieder und beten ihn an – ihn, der auf dem Thron sitzt und in alle Ewigkeit lebt. Sie legen ihre Siegeskränze vor dem Thron nieder und sagen:",
        "11": "\"Würdig bist du, unser Herr und Gott, dir gebührt Ehre und Ruhm und alle Macht, denn du hast alle Dinge erschaffen. Du hast es gewollt, und die Schöpfung entstand.\""
    },
    "5": {
        "1": "Jetzt sah ich eine Schriftrolle auf der rechten Hand dessen liegen, der auf dem Thron saß. Sie war innen und außen beschrieben und mit sieben Siegeln verschlossen.",
        "2": "Dann sah ich, wie ein mächtiger Engel mit lauter Stimme ausrief: \"Wer ist würdig, das Buch zu öffnen? Und ‹wer hat das Recht›, die Siegel zu lösen?\"",
        "3": "Aber im ganzen Himmel, auf der Erde und selbst unter der Erde war niemand, der das Buch öffnen und hineinblicken konnte.",
        "4": "Es war keiner zu finden, der würdig gewesen wäre, das Buch zu öffnen und zu sehen, was darin stand. Deshalb weinte ich sehr.",
        "5": "Da sagte einer der Ältesten zu mir: \"Weine nicht! Sieh doch, einer hat gesiegt! Es ist der Löwe aus dem Stamm Juda, der Spross aus dem Wurzelstock Davids. Er wird die sieben Siegel aufbrechen und das Buch öffnen.\"",
        "6": "Da sah ich mitten im Thron, in der Mitte der vier mächtigen Wesen und der Ältesten, ein Lamm stehen, das wie geschlachtet aussah. Es hatte sieben Hörner und sieben Augen. – Die sieben Augen sind die sieben Geister Gottes, die in alle Teile der Erde ausgesandt sind. –",
        "7": "Das Lamm trat zu dem, der auf dem Thron saß, und nahm das Buch aus seiner rechten Hand.",
        "8": "Als das geschah, warfen sich die vier mächtigen Wesen und die 24 Ältesten vor dem Lamm nieder. Jeder von den Ältesten hatte eine Harfe und außerdem goldene Schalen, die mit Weihrauch gefüllt waren. – Das sind die Gebete der von Gott geheiligten Menschen. –",
        "9": "Und sie singen ein neues Lied: \"Du bist würdig, das Buch zu nehmen und seine Siegel zu öffnen! Denn du wurdest ‹als Opfer› geschlachtet. Und mit deinem vergossenen Blut hast du Menschen erkauft, Menschen aus allen Stämmen und Völkern, aus jeder Sprache und Kultur. Du hast sie freigekauft für unseren Gott",
        "10": "und sie zu einem Königsvolk und zu Priestern für ihn gemacht. Sie regieren in Zukunft die Welt.\"",
        "11": "Dann sah und hörte ich eine unzählbar große Schar von Engeln, es waren Tausende und Abertausende. Sie standen im Kreis um den Thron, um die mächtigen Wesen und die Ältesten",
        "12": "und riefen in gewaltigem Chor: \"Würdig ist das Lamm, das geopfert worden ist, würdig zu empfangen die Macht und Reichtum und Weisheit, Stärke und Ehre, Ruhm und Anbetung!\"",
        "13": "Und jedes Geschöpf, das es gibt – im Himmel und auf der Erde, unter der Erde und im Meer – hörte ich mit einstimmen: \"Dem, der auf dem Thron sitzt, und dem Lamm gebühren Preis und Ehre, Ruhm und Macht für immer und ewig!\"",
        "14": "\"Amen!\", sagten die vier mächtigen Wesen. Und die Ältesten warfen sich nieder und beteten an."
    },
    "6": {
        "1": "Dann sah ich, wie das Lamm das erste von den sieben Siegeln der Schriftrolle aufbrach, und ich hörte eines der vier mächtigen Wesen mit Donnerstimme rufen: \"Komm!\"",
        "2": "Da erblickte ich ein weißes Pferd. Der Reiter auf ihm trug einen Bogen und erhielt jetzt einen Siegeskranz. Triumphierend ritt er hinaus, um den Sieg zu erringen.",
        "3": "Als das Lamm das zweite Siegel aufbrach, hörte ich das zweite mächtige Wesen rufen: \"Komm!\"",
        "4": "Wieder erschien ein Pferd. Es war feuerrot. Seinem Reiter wurde ein großes Schwert gegeben, und er bekam die Macht, den Frieden von der Erde wegzunehmen, so dass die Menschen sich gegenseitig abschlachten würden.",
        "5": "Dann brach das Lamm das dritte Siegel auf, und ich hörte das dritte der mächtigen Wesen rufen: \"Komm!\" Jetzt sah ich ein schwarzes Pferd. Sein Reiter hatte eine Waage in der Hand.",
        "6": "Und eine Stimme, die aus der Mitte der vier Lebewesen zu kommen schien, rief: \"Ein Kilo Weizen für einen Denar! Drei Kilo Gerste für einen Denar! Öl und Wein taste nicht an!\"",
        "7": "Als das Lamm das vierte Siegel aufbrach, hörte ich das vierte mächtige Wesen rufen: \"Komm!\"",
        "8": "Dann sah ich ein leichenfahles Pferd. Sein Reiter hieß Tod und sein ganzes Reich folgte ihm nach. Sie wurden ermächtigt, ein Viertel der Menschen durch Krieg, Hunger, tödliche Seuchen und wilde Tiere umkommen zu lassen.",
        "9": "Nun brach das Lamm das fünfte Siegel auf. Da sah ich unten am Altar die Seelen der Menschen, die man abgeschlachtet hatte, weil sie an Gottes Wort festhielten und ihm als seine Zeugen treu geblieben waren.",
        "10": "Sie riefen mit lauter Stimme: \"Du heiliger und wahrhaftiger Herrscher! Wie lange dauert es noch, bis du Gericht hältst und unser Blut an den Bewohnern der Erde rächst?\"",
        "11": "Da erhielt jeder von ihnen ein weißes Gewand mit der Antwort, dass sie noch eine kurze Zeit Geduld haben müssten. Denn erst müsse noch eine bestimmte Zahl ihrer Glaubensgeschwister zum Ziel kommen und so wie sie getötet werden.",
        "12": "Als das Lamm das sechste Siegel aufbrach, erschütterte ein schweres Beben die Erde. Die Sonne wurde dunkel wie ein Trauersack, und der Mond erschien auf einmal rot wie Blut.",
        "13": "Dann fielen Sterne vom Himmel auf die Erde wie vom Sturm geschüttelte Feigen vom Baum.",
        "14": "Der Himmel verschwand wie eine Schriftrolle, die man zusammenrollt, und kein Berg und keine Insel blieben an ihrer Stelle.",
        "15": "Da versteckten sich die Könige der Erde, die Herrscher und die Generäle, die Reichen und die Mächtigen, aber auch alle anderen Menschen – Sklaven wie Freie. Sie versteckten sich in Höhlen und Felsspalten",
        "16": "und flehten die Berge und Felsen an: \"Fallt auf uns und verbergt uns vor den Blicken dessen, der auf dem Thron sitzt, und vor dem Zorn des Lammes!",
        "17": "Denn jetzt ist der furchtbare Tag ihres Zorns gekommen. Wer kann da bestehen?\""
    },
    "7": {
        "1": "Danach sah ich vier Engel an den äußersten Enden der Erde stehen. Sie hinderten die Winde aus den vier Himmelsrichtungen daran, über das Land, das Meer und die Bäume zu blasen.",
        "2": "Und von da, wo die Sonne aufgeht, sah ich noch einen anderen Engel herkommen, der das Siegel des lebendigen Gottes trug. Er rief den vier Engeln, denen Gott die Macht gegeben hatte, der Erde und dem Meer Schaden zuzufügen, mit lauter Stimme zu:",
        "3": "\"Verwüstet weder das Land noch das Meer und richtet auch an den Bäumen noch keinen Schaden an! Erst müssen wir allen, die Gott gehören und ihm dienen, sein Siegel auf die Stirn drücken.\"",
        "4": "Ich hörte, wie viele Menschen das Siegel bekamen: Es waren 144,000 aus allen Stämmen Israels:",
        "5": "12,000 aus Juda, 12,000 aus Ruben, 12,000 aus Gad,",
        "6": "12,000 aus Ascher, 12,000 aus Naftali, 12,000 aus Manasse,",
        "7": "12,000 aus Simeon, 12,000 aus Levi, 12,000 aus Issachar,",
        "8": "12,000 aus Sebulon, 12,000 aus Josef, 12,000 aus Benjamin.",
        "9": "Danach sah ich eine riesige Menschenmenge aus allen Stämmen und Völkern, Sprachen und Kulturen. Es waren so viele, dass niemand sie zählen konnte. Sie standen mit Palmzweigen in den Händen weißgekleidet vor dem Thron und dem Lamm",
        "10": "und riefen mit lauter Stimme: \"Die Rettung kommt von unserem Gott, von dem, der auf dem Thron sitzt, und dem Lamm!\"",
        "11": "Und alle Engel, die rings um den Thron herum standen, um die Ältesten und die vier mächtigen Wesen, warfen sich mit dem Gesicht auf dem Boden vor dem Thron nieder und beteten Gott an.",
        "12": "\"Amen!\", sagten sie. \"Anbetung, Ehre und Dank, Herrlichkeit und Weisheit, Macht und Stärke gehören ihm, unserem Gott, für immer und ewig! Amen!\"",
        "13": "Dann fragte mich einer der Ältesten: \"Weißt du, wer diese weißgekleideten Menschen sind und woher sie kommen?\"",
        "14": "Ich erwiderte: \"Du musst es mir sagen, mein Herr, du weißt es.\" Er sagte: \"Diese Menschen haben die größte Bedrängnis überstanden, die es je gegeben hat. Sie haben ihre Gewänder gewaschen und im Blut des Lammes weiß gemacht.",
        "15": "Darum stehen sie vor dem Thron Gottes und dienen ihm Tag und Nacht in seinem Tempel. Und der, der auf dem Thron sitzt, wird ihnen seine Gegenwart schenken.",
        "16": "Sie werden keinen Hunger mehr haben und auch Durst wird sie nie mehr quälen. Die Sonne wird nicht mehr auf sie herabbrennen und auch keine andere Glut.",
        "17": "Denn das Lamm, das mitten auf dem Thron sitzt, wird sie weiden und zu den Quellen führen, wo das Wasser des Lebens ist. Und Gott wird jede Träne von ihren Augen abwischen.\""
    },
    "8": {
        "1": "Als das Lamm das siebte Siegel aufbrach, war es im Himmel eine halbe Stunde lang völlig still.",
        "2": "Dann sah ich die sieben Engel, die zum Dienst für Gott abgestellt sind. Ich sah, wie ihnen sieben Posaunen gegeben wurden.",
        "3": "Dann trat ein anderer Engel mit einem goldenen Räucherfass an den goldenen Altar, der vor dem Thron stand. Er bekam eine große Menge Weihrauch und sollte diesen zusammen mit den Gebeten aller geheiligten Menschen als Räucheropfer darbringen.",
        "4": "So stiegen die Gebete der Heiligen mit dem Duft des Weihrauchs aus der Hand des Engels zu Gott auf.",
        "5": "Dann füllte der Engel das Räucherfass mit Glut vom Altar und schleuderte es auf die Erde. Da donnerte und dröhnte es heftig, es blitzte und die Erde bebte.",
        "6": "Jetzt machten sich die sieben Engel bereit, die sieben Posaunen zu blasen.",
        "7": "Nachdem der erste Engel die Posaune geblasen hatte, prasselten Hagel und Feuer mit Blut vermischt auf die Erde. Ein Drittel der Erdoberfläche und ein Drittel aller Bäume und alles Gras verbrannten.",
        "8": "Nachdem der zweite Engel die Posaune geblasen hatte, wurde etwas ins Meer gestürzt, das wie ein großer brennender Berg aussah. Ein Drittel des Meeres wurde zu Blut.",
        "9": "Ein Drittel aller Lebewesen im Meer starb und ein Drittel aller Schiffe wurde zerstört.",
        "10": "Nachdem der dritte Engel die Posaune geblasen hatte, stürzte ein großer Stern vom Himmel herab. Er brannte wie eine Fackel und fiel auf ein Drittel aller Flüsse und auf die Quellen.",
        "11": "Der Stern hieß Wermut und machte ein Drittel vom Trinkwasser zu Wermut. An diesem Bitterwasser starben sehr viele Menschen.",
        "12": "Nachdem der vierte Engel die Posaune geblasen hatte, wurde ein Drittel der Sonne, des Mondes und der Sterne getroffen, so dass ein Drittel des Tages und ein Drittel der Nacht kein Licht mehr hatte.",
        "13": "Dann sah ich einen Adler hoch am Himmel fliegen und hörte ihn mit lauter Stimme schreien: \"Wehe denen, die auf der Erde leben! Wehe ihnen, wenn die letzten drei Engel in ihre Posaunen stoßen, wehe ihnen!\""
    },
    "9": {
        "1": "Nachdem der fünfte Engel die Posaune geblasen hatte, sah ich einen Stern, der vom Himmel auf die Erde gestürzt war. Dieser Stern erhielt den Schlüssel zum Schacht in den Abgrund",
        "2": "und öffnete ihn. Da quoll Rauch heraus wie von einem riesigen Schmelzofen und verdunkelte die Luft und die Sonne.",
        "3": "Aus dem Rauch kamen Heuschrecken hervor, die wie Skorpione stechen konnten, und schwärmten über die ganze Erde aus.",
        "4": "Doch es wurde ihnen verboten, das Gras abzufressen oder an Bäumen und anderen Pflanzen irgendwelchen Schaden anzurichten. Sie durften nur Menschen angreifen, aber nur solche, die kein Siegel Gottes auf der Stirn hatten.",
        "5": "Töten durften sie diese Menschen zwar nicht, aber sie hatten die Macht, sie fünf Monate lang zu quälen. Die Menschen würden unerträgliche Schmerzen erleiden, wie durch den Stich eines Skorpions.",
        "6": "In dieser Zeit werden die Menschen den Tod suchen, aber nicht finden. Sie werden sich danach sehnen zu sterben, aber der Tod wird vor ihnen fliehen.",
        "7": "Die Heuschrecken sahen aus wie Pferde, die in die Schlacht ziehen. Auf ihren Köpfen hatten sie etwas, das wie ein goldener Kranz aussah, und ihre Gesichter glichen denen von Menschen.",
        "8": "Sie hatten lange Haare wie Frauen und Zähne wie Löwen.",
        "9": "Ihr Rumpf war wie mit eisernen Rüstungen gepanzert, und ihre Flügel machten einen Lärm wie ein Heer von Pferden und Streitwagen, die in die Schlacht ziehen.",
        "10": "Ihre Hinterleiber waren wie die Schwänze eines Skorpions geformt und mit Stacheln bestückt. Damit verursachen sie die Qualen, denen die Menschen fünf Monate lang ausgesetzt sein werden.",
        "11": "Als König haben sie den Engel des Abgrunds über sich. Er heißt \"Verderber\", auf Hebräisch Abaddon, auf Griechisch Apollyon.",
        "12": "Das erste Unheil, das der Wehruf angekündigt hat, ist vorüber, doch zwei weitere stehen noch bevor.",
        "13": "Nachdem der sechste Engel die Posaune geblasen hatte, hörte ich eine Stimme, die aus den vier Hörnern des goldenen Altars zu kommen schien, der vor Gott stand.",
        "14": "Sie sagte zu dem sechsten Engel mit der Posaune: \"Lass die vier Engel frei, die am großen Strom, dem Euphrat, in Ketten liegen!\"",
        "15": "Da wurden die vier Engel von ihren Fesseln befreit. Auf dieses Jahr, diesen Monat, diesen Tag, ja genau auf diese Stunde hatten sie gewartet, um ein Drittel der Menschen zu töten.",
        "16": "Sie verfügten über ein Heer von zweihundert Millionen berittenen Soldaten – ich hörte, wie ihre Zahl genannt wurde.",
        "17": "Und dann sah ich sie in meiner Vision: Die Reiter trugen feuerrote, violette und schwefelgelbe Brustpanzer. Die Köpfe der Pferde sahen wie Löwenköpfe aus, und aus ihren Mäulern schossen Feuer, Rauch und Schwefel.",
        "18": "Mit diesen drei Waffen – dem Feuer, dem Rauch und dem Schwefel – töteten sie ein Drittel der Menschheit.",
        "19": "Die tödliche Macht der Pferde geht sowohl von ihrem Maul als auch von ihren Schwänzen aus, denn diese Schwänze glichen Schlangen mit Köpfen, die ebenfalls Menschen angriffen.",
        "20": "Aber die Menschen, die diese Plage überlebten, waren nicht bereit, ihre Einstellung zu ändern. Sie hörten nicht auf, Dämonen anzubeten und sich vor Götterbildern aus Gold, Silber, Bronze, Stein und Holz niederzuwerfen, die sie mit eigenen Händen gemacht hatten und die weder sehen noch hören noch gehen können.",
        "21": "Nein, sie bereuten weder ihre Mordtaten noch ihren Okkultismus, auch nicht ihre sexuelle Unmoral und ihre Diebereien."
    },
    "10": {
        "1": "Dann sah ich, wie ein anderer mächtiger Engel aus dem Himmel herabkam. Er war von einer Wolke umhüllt, und der Regenbogen stand über seinem Kopf. Sein Gesicht leuchtete wie die Sonne und seine Beine glichen Feuersäulen.",
        "2": "Er hielt eine kleine geöffnete Schriftrolle in der Hand und setzte seinen rechten Fuß auf das Meer und seinen linken auf das Festland.",
        "3": "Seine Stimme dröhnte wie das Brüllen eines Löwen, und laut krachend antworteten ihm sieben Donnerschläge.",
        "4": "Als es wieder still war, wollte ich die Worte der sieben Donner aufschreiben. Aber da hörte ich eine Stimme aus dem Himmel rufen: \"Nein, was die sieben Donner gerufen haben, muss verborgen bleiben. Schreibe es nicht auf!\"",
        "5": "Der Engel, den ich auf dem Meer und auf dem Festland stehen sah, hob jetzt seine rechte Hand zum Himmel",
        "6": "und sagte: \"Ich schwöre bei dem, der in alle Ewigkeit lebt, der den Himmel, die Erde, das Meer und alles Lebendige in ihnen geschaffen hat, ich schwöre: Die Zeit ist jetzt vorbei!",
        "7": "Denn wenn der siebte Engel seine Posaune geblasen hat, wird Gottes geheimer Plan zur Vollendung kommen, so wie er es seinen Dienern, den Propheten, als gute Botschaft anvertraut hat.\"",
        "8": "Dann sprach die Stimme aus dem Himmel mich noch einmal an. Sie sagte: \"Geh zu dem Engel, der auf dem Meer und dem Land steht, und lass dir die kleine offene Schriftrolle geben!\"",
        "9": "Ich ging zu dem Engel und bat ihn um die kleine Schriftrolle. Er sagte: \"Nimm und iss sie auf! Sie ist so bitter, dass sich dein Magen zusammenziehen wird, aber solange du sie im Mund hast, wird sie süß wie Honig sein.\"",
        "10": "Ich nahm die kleine Schriftrolle aus seiner Hand und aß sie auf. Tatsächlich war sie so süß wie Honig, als ich sie im Mund hatte. Aber als ich sie hinunterschluckte, war sie so bitter, dass sich mir der Magen zusammenkrampfte.",
        "11": "Dann wurde mir gesagt: \"Du wirst noch mehr ankünden müssen. Es betrifft Völker, Sprachen, Kulturen und viele Könige.\""
    },
    "11": {
        "1": "Dann wurde mir eine Art Messstab aus Schilfrohr gegeben, und jemand sagte: \"Geh und miss den Tempel Gottes, auch den Altar, und zähle die Menschen, die dort anbeten!",
        "2": "Den äußeren Vorhof des Tempels lass beim Messen aus, denn er ist den nichtjüdischen Völkern ausgeliefert worden. Sie werden die Heilige Stadt unterwerfen und 42 Monate lang besetzt halten.",
        "3": "Doch ich werde meine beiden Zeugen zu ihnen schicken, und sie werden die ganze Zeit, nämlich 1,260 Tage lang, mit dem Trauersack bekleidet als Propheten zu ihnen reden.\"",
        "4": "Diese zwei Zeugen sind die zwei Ölbäume und die zwei Leuchter, die vor dem Herrn der Erde stehen.",
        "5": "Und wenn ihnen einer schaden will, fährt Feuer aus ihrem Mund und verbrennt ihn bei lebendigem Leib. So vernichten sie alle ihre Feinde.",
        "6": "Sie haben die Macht, den Himmel zu verschließen, damit in der Zeit ihres prophetischen Wirkens kein Regen fällt, sie haben auch die Macht, jedes Gewässer in Blut zu verwandeln. Sie können jedes erdenkliche Unheil über die Erde bringen.",
        "7": "Und wenn sie ihren Auftrag erfüllt haben, wird das Tier aus dem Abgrund kommen und gegen sie kämpfen. Es wird sie besiegen und sie töten.",
        "8": "Ihre Leichen wird man auf offener Straße mitten in der großen Stadt liegen lassen, in der Stadt, in der auch ihr Herr gekreuzigt wurde und die geistlich gesprochen Sodom oder auch Ägypten heißt.",
        "9": "Dreieinhalb Tage lang werden Menschen aus allen Völkern und Stämmen, Sprachen und Kulturen sich am Anblick ihrer Leichen ergötzen. Sie werden nicht gestatten, dass sie in ein Grab gelegt werden.",
        "10": "Überall auf der Welt werden die Menschen jubeln und feiern und sich gegenseitig Geschenke schicken, denn diese beiden Propheten hatten ihnen das Leben zur Qual gemacht.",
        "11": "Doch nach den dreieinhalb Tagen wird der Lebensgeist Gottes in die Propheten zurückkehren, und sie stehen wieder auf. Das blanke Entsetzen wird alle überfallen, die das beobachten.",
        "12": "Dann werden die beiden Propheten eine mächtige Stimme aus dem Himmel hören: \"Kommt hier herauf!\" Und vor den Augen ihrer Feinde werden sie in einer Wolke zum Himmel hinaufsteigen.",
        "13": "In diesem Augenblick wird ein heftiges Erdbeben die Stadt erschüttern und ein Zehntel von ihr vernichten. 7,000 Menschen werden dabei umkommen. Die Überlebenden werden zu Tode erschrocken sein und Gott im Himmel die Ehre erweisen, die ihm zusteht.",
        "14": "Das zweite Unheil, das der Wehruf angekündigt hat, ist vorüber, doch das dritte steht unmittelbar bevor.",
        "15": "Nachdem nun der siebte Engel die Posaune geblasen hatte, erklang ein mächtiger Lobgesang im Himmel: \"Jetzt gehört die Herrschaft über die Welt unserem Herrn und seinem Christus, und er wird herrschen in alle Ewigkeit!\"",
        "16": "Da warfen sich die 24 Ältesten, die vor Gott auf ihren Thronen sitzen, mit dem Gesicht auf dem Boden nieder und beteten Gott an:",
        "17": "\"Wir danken dir, Herr, unser Gott, du allmächtiger Herrscher, der du bist und immer warst! Denn nun hast du deine große Macht bewiesen und die Herrschaft angetreten.",
        "18": "Die Völker hatten sich wütend gegen dich aufgelehnt, doch jetzt entlädt sich dein Zorn über sie. Jetzt ist die Zeit gekommen, wo du Gericht über die Toten hältst und wo du die verdirbst, die die Erde verderben. Doch es ist auch die Zeit, wo deine Diener ihren Lohn erhalten: die Propheten und die, die du geheiligt hast, die Kleinen und die Großen, und die mit Ehrfurcht vor dir.\"",
        "19": "Dann wurde der Tempel Gottes im Himmel geöffnet und man konnte die Lade seines Bundes sehen. Blitze zuckten auf, Donnerschläge dröhnten, die Erde bebte und ein schwerer Hagel ging nieder."
    },
    "12": {
        "1": "Dann war im Himmel eine außergewöhnliche Erscheinung zu sehen: Eine Frau war mit der Sonne bekleidet, der Mond stand unter ihren Füßen und auf dem Kopf trug sie einen Kranz von zwölf Sternen.",
        "2": "Sie ist schwanger, die Wehen haben begonnen und sie schreit vor Schmerzen.",
        "3": "Dann kam es zu einer anderen Erscheinung im Himmel: Ein riesiger feuerroter Drache mit sieben Köpfen und zehn Hörnern, auf jedem seiner Köpfe ein Diadem.",
        "4": "Mit seinem Schwanz fegte er ein Drittel der Sterne vom Himmel und schleuderte sie auf die Erde. Dann stellte er sich vor die Frau hin und wollte das Kind gleich nach der Geburt verschlingen.",
        "5": "Doch ihr Kind wurde sofort zu Gott hinaufgenommen und zu seinem Thron gebracht. Es war der Sohn, der einmal alle Völker der Erde mit eisernem Stab regieren würde.",
        "6": "Die Frau selbst floh in die Wüste, wo Gott ihr einen Zufluchtsort geschaffen hatte, an dem sie 1,260 Tage lang mit allem Nötigen versorgt würde.",
        "7": "Dann brach ein Krieg im Himmel aus: Der Engelfürst Michael kämpfte mit seinen Engeln gegen den Drachen. Der Drache und seine Engel wehrten sich,",
        "8": "aber sie konnten nicht standhalten. Von da an war für ihn und seine Engel kein Platz mehr im Himmel.",
        "9": "Der große Drache, die uralte Schlange, die auch Teufel oder Satan genannt wird und die ganze Menschheit verführt hatte, wurde mit all seinen Engeln auf die Erde hinabgestürzt.",
        "10": "Da hörte ich eine laute Stimme im Himmel rufen: \"Jetzt ist es geschehen! Die Rettung ist da! Gott hat seine Macht unter Beweis gestellt, das Reich gehört ihm! Von jetzt an herrscht Christus, sein König! Und hinausgeworfen ist der, der unsere Geschwister Tag und Nacht bei Gott verklagt hat.",
        "11": "Und sie haben ihn besiegt, weil das Lamm sein Blut für sie vergossen hat und weil sie – ohne Rücksicht auf ihr Leben – sich zur Botschaft des Lammes bekannten, bereit, auch dafür zu sterben.",
        "12": "Darum freue dich Himmel! Jubelt, die ihr darin wohnt! Doch wehe dir, Erde, und wehe dir, Meer! Denn der Teufel ist zu euch herabgekommen und rast vor Wut, weil er weiß, dass er nicht mehr viel Zeit hat.\"",
        "13": "Als der Drache nun sah, dass er auf die Erde geworfen war, begann er, die Frau zu verfolgen, die den Sohn geboren hatte.",
        "14": "Aber der Frau wurden Flügel gegeben, die beiden Flügel des großen Adlers. So konnte sie an den Ort in der Wüste fliehen, wo sie vor der Schlange sicher war und dreieinhalb Jahre lang mit allem Nötigen versorgt werden würde.",
        "15": "Da spie die Schlange einen mächtigen Wasserstrom hinter der Frau her, der sie mit sich fortreißen sollte.",
        "16": "Aber die Erde kam der Frau zur Hilfe. Sie öffnete sich und schluckte den Strom, den der Drache aus seinem Rachen stieß.",
        "17": "Da geriet der Drache außer sich vor Wut und bekämpfte jetzt alle, die zu dieser Frau gehörten. Das sind die Menschen, die nach den Geboten Gottes leben und sich zur Botschaft von Jesus bekennen.",
        "18": "Dann trat der Drache ans Ufer des Meeres."
    },
    "13": {
        "1": "Da sah ich ein Tier aus dem Meer heraufsteigen, das zehn Hörner und sieben Köpfe hatte. Auf jedem Horn trug es ein Diadem, und auf den Köpfen standen gotteslästerliche Namen.",
        "2": "Das Tier sah aus wie ein Leopard, aber es hatte Tatzen wie ein Bär und ein Maul wie ein Löwe. Der Drache übergab ihm seine Macht, seinen Thron und alle Befehlsgewalt.",
        "3": "An einem seiner Köpfe hatte das Tier eine schwere, ja tödliche Verletzung. Aber seine Todeswunde wurde geheilt, und die ganze Welt folgte ihm mit staunender Bewunderung.",
        "4": "Den Drachen beteten sie an, weil er dem Tier die Macht gegeben hatte. Und das Tier beteten sie an, weil sie sagten: \"Wer kann sich denn mit dem Tier vergleichen? Wer kann es überhaupt mit ihm aufnehmen?\"",
        "5": "42 Monate lang durfte es seinen Einfluss ausüben und anmaßende gotteslästerliche Reden führen. Niemand hinderte es daran.",
        "6": "Es riss sein Maul auf und stieß Lästerungen gegen Gott aus, es verhöhnte seinen Namen und sein Heiligtum und alle, die im Himmel wohnen.",
        "7": "Es wurde ihm erlaubt, mit allen Menschen Krieg zu führen, mit allen, die zu Gott gehören – und sie zu besiegen. Über jeden Stamm und jedes Volk, jede Sprache und jede Kultur durfte es seine Macht ausüben.",
        "8": "Alle Menschen auf der Erde werden das Tier anbeten, alle, außer denen, deren Namen seit Gründung der Welt im Lebensbuch des geopferten Lammes stehen.",
        "9": "Wer hören will, achte auf das, was gesagt wird!",
        "10": "Wenn einer zur Gefangenschaft bestimmt ist, kommt er in Gefangenschaft. Wer für den Tod durch das Schwert bestimmt ist, wird mit dem Schwert getötet werden. Hier zeigt sich dann die Glaubenstreue und Standhaftigkeit der Menschen, die zu Christus gehören.",
        "11": "Dann sah ich ein anderes Tier aus der Erde heraufsteigen. Es hatte zwei Hörner wie ein Lamm, aber es redete wie ein Drache.",
        "12": "Es handelte unter Aufsicht und mit Vollmacht des ersten Tieres und brachte die ganze Erde und alle ihre Bewohner dazu, das erste Tier anzubeten, das Tier, dessen Todeswunde geheilt worden war.",
        "13": "Dieses zweite Tier tat große Wunder und ließ vor den Augen der Menschen sogar Feuer vom Himmel fallen.",
        "14": "Mit Hilfe dieser außergewöhnlichen Dinge, zu denen es das erste Tier befähigt hatte, verführte es die Bewohner der Erde. Es überredete sie, ein Standbild zu Ehren jenes ersten Tieres zu errichten, das von einem Schwert tödlich getroffen und doch wieder lebendig geworden war.",
        "15": "Es bekam sogar die Macht, das Standbild des ersten Tieres zu beleben, sodass das Standbild reden konnte und bewirkte, dass alle getötet wurden, die das Bild nicht anbeteten.",
        "16": "Außerdem sorgte das zweite Tier dafür, dass sich alle Menschen – Hohe und Niedrige, Reiche und Arme, Freie und Sklaven – ein Kennzeichen an ihre rechte Hand oder ihre Stirn machen ließen.",
        "17": "Ohne dieses Kennzeichen – das war der Name des Tieres beziehungsweise die Zahl seines Namens – würde niemand mehr etwas kaufen oder verkaufen können.",
        "18": "Hier ist Weisheit gefragt! Wer Verstand hat, kann herausfinden, was die Zahl des Tieres bedeutet, denn sie steht für den Namen eines Menschen. Die Zahl ist 666."
    },
    "14": {
        "1": "Dann sah ich das Lamm auf dem Zionsberg stehen. Bei ihm waren 144,000 Menschen, auf deren Stirn sein Name und der Name seines Vaters geschrieben waren.",
        "2": "Dann hörte ich vom Himmel her ein Geräusch, das wie das Tosen einer mächtigen Brandung und wie ein gewaltiges Donnerrollen klang, sich aber gleichzeitig wie Gesang von Harfenspielern anhörte.",
        "3": "Dieser große Chor sang ein neues Lied vor dem Thron, den vier mächtigen Wesen und den Ältesten. Und niemand außer den 144,000 Erlösten, die Gott aus der Menschheit freigekauft hat, konnte dieses Lied lernen.",
        "4": "Sie hatten sich dem Lamm gegenüber durch keinerlei Untreue schuldig gemacht, sondern sich wie eine Braut unberührt und rein gehalten, und sie folgen dem Lamm, wohin es auch geht. Als Erste waren sie für Gott und das Lamm freigekauft worden.",
        "5": "Sie sind ohne Tadel. Keine Falschheit kann ihnen vorgeworfen werden.",
        "6": "Dann sah ich einen anderen Engel hoch am Himmel fliegen. Er hatte eine Botschaft von ewiger Bedeutung, die er allen Bewohnern der Erde verkündigen sollte, allen Völkern und Stämmen, den Menschen jeder Sprache und Kultur.",
        "7": "Laut rief er: \"Fürchtet Gott und gebt ihm die Ehre, die ihm gebührt! Denn jetzt ist die Stunde gekommen, in der er Gericht hält. Betet den an, der Himmel und Erde, das Meer und alle Quellen geschaffen hat!\"",
        "8": "Ein zweiter Engel folgte dem ersten und rief: \"Gefallen! Gefallen ist das mächtige Babylon, das mit dem Wein seiner leidenschaftlichen sexuellen Unmoral alle Völker getränkt hat.\"",
        "9": "Ein dritter Engel folgte ihnen und rief mit lauter Stimme: \"Jeder, der das Tier und sein Standbild anbetet und das Kennzeichen seines Namens an Hand oder Stirn anbringen lässt,",
        "10": "der wird den Wein von Gottes furchtbarem Grimm trinken müssen, der unvermischt im Becher seines Zorns eingeschenkt ist. Vor den Augen des Lammes und der heiligen Engel wird er mit Feuer und brennendem Schwefel gequält werden.",
        "11": "Der Rauch ihrer Qual steigt auf in ewigen Zeiten. Keiner von denen, die sich vor dem Tier und seinem Standbild niederwerfen und das Kennzeichen seines Namens annehmen, wird jemals Ruhe finden, weder am Tag noch in der Nacht.\"",
        "12": "Hier muss sich die Standhaftigkeit der Menschen bewähren, die zu Gott gehören, die seine Gebote befolgen und auf Jesus vertrauen.",
        "13": "Aus dem Himmel hörte ich eine Stimme sagen: \"Schreibe: Wie glücklich sind die, die dem Herrn verbunden bleiben bis zum Tod! Das gilt jetzt mehr als je zuvor.\" – \"Ja\", erwiderte der Geist, \"sie werden sich von aller Mühe ausruhen, denn ihre Taten sprechen für sie.\"",
        "14": "Dann sah ich eine leuchtende Wolke, auf der jemand thronte, der wie ein Menschensohn aussah. Er trug einen goldenen Kranz und hielt eine scharfe Sichel in seiner Hand.",
        "15": "Nun kam ein Engel aus dem Tempel und rief dem auf der Wolke mit lauter Stimme zu: \"Gebrauche deine Sichel, denn die Zeit zum Ernten ist gekommen! Die Erde ist überreif dafür.\"",
        "16": "Da ließ der, der auf der Wolke saß, seine Sichel über die Erde fahren und erntete sie ab.",
        "17": "Noch ein anderer Engel kam aus dem Tempel im Himmel. Auch er hatte eine scharfe Sichel bei sich.",
        "18": "Schließlich kam ein Engel vom Altar – es war der, dem das Feuer unterstellt war – und rief dem, der die scharfe Sichel hatte, mit lauter Stimme zu: \"Lass deine scharfe Sichel schneiden und ernte die Trauben vom Weinstock der Erde! Seine Beeren sind reif.\"",
        "19": "Da ließ der Engel seine Sichel durch den Weinstock der Erde fahren und erntete ihn ab. Die Trauben warf er in die große Weinpresse des göttlichen Zorns",
        "20": "außerhalb der Stadt. Als sie gekeltert wurden, schoss das Blut aus der Presse bis an die Zügel der Pferde hoch. Das Ganze erstreckte sich 300 Kilometer weit."
    },
    "15": {
        "1": "Dann sah ich im Himmel eine andere außergewöhnliche Erscheinung: Sieben Engel standen bereit, die letzten sieben Plagen auszulösen, die den Zorn Gottes vollenden.",
        "2": "Dazu sah ich so etwas wie ein Meer, wie Glas mit Feuer gemischt. An seinem Rand sah ich die stehen, die dem Tier standgehalten hatten. Sie hatten sein Bild nicht verehrt und seine Namenszahl abgelehnt. Nun hielten sie Gottesharfen in der Hand",
        "3": "und sangen das Lied von Mose, dem Diener Gottes, das Lied vom Gotteslamm. \"Groß und wunderbar sind deine Werke, Herr, du allmächtiger Gott! Gerecht und wahrhaftig ist alles, was du planst und tust, du König aller Völker!",
        "4": "Wer sollte dich nicht fürchten, Herr, und deinen Namen nicht preisen? Denn du allein bist heilig! Alle Völker werden kommen und niederfallen vor dir, sie beten dich an, weil dein gerechtes Tun offen vor ihnen liegt.\"",
        "5": "Dann sah ich, wie der Tempel, also das Offenbarungszelt im Himmel, sich öffnete,",
        "6": "und die sieben Engel mit den sieben schrecklichen Plagen kamen heraus. Jeder war in ein strahlend weißes Leinengewand gehüllt und hatte ein breites goldenes Band um die Brust.",
        "7": "Eines der vier mächtigen Wesen reichte den Engeln sieben goldene Schalen, die mit dem Zorn Gottes gefüllt waren, dem Zorn dessen, der in alle Ewigkeit lebt.",
        "8": "Da füllte sich der ganze Tempel mit einem Rauch von Herrlichkeit und Gottesmacht. Niemand konnte ihn betreten, bis die sieben Plagen der sieben Engel zu Ende waren."
    },
    "16": {
        "1": "Dann hörte ich aus dem Inneren des Tempels eine laute Stimme, die den sieben Engeln zurief: \"Geht jetzt und gießt die sieben Schalen mit dem Glutfluss von Gottes Zorn über die Erde!\"",
        "2": "Der erste Engel trat vor und goss seine Schale über dem Festland aus. Da brach an allen Menschen, die das Malzeichen des Tieres trugen und sein Standbild anbeteten, ein schlimmes bösartiges Geschwür aus.",
        "3": "Der zweite Engel trat vor und goss seine Schale über das Meer. Da wurde das Wasser im Meer zu Blut, das wie das geronnene Blut einer Leiche aussah; und alle Lebewesen dort gingen zugrunde.",
        "4": "Der dritte Engel goss seine Schale über die Flüsse und Quellen aus. Da wurde alles Wasser zu Blut,",
        "5": "und ich hörte den Engel, dem die Gewässer unterstellt waren, sagen: \"Gerecht bist du, heiliger Gott, der da ist und schon immer war! Dein Gericht ist gerecht!",
        "6": "Denn Blut hast du denen zu trinken gegeben, die das Blut deiner Heiligen und Propheten vergossen haben. Sie haben es nicht anders verdient!\"",
        "7": "Dann hörte ich eine Stimme vom Altar her sagen: \"Ja, Herr, du allmächtiger Gott! Wahr und gerecht sind die Urteile deines Gerichts.\"",
        "8": "Der vierte Engel goss seine Schale über der Sonne aus, um die Menschen mit ihrer Glut zu verbrennen.",
        "9": "Die Hitze war so schlimm, dass es ihnen die Haut am Körper versengte. Da lästerten sie Gott, der für diese Plagen verantwortlich war, und verfluchten seinen Namen. Doch ihre Einstellung änderten sie nicht und verweigerten Gott die Ehre, die ihm gebührt.",
        "10": "Der fünfte Engel goss seine Schale über den Thron des Tieres aus. Da wurde sein ganzes Reich in Finsternis gestürzt, und die Menschen zerbissen sich die Zunge vor Qual.",
        "11": "Sie verfluchten Gott im Himmel wegen ihrer Schmerzen und ihrer Geschwüre. Doch ihre Taten bereuten sie nicht.",
        "12": "Der sechste Engel goss seine Schale über den großen Strom aus, den Euphrat. Da trocknete dieser völlig aus, so dass ein Weg für die Könige gebahnt wurde, die vom Osten her kommen würden.",
        "13": "Dann sah ich aus dem Rachen des Drachen, aus dem Maul des Tieres und aus dem Mund des falschen Propheten drei böse Geister hervorkommen, die wie Frösche aussahen.",
        "14": "Es waren Dämonen, die Aufsehen erregende Wunder taten. Sie brachten alle Könige der Erde dazu, ihre Truppen zu dem Krieg aufmarschieren zu lassen, der an jenem großen Tag des allmächtigen Gottes beginnt.",
        "15": "– \"Passt auf! Ich komme so unerwartet wie ein Dieb. Wie glücklich wird dann der sein, der wach geblieben ist und seine Kleidung bei sich hat. Dann wird er nicht nackt dastehen und sich schämen müssen, wenn ich komme.\" –",
        "16": "Jene Geistesmacht führte die Könige an einen Ort, der auf Hebräisch Harmagedon, Berg von Megiddo, heißt.",
        "17": "Der siebte Engel goss seine Schale in die Luft aus. Da verkündete eine mächtige Stimme vom Thron aus dem Tempel: \"Jetzt ist alles geschehen!\"",
        "18": "Blitze zuckten über dem Himmel auf, der Donner krachte und dröhnte und ein schreckliches Beben erschütterte die Erde. Seit Menschen auf der Erde leben, hat es noch nie ein so schweres Erdbeben gegeben.",
        "19": "Die große Stadt zerfiel in drei Teile und die Städte aller Völker wurden zerstört. Jetzt wurde mit dem großen Babylon abgerechnet. Gott ließ es den Becher trinken, der mit dem Wein seines unerbittlichen Zorns gefüllt war.",
        "20": "Alle Inseln versanken im Meer und auch die Berge verschwanden spurlos.",
        "21": "Ein furchtbarer Hagel ging über die Erde nieder; zentnerschwer fielen die Eisbrocken vom Himmel auf die Menschen. Und die Menschen verfluchten Gott wegen des Hagels, der eine außerordentlich schreckliche Plage für sie war."
    },
    "17": {
        "1": "Nun trat einer von den sieben Engeln, die die Schalen gehabt hatten, zu mir. \"Komm\", sagte er, \"ich will dir zeigen, wie Gott die große Hure richten wird, die an den vielen Wasserläufen thront,",
        "2": "mit der sich die Mächtigen der Erde eingelassen haben, und die mit dem Wein ihrer sexuellen Unmoral die ganze Menschheit betrunken gemacht hat.\"",
        "3": "Da versetzte mich der Engel im Geist in eine Wüste. Dort sah ich eine Frau auf einem scharlachroten Tier sitzen, das über und über mit Namen bedeckt war, die Gott beleidigen sollten. Es hatte sieben Köpfe und zehn Hörner.",
        "4": "Die Frau selbst trug Purpur und scharlachrote Kleidung, und alles an ihr glitzerte von Gold, Edelsteinen und Perlen. Sie hielt einen goldenen Becher in der Hand, der von Abscheulichkeiten überquoll und mit dem widerlichen Dreck ihrer sexuellen Unmoral gefüllt war.",
        "5": "Ein geheimnisvoller Name stand auf ihrer Stirn: \"Babylon die Große, die Mutter aller Huren und Abscheulichkeiten der Erde.\"",
        "6": "Ich sah, dass die Frau betrunken war, berauscht vom Blut der Menschen, die Gott geheiligt hat und die als Zeugen für Jesus einstanden. Erstaunt und sehr verwundert blickte ich sie an.",
        "7": "\"Warum bist du so erstaunt?\", fragte mich der Engel. \"Ich werde dir zeigen, was das Geheimnis dieser Frau ist und was sich hinter dem Tier mit den sieben Köpfen und zehn Hörnern verbirgt, auf dem sie sitzt.",
        "8": "Das Tier, das du gesehen hast, war schon einmal da. Jetzt ist es nicht mehr da, aber es wird wieder aus dem Abgrund heraufsteigen, um dann endgültig ins Verderben zu gehen. Alle Bewohner der Erde – alle außer denen, deren Namen seit Gründung der Welt im Lebensbuch stehen – werden über die Rückkehr des Tieres staunen, das schon einmal da war.",
        "9": "Hier braucht es einen Verstand mit Weisheit ‹von Gott›. Die sieben Köpfe bedeuten zunächst die sieben Hügel, auf denen die Frau thront. Gleichzeitig stehen sie für sieben Könige,",
        "10": "von denen fünf schon gestürzt sind. Einer ist gerade an der Macht und der letzte ist noch nicht gekommen. Wenn er dann kommt, wird er nur eine kurze Zeit herrschen.",
        "11": "Und das Tier, das schon einmal da war, ist der achte König, aber zugleich auch einer von den sieben, und es läuft seinem Untergang entgegen.",
        "12": "Die zehn Hörner, die du gesehen hast, sind zehn Könige, die ihre Herrschaft noch nicht angetreten haben. An der Seite des Tieres werden sie für eine Stunde königliche Macht erhalten.",
        "13": "Alle verfolgen sie das gleiche Ziel und stellen ihre Macht und ihren ganzen Einfluss dem Tier zur Verfügung.",
        "14": "Gemeinsam werden sie gegen das Lamm Krieg führen. Doch das Lamm wird sie besiegen, denn es ist Herr über alle Herren und König über alle Könige. Und bei ihm sind die, die Gott berufen und ausgewählt hat, seine Treuen.\"",
        "15": "Und weiter erklärte mir der Engel: \"Die Wasserläufe, die du gesehen hast, an denen die Hure thront, bedeuten Scharen von Menschen aus Völkern, Sprachen und Kulturen.",
        "16": "Und die zehn Hörner, die du gesehen hast, und das Tier selbst werden von Hass auf die Hure erfüllt sein. Sie werden sie verwüsten und nackt dastehen lassen. Zuletzt werden sie ihr Fleisch fressen und alles verbrennen, was von ihr übrig bleibt.",
        "17": "Denn Gott hat ihnen den Plan eingegeben, mit dem Tier gemeinsame Sache zu machen und ihm ihre Herrschaftsgewalt zu überlassen, bis die Worte Gottes erfüllt sind.",
        "18": "Die Frau, die du gesehen hast, ist die große Stadt, die über alle Könige der Erde herrscht.\""
    },
    "18": {
        "1": "Danach sah ich einen anderen Engel vom Himmel herabkommen. Er war mit großer Vollmacht ausgestattet, und die Erde wurde von seiner Herrlichkeit erleuchtet.",
        "2": "Er rief mit mächtiger Stimme: \"Babylon ist gefallen! Ja, gefallen ist die große Stadt! Sie ist zu einer Behausung für Dämonen geworden, zu einem Schlupfwinkel für böse Geister aller Art, zu einem Tummelplatz für alles unreine und Abscheu erregende Getier.",
        "3": "Alle Völker haben von dem schweren Wein ihrer gierigen sexuellen Unmoral getrunken. Die Könige der Erde haben es mit ihr getrieben, und die Kaufleute der Welt sind durch ihren verschwenderischen Luxus reich geworden.\"",
        "4": "Dann hörte ich eine andere Stimme aus dem Himmel sagen: \"Verlass die Stadt, mein Volk! Komm heraus, damit du nicht in ihre Sünden verstrickt und von ihren Plagen getroffen wirst!",
        "5": "Denn ihre Sünden türmen sich bis zum Himmel auf, und Gott wird sie dafür zur Rechenschaft ziehen.",
        "6": "Vergeltet ihr, wie sie auch euch vergolten hat! Zahlt ihr doppelt heim, was sie anderen antat! Gießt ihr ein doppelt so starkes Getränk in ihren eigenen Kelch!",
        "7": "Gebt ihr so viel Qual und Trauer, wie sie in Prunk und Luxus schwelgte! Denn sie dachte ja: 'Ich bin Königin auf meinem Thron! Ich bin keine hilflose Witwe, mir wird nichts geschehen!'",
        "8": "Darum werden die Nöte des Todes und der Trauer und des Hungers an einem einzigen Tag über sie kommen, und sie wird in Schutt und Asche gelegt. Denn stark ist Gott, der Herr, der sie gerichtet hat.",
        "9": "Wenn dann die Mächtigen der Erde, die sich mit ihr eingelassen und das ausschweifende Leben in vollen Zügen genossen haben, den Rauch sehen, der von den brennenden Trümmern aufsteigt, werden sie klagen und jammern.",
        "10": "'Was für ein Unglück!', werden sie rufen und aus Furcht vor ihrer Qual weit entfernt stehen bleiben. 'Was für ein Unglück! Babylon, du große und mächtige Stadt! In einer einzigen Stunde kam das Unglück über dich!'",
        "11": "Auch die Kaufleute in aller Welt werden um sie klagen und trauern, denn niemand kauft ihnen ihre Waren mehr ab:",
        "12": "das Gold und das Silber, die Edelsteine und Perlen, die Gewänder aus Seide und feinem Leinen, die Purpurstoffe und scharlachroten Kleider, das Sandelholz, die Gegenstände aus Elfenbein, Edelholz, Bronze, Eisen und Marmor,",
        "13": "den Zimt und den Haarbalsam, Duftstoffe, Salböl und Weihrauch, Wein und Olivenöl, Feinmehl und Weizen, Rinder und Schafe, Pferde und Wagen, Leibeigene und Sklaven.",
        "14": "'Auch die Früchte, die du so sehr liebtest, gibt es nicht mehr! Dahin ist all dein Glanz und deine Pracht! Und nichts davon kommt jemals zurück!'",
        "15": "So werden die Kaufleute jammern, die durch diese Dinge reich geworden sind. Aus Furcht vor ihrer Qual stehen sie in der Ferne und weinen vor Trauer und Schmerz.",
        "16": "'Was für ein Unglück!', werden sie rufen. 'Was für ein Unglück! Diese mächtige Stadt! Einst war sie in feines Leinen gekleidet, in Purpur und scharlachrote Stoffe gehüllt und mit Gold, Edelsteinen und Perlen geschmückt.",
        "17": "In einer einzigen Stunde ist solch ein Reichtum verschwunden!' Und alle Steuerleute, alle Handelsreisenden, alle Matrosen, überhaupt alle, die auf See ihren Unterhalt verdienten, beobachteten von fern",
        "18": "den Rauch, der von den brennenden Trümmern aufstieg, und riefen: 'An diese großartige Stadt kam keine andere heran!'",
        "19": "Vor Trauer streuten sie sich Staub auf den Kopf und klagten weinend: 'Was für ein Unglück! Wie furchtbar für diese große Stadt. Durch ihre Schätze sind alle reich geworden, die Schiffe auf See unterhielten. Und nun wurde sie in einer einzigen Stunde vernichtet!'",
        "20": "Ihr Himmel, jubelt über ihren Untergang! Freut euch ihr Heiligen, freut euch Apostel und Propheten! Für alles, was sie euch antat, hat Gott nun sein Urteil an ihr vollstreckt!\"",
        "21": "Dann hob ein starker Engel einen Felsbrocken hoch, der so groß wie ein Mühlstein war, und warf ihn ins Meer. Dabei sagte er: \"Genauso geht es Babylon, der großen Stadt. Mit Wucht wird sie in die Tiefe gestürzt und nie mehr gefunden.",
        "22": "Nie mehr wird man Harfenklänge und Gesang in deinen Mauern hören, nie mehr Flötenspiel und Trompetenklang! Nie mehr wird ein Handwerker in dir arbeiten, und nie mehr wird das Geräusch der Mühle gehört.",
        "23": "Das Licht der Lampen ist für immer erloschen; und der Jubel von Bräutigam und Braut für immer verstummt. Denn deine Kaufleute waren die Großen der Welt und mit deiner Magie hast du alle Völker verführt.",
        "24": "Blut fand man in ihr, das Blut von Propheten und von Menschen, die Gottes Eigentum sind, und von allen, die man auf der Erde umgebracht hat.\""
    },
    "19": {
        "1": "Danach hörte ich im Himmel einen gewaltigen Jubelchor: \"Halleluja, gepriesen sei Gott! Jede Rettung kommt von ihm, von unserem Gott! Und ihm gehört die Ehre und die Macht!",
        "2": "Denn seine Urteile sind wahr und gerecht. Die große Hure hat er hingerichtet, die mit ihrer Unmoral die ganze Erde verdarb, und das Blut seiner Diener hat er an ihr gerächt.\"",
        "3": "Und von neuem klangen die Jubelrufe auf: \"Halleluja, gepriesen sei Gott! Der Rauch dieser Stadt steigt auf in alle Ewigkeit!\"",
        "4": "Auch die 24 Ältesten und die vier mächtigen Wesen beteten Gott an. Sie fielen vor seinem Thron nieder und sagten: \"Amen! Halleluja!\"",
        "5": "Dann war eine Stimme zu hören, die vom Thron her kam und rief: \"Lobt unseren Gott, ihr Geringen und ihr Großen, alle, die ihr ihm gehört und ihm ehrfürchtig dient!\"",
        "6": "Dann hörte ich einen Jubelgesang, der von einem vielstimmigen Chor zu kommen schien. Er klang wie das Tosen einer starken Brandung und gleichzeitig wie lautes Donnerrollen: \"Halleluja, gepriesen sei Gott, denn es herrscht unser Herr, der allmächtige Gott!",
        "7": "Wir wollen uns freuen und jubeln und ihm die Ehre geben! Denn jetzt ist die Hochzeit des Lammes gekommen und seine Braut hat sich dafür schön gemacht.",
        "8": "Strahlend weißes Leinen hatte Gott ihr dazu geschenkt.\" Denn die feine Leinwand steht für die gerechten Taten der Heiligen.",
        "9": "Dann befahl mir der Engel: \"Schreibe: Glücklich sind alle, die zum Hochzeitsmahl des Lammes eingeladen sind!\" Und er fügte hinzu: \"Das sind Gottes zuverlässige Worte.\"",
        "10": "Da warf ich mich ihm zu Füßen, um ihn anzubeten. Aber er sagte zu mir: \"Tu das nicht! Ich bin auch nur ein Diener ‹Gottes› wie du und deine Brüder, denen Jesus das bezeugt. Bete Gott an! Denn was Jesus bezeugt, ist das, was der Geist eingibt.\"",
        "11": "Dann sah ich den Himmel geöffnet und auf einmal erschien ein weißes Pferd. Der Reiter heißt Der Treue und Wahrhaftige. Er führt einen gerechten Krieg und richtet gerecht.",
        "12": "Seine Augen lodern wie Feuerflammen auf seinem Kopf trägt er eine Krone, die aus vielen Diademen besteht, und an seiner Stirn steht ein Name, dessen Bedeutung nur er selber kennt.",
        "13": "Sein Mantel ist voller Blut und sein Name lautet: Das Wort Gottes.",
        "14": "Die Heere des Himmels folgen ihm. Sie reiten auf weißen Pferden und sind in reines weißes Leinen gekleidet.",
        "15": "Aus dem Mund des Reiters kommt ein scharfes Schwert heraus, mit dem er die Völker besiegen wird. Und mit eisernem Zepter wird er über sie herrschen. Er vollstreckt den furchtbaren Zorn des allmächtigen Gottes und wird die Völker wie reife Trauben in der Kelter zertreten.",
        "16": "Auf der Seite seines Mantels steht noch ein Name: \"König der Könige und Herr der Herren!\"",
        "17": "Dann sah ich einen Engel in der Sonne stehen, der allen Vögeln, die oben am Himmel flogen, laut zurief: \"Kommt her! Sammelt euch zum großen Mahl, das Gott euch gibt.",
        "18": "Fresst euch satt am Fleisch von Königen und Generälen, fresst das Fleisch von Mächtigen, von Pferden und ihren Reitern, fresst das Fleisch von Freien und Sklaven, von Großen und Geringen!\"",
        "19": "Schließlich sah ich, wie das Tier die Könige der Erde zusammenbrachte und wie sie mit ihren Heeren gegen den Reiter auf dem weißen Pferd und seinem Heer in den Kampf zogen.",
        "20": "Doch das Tier wurde gefangen genommen und mit ihm der falsche Prophet, der unter den Augen des Tieres all die auffälligen Wunder getan hatte. Dadurch waren alle verführt worden, die das Zeichen des Tieres angenommen und sein Standbild angebetet hatten. Beide wurden lebendig in den See geworfen, der mit brennendem Schwefel gefüllt ist, den Feuersee.",
        "21": "Alle anderen wurden mit dem Schwert umgebracht, das aus dem Mund des Reiters auf dem weißen Pferd kam. Und alle Vögel fraßen sich an ihrem Fleisch satt."
    },
    "20": {
        "1": "Dann sah ich einen Engel aus dem Himmel herabsteigen, der den Schlüssel zum Abgrund und eine schwere Kette in der Hand hatte.",
        "2": "Er packte den Drachen, die uralte Schlange, die auch Teufel oder Satan genannt wird, und legte ihn für tausend Jahre in Ketten.",
        "3": "Dann warf er ihn in den Abgrund, verschloss den Eingang und versiegelte ihn, sodass der Teufel bis zum Ablauf der tausend Jahre die Völker nicht mehr verführen konnte. Danach muss er ‹nach dem Willen Gottes› noch einmal für kurze Zeit losgelassen werden.",
        "4": "Dann sah ich Throne und sah, wie alle, die darauf Platz nahmen, ermächtigt wurden, Gericht zu halten. Ich sah auch die Seelen derer, die enthauptet worden waren, weil sie sich zur Botschaft von Jesus bekannt hatten und ‹öffentlich› für Gottes Wort eingetreten waren. Sie hatten das Tier und sein Standbild nicht angebetet und dessen Kennzeichen für Hand oder Stirn nicht angenommen. Jetzt lebten sie und herrschten tausend Jahre mit dem Messias.",
        "5": "Das ist die erste Auferstehung. Die übrigen Toten wurden erst nach dem Ende der tausend Jahre lebendig.",
        "6": "Alle, die an dieser ersten Auferstehung teilhaben dürfen, sind glücklich zu preisen. Sie gehören zu Gottes heiligem Volk und der zweite Tod wird keine Macht über sie haben. Sie werden Gott und Christus als Priester dienen und die tausend Jahre zusammen mit Christus regieren.",
        "7": "Wenn die tausend Jahre dann vorüber sind, wird Satan aus seinem Gefängnis freigelassen.",
        "8": "Er wird in alle vier Himmelsrichtungen losziehen, um Gog und Magog, die Völker der ganzen Erde, zu verführen. Er wird sie dazu bringen, gemeinsam in den Krieg zu ziehen. Ihre Zahl wird sein wie der Sand am Meer.",
        "9": "Sie überzogen die ganze Fläche der Erde mit ihren Heeren und umringten das Lager der Heiligen und die geliebte Stadt. Doch dann wird Feuer vom Himmel fallen und sie vernichten.",
        "10": "Und der Teufel, der sie verführt hatte, wurde in den See von Feuer und Schwefel geworfen, wo auch das Tier und der Falschprophet sind. So werden sie für immer und ewig, Tag und Nacht, gequält.",
        "11": "Dann sah ich einen großen weißen Thron und sah, wie Erde und Himmel vor dem, der darauf saß, entflohen. Sie konnten vor ihm nicht bestehen und verschwanden im Nichts.",
        "12": "Vor dem Thron aber sah ich die Toten stehen, vom Größten bis zum Kleinsten. Es wurden Bücher aufgeschlagen, in denen alle Taten aufgeschrieben sind, und dann noch ein anderes Buch: das Buch des Lebens. Anschließend wurde Gericht über die Toten gehalten. Jeder bekam das Urteil, das seinen Taten entsprach.",
        "13": "Auch das Meer gab seine Toten heraus, ebenso der Tod und sein Reich. Jeder von diesen Toten bekam das Urteil, das seinen Taten entsprach.",
        "14": "Schließlich wurde der Tod selbst in den Feuersee geworfen und das Totenreich dazu. Das ist der zweite Tod.",
        "15": "Wenn also jemand nicht ‹mehr› im Buch des Lebens stand, wurde er in den Feuersee geworfen."
    },
    "21": {
        "1": "Dann sah ich einen ganz neuen Himmel und eine völlig neuartige Erde. Der erste Himmel und die erste Erde waren vergangen, auch das Meer gab es nicht mehr.",
        "2": "Ich sah, wie die Heilige Stadt, das neue Jerusalem, von Gott aus dem Himmel herabkam. Sie war schön wie eine Braut, die sich für ihren Bräutigam geschmückt hat.",
        "3": "Und vom Thron her hörte ich eine laute Stimme rufen: \"Jetzt ist Gottes Wohnung bei den Menschen. Unter ihnen wird er wohnen und sie alle werden seine Völker sein. Gott selbst wird als ihr Gott bei ihnen sein.",
        "4": "Jede Träne wird er von ihren Augen wischen. Es wird keinen Tod mehr geben und auch keine Traurigkeit, keine Klage, keinen Schmerz. Was früher war, ist für immer vorbei.\"",
        "5": "\"Seht, ich mache alles ganz neu!\", sagte der, der auf dem Thron saß, und wandte sich dann zu mir: \"Schreib diese Worte auf! Sie sind zuverlässig und wahr.\"",
        "6": "Und er fuhr fort: \"Nun ist alles erfüllt. Ich bin das Alpha und das Omega, der Ursprung und das Ziel. Wer Durst hat, dem werde ich umsonst zu trinken geben: Wasser aus der Quelle des Lebens.",
        "7": "Wer den Kampf besteht, wird das alles erben. Ich werde sein Gott und er wird mein Sohn sein.",
        "8": "Aber die Feiglinge, die Treulosen und die, die sich mit abscheulichen Dingen abgeben, die sexuell unmoralisch leben, und alle, die okkulte Praktiken ausüben, die Mörder, die Götzendiener und alle Lügner – sie erwartet der See, der mit brennendem Schwefel gefüllt ist, das heißt: der zweite Tod.\"",
        "9": "Einer von den sieben Engeln, die die Schalen mit den sieben letzten Plagen ausgeschüttet hatten, kam zu mir und sagte: \"Komm her! Ich will dir die Braut des Lammes zeigen, die Frau, die zu ihm gehört.\"",
        "10": "Dann nahm er mich im Geist auf einen sehr hohen Berg mit und zeigte mir die heilige Stadt Jerusalem, die von Gott aus dem Himmel herabgekommen war.",
        "11": "Gottes Herrlichkeit erfüllte sie, und sie leuchtete wie ein überaus kostbarer Edelstein, sie funkelte wie ein Diamant.",
        "12": "Die Stadt war von einer sehr hohen Mauer umgeben und hatte zwölf Tore, auf denen zwölf Namen standen, die Namen der zwölf Stämme Israels. Zwölf Engel standen davor.",
        "13": "Drei Tore gingen nach Osten, drei nach Norden, drei nach Süden und drei nach Westen.",
        "14": "Die Stadtmauer war auf zwölf Grundsteinen errichtet, auf denen ebenfalls zwölf Namen standen, die Namen der zwölf Apostel des Lammes.",
        "15": "Der Engel, der mit mir sprach, hatte einen goldenen Messstab in der Hand, womit er die Stadt, die Tore und ihre Mauern ausmessen wollte.",
        "16": "Die Stadt war quadratisch angelegt, Länge und Breite waren gleich. Als er die Stadt ausmaß, ergaben sich je 2,200 Kilometer in Länge, Breite und Höhe.",
        "17": "Dann maß er die Höhe der Stadtmauer. Sie betrug, nach menschlichem Maß gerechnet, wie der Engel es gebrauchte, 72 Meter.",
        "18": "Die Mauer bestand aus Diamant. Die Stadt selbst war aus reinem Gold gebaut, das wie Kristallglas schimmerte.",
        "19": "Die Fundamente der Stadtmauer waren mit verschiedenartigen kostbaren Steinen geschmückt. Beim ersten Grundstein war es Diamant, beim zweiten Saphir, beim dritten Rubin, beim vierten Smaragd,",
        "20": "beim fünften Achat, beim sechsten Karneol, beim siebten Chrysolith, beim achten Beryll, beim neunten Topas, beim zehnten Chrysopras, beim elften Hyazinth, beim zwölften Amethyst.",
        "21": "Die zwölf Stadttore bestanden aus zwölf Perlen, jedes Tor war aus einer einzigen Perle geformt. Die Hauptstraße war aus reinem Gold, durchsichtig wie Kristallglas.",
        "22": "Einen Tempel sah ich nicht in der Stadt. Der Herr selbst ist ihr Tempel, der allmächtige Gott und das Lamm.",
        "23": "Die Stadt braucht weder Sonne noch Mond, damit es hell in ihr ist. Sie wird von der Herrlichkeit Gottes überstrahlt und ihre Leuchte ist das Lamm.",
        "24": "Die Völker der Erde werden in ihrem Licht leben, und ihre Könige werden kommen und ihren Reichtum in die Stadt tragen.",
        "25": "Ihre Tore werden den ganzen Tag offenstehen. Sie werden immer offen sein, weil es dort keine Nacht mehr gibt.",
        "26": "Die herrlichsten Schätze und Kostbarkeiten der Völker werden in die Stadt gebracht.",
        "27": "In diese Stadt wird nie etwas Unreines kommen. Wer immer wieder tut, was Gott verabscheut, wer vom Lügen bestimmt ist, wird niemals dort hineinkommen, sondern nur die, die im Lebensbuch des Lammes stehen."
    },
    "22": {
        "1": "Der Engel zeigte mir auch einen kristallklaren Strom, der aus dem Thron Gottes und des Lammes hervorkam. Es war der Strom mit dem Wasser des Lebens.",
        "2": "Er floss in der Mitte der Hauptstraße durch die Stadt. An seinen beiden Ufern wuchs der Baum des Lebens, der zwölfmal im Jahr Früchte trägt, jeden Monat einmal, und dessen Blätter zur Gesundheit der Völker dienen.",
        "3": "Dort wird es nichts mehr geben, was unter dem Fluch Gottes steht. Der Thron Gottes und des Lammes wird in der Stadt sein, und ihre Bewohner werden ihm als Priester dienen.",
        "4": "Sie werden sein Gesicht sehen und seinen Namen an ihrer Stirn tragen.",
        "5": "Dann wird es keine Nacht mehr geben, sodass sie keine Beleuchtung mehr brauchen, nicht einmal das Sonnenlicht. Denn Gott, der Herr, wird über ihnen leuchten, und sie werden königlich herrschen für immer und ewig.",
        "6": "Er versicherte mir: \"Alles, was dir gesagt wurde, ist zuverlässig und wahr. Der Herr selbst – der Gott, dessen Geist durch die Propheten spricht – hat seinen Engel gesandt, um seinen Dienern zu zeigen, was bald geschehen muss.\"",
        "7": "‹Und Jesus sagte:› \"Gebt Acht! Ich komme bald! Jeder, der sich nach den prophetischen Worten dieses Buches richtet, ist glücklich zu nennen.\"",
        "8": "Ich, Johannes, habe alles gesehen und gehört, was hier berichtet ist. Überwältigt von dem, was ich gehört und gesehen hatte, warf ich mich vor dem Engel nieder, der mir dies gezeigt hatte, und wollte ihn anbeten.",
        "9": "Doch er sagte: \"Tu das nicht! Ich bin auch nur ein Diener ‹Gottes› wie du und deine Brüder, die Propheten, und wie alle, die sich nach den Worten dieses Buches richten. Bete Gott an!\"",
        "10": "Dann sagte er zu mir: \"Versiegle dieses Buch nicht! Halte seine prophetischen Worte nicht geheim, denn die Zeit, ‹in der sie sich erfüllen›, ist nah!",
        "11": "Wer Unrecht tut, mag es weiterhin tun, wer an schmutzigen Dingen Gefallen hat, mag sich weiter beschmutzen. Wer aber gerecht ist, soll weiter gerecht handeln, und wer sich Gott geweiht hat, soll das auch weiterhin tun.",
        "12": "Ja, ich komme bald und bringe jedem den Lohn mit, der seinem Werk entspricht.",
        "13": "Ich bin das Alpha und das Omega, der Erste und der Letzte, der Ursprung und das Ziel.\"",
        "14": "Wie glücklich werden dann alle sein, die ihre Kleider gewaschen haben. Die Tore der Stadt werden ihnen offenstehen, und sie haben das Recht, vom Baum des Lebens zu essen.",
        "15": "Doch die Hunde müssen draußen bleiben und mit ihnen alle, die okkulte Praktiken betreiben oder in sexueller Unmoral leben, alle Mörder und Götzenanbeter, überhaupt alle, die sich für die Lüge entschieden haben, die sie lieben und tun.",
        "16": "\"Ich, Jesus, habe meinen Engel gesandt, damit diese Botschaft den Gemeinden bekanntgemacht wird. Ich bin der Wurzelspross und Nachkomme Davids, der glänzende Morgenstern.\"",
        "17": "Der Geist und die Braut rufen: \"Komm!\" Und wer es hört, soll in den Ruf mit einstimmen: \"Komm!\" Und wer Durst hat, der komme. Wer will, der trinke vom Wasser des Lebens! Er bekommt es geschenkt.",
        "18": "Ich erkläre jedem, der die prophetischen Worte dieses Buches hört: \"Wenn jemand etwas zu dem hinzufügt, was hier geschrieben steht, dem wird Gott die Plagen zufügen, die in diesem Buch beschrieben sind.",
        "19": "Und wenn jemand irgendetwas von den prophetischen Worten dieses Buches unterschlägt, dem wird Gott das wegnehmen, was ihm in diesem Buch als Anteil zugesprochen ist, das Recht, in der heiligen Stadt zu wohnen und vom Baum des Lebens zu essen.\"",
        "20": "Der, der sich für die Wahrheit dieser Dinge verbürgt, sagt: \"Ja, ich komme bald!\" – \"Amen, komm doch, Herr Jesus!\"",
        "21": "Die Gnade des Herrn Jesus sei mit allen!"
    }
}