{
    "1": {
        "1": "Voici ce que dit le Maître, fils de David, roi à Jérusalem.",
        "2": "Dérisoire, absolument dérisoire, dit le Maître, oui dérisoire, absolument dérisoire, tout est dérisoire!",
        "3": "Quel avantage l’homme retire-t-il de tout le labeur pour lequel il trime sous le soleil?",
        "4": "Une génération s’en va, une autre vient, et la terre est toujours là.",
        "5": "Le soleil se lève, le soleil se couche, et il aspire à se retrouver à l’endroit d’où il devra de nouveau se lever.",
        "6": "Il va vers le sud, puis il tourne vers le nord, il tourne et tourne encore: ainsi va le vent. Et il reprend les mêmes tours, le vent.",
        "7": "Tous les fleuves vont se jeter dans la mer, mais la mer n’est pas remplie. Les fleuves ne cessent de couler toujours vers le même endroit en suivant leur cours.",
        "8": "Tout est en travail, plus qu’on ne peut le dire. L’œil n’est jamais rassasié de voir. L’oreille n’est jamais remplie de ce qu’elle entend.",
        "9": "Ce qui a été, c’est ce qui sera, et ce qui s’est fait, c’est ce qui se fera: il n’y a rien de nouveau sous le soleil.",
        "10": "Si l’on dit: « Tenez! Voilà quelque chose de nouveau », en fait, cela a déjà existé dans les temps qui nous ont précédés depuis longtemps.",
        "11": "Seulement, on ne se souvient plus de ce qui s’est passé autrefois, et il en sera de même pour ce qui se produira dans l’avenir: ceux qui viendront après n’en auront aucun souvenir.",
        "12": "Moi, le Maître, j’ai été roi d’Israël à Jérusalem.",
        "13": "Et je me suis appliqué à étudier et à examiner par la sagesse tout ce qui se fait sous le soleil. Dieu impose aux hommes de s’appliquer à cette occupation de malheur.",
        "14": "J’ai vu tout ce qui se fait sous le soleil et je suis arrivé à la conclusion que tout est dérisoire: autant courir après le vent.",
        "15": "Ce qui est tordu ne peut être redressé, et ce qui manque ne peut être compté.",
        "16": "Je me suis dit en moi-même: « Voici, j’ai fait augmenter et progresser la sagesse plus qu’aucun de ceux qui ont régné avant moi à Jérusalem. J’ai considéré beaucoup de sagesse et de connaissance. »",
        "17": "Je me suis appliqué à connaître la sagesse et le savoir, ainsi que la folie et la déraison. Et je me suis aperçu que cela aussi, c’est comme courir après le vent.",
        "18": "Car, plus on a de sagesse, plus on a de sujets d’affliction. En augmentant sa connaissance, on augmente ses tourments."
    },
    "2": {
        "1": "Je me suis dit en moi-même: « Va donc, teste les plaisirs, et goûte à ce qui est bon. » Mais cela aussi est vain.",
        "2": "Du rire, j’ai dit: « C’est absurde », et de l’hilarité: « A quoi cela m’avance-t-il? »",
        "3": "Puis j’ai décidé en moi-même de m’adonner au vin, tout en continuant à me conduire avec sagesse, et j’ai résolu de me lancer dans la folie, le temps de voir ce qu’il est bon pour les humains de faire sous le ciel pendant les jours qu’ils ont à y vivre.",
        "4": "J’ai réalisé de grandes choses. Je me suis bâti des maisons. Je me suis planté des vignes.",
        "5": "Je me suis aménagé des jardins et des vergers et j’y ai planté des arbres fruitiers de toutes sortes.",
        "6": "Je me suis fait des bassins pour irriguer des pépinières où croissent des arbres.",
        "7": "Je me suis procuré des esclaves et des servantes, j’ai eu du personnel domestique. J’ai possédé en abondance du gros et du menu bétail, bien plus que tous ceux qui m’ont précédé à Jérusalem.",
        "8": "Je me suis amassé de l’argent et de l’or, provenant des trésors des rois et des provinces. J’ai formé des chanteurs et des chanteuses et, délice suprême des hommes, j’ai eu des femmes en quantité.",
        "9": "Ainsi j’ai été grand, et j’ai surpassé tous ceux qui m’ont précédé à Jérusalem. En tout cela, ma sagesse m’assistait.",
        "10": "Je ne me suis rien refusé de tout ce que je voyais et désirais. Je ne me suis privé d’aucun plaisir. Oui, j’ai joui de tout mon labeur et c’est la part que j’ai retirée de toute la peine que je me suis donnée.",
        "11": "Puis j’ai considéré l’ensemble de mes réalisations, et toute la peine que je m’étais donnée pour les accomplir. Et voici ma conclusion: tout est vain; autant courir après le vent. On n’en tire aucun avantage sous le soleil.",
        "12": "Puis j’ai considéré et examiné la sagesse ainsi que la folie et la déraison: qu’en sera-t-il de l’homme qui succédera au roi? Il fera ce qu’on a déjà fait par le passé.",
        "13": "J’ai constaté que la sagesse est plus avantageuse que la déraison, tout comme la lumière est plus avantageuse que les ténèbres.",
        "14": "Le sage a des yeux pour voir, alors que l’insensé marche dans les ténèbres. Cependant, j’ai aussi constaté qu’un même sort attend l’un et l’autre.",
        "15": "Alors je me suis dit en moi-même: « Je vais connaître le même sort que l’insensé; à quoi bon avoir été plus sage? » Et j’ai conclu en moi-même que cela aussi était déplorable.",
        "16": "Car on ne se souviendra pas longtemps du sage, pas plus que de l’insensé et, dans les temps à venir, tous deux tomberont dans l’oubli. Car le sage mourra aussi bien que l’insensé.",
        "17": "Alors j’en suis venu à haïr la vie, car tout ce qui se fait sous le soleil m’est apparu détestable, parce que tout est dérisoire: autant courir après le vent.",
        "18": "J’ai fini par prendre en dégoût tout le labeur pour lequel je me suis donné tant de peine sous le soleil et dont je devrai laisser le fruit à mon successeur.",
        "19": "Car qui sait s’il sera sage ou insensé? Pourtant, c’est lui qui disposera de tout ce que j’ai réalisé sous le soleil grâce à mon labeur pour lequel j’ai trimé et mis en œuvre la sagesse. Cela aussi est déplorable.",
        "20": "Aussi j’en suis arrivé au désespoir en pensant à tout le labeur pour lequel je me suis donné tant de peine sous le soleil.",
        "21": "En effet, on accomplit son labeur avec sagesse, compétence et adresse, et c’est à quelqu’un qui n’a jamais participé à ce travail qu’on laisse tout ce qu’on en a retiré. Cela aussi est déplorable, et c’est un grand mal.",
        "22": "Car, que retire l’homme de tout son labeur et de toutes ses préoccupations pour lesquels il s’est donné tant de peine sous le soleil?",
        "23": "Ses journées lui apportent bien des maux, ses occupations lui occasionnent bien des souffrances. Même la nuit, il ne trouve pas de repos. Cela aussi est déplorable.",
        "24": "Il n’y a rien de bon pour l’homme, sinon manger, boire et se donner du bon temps au milieu de son dur labeur. Et j’ai constaté que cela même vient de la main de Dieu.",
        "25": "En effet, qui peut manger et profiter de la vie sans que cela vienne de lui?",
        "26": "Car Dieu donne à l’homme qui se comporte bien à ses yeux la sagesse, la connaissance et la joie, mais il impose comme occupation à celui qui fait le mal le soin de recueillir et d’amasser pour celui qui se comporte bien à ses yeux. Cela aussi est dérisoire: autant courir après le vent."
    },
    "3": {
        "1": "Il y a un temps pour tout et un moment pour toute chose sous le ciel.",
        "2": "Il y a un temps pour enfanter et un temps pour mourir, un temps pour planter, et un temps pour arracher le plant,",
        "3": "un temps pour abattre et un temps pour soigner, un temps pour démolir et un temps pour construire.",
        "4": "Il y a aussi un temps pour pleurer et un temps pour rire, un temps pour se lamenter et un temps pour danser,",
        "5": "un temps pour jeter des pierres et un temps pour en ramasser, un temps pour prendre dans ses bras et un temps pour s’éloigner de ceux que l’on prend dans ses bras.",
        "6": "Il y a un temps pour chercher et un temps pour perdre, un temps pour conserver et un temps pour jeter,",
        "7": "un temps pour déchirer et un temps pour coudre, un temps pour garder le silence et un temps pour parler,",
        "8": "un temps pour aimer et un temps pour haïr, un temps de guerre et un temps de paix.",
        "9": "Quel avantage celui qui travaille retire-t-il de la peine qu’il se donne?",
        "10": "J’ai considéré les occupations auxquelles Dieu impose aux hommes de s’appliquer.",
        "11": "Dieu fait toute chose belle en son temps. Il a implanté au tréfonds de l’être humain le sens de l’éternité, sans toutefois que l’homme puisse appréhender l’œuvre que Dieu accomplit du commencement à la fin.",
        "12": "Je sais qu’il n’y a rien de bon pour l’homme hormis se réjouir et se donner du bon temps durant sa vie.",
        "13": "Et aussi que si quelqu’un peut manger et boire et jouir du bonheur au milieu de son dur labeur, c’est un don de Dieu.",
        "14": "Je sais que tout ce que Dieu fait durera toujours: il n’y a rien à y ajouter, et rien à en retrancher. Et Dieu agit en sorte qu’on le craigne.",
        "15": "Ce qui est aujourd’hui a déjà été dans le passé, et ce qui sera dans l’avenir a déjà été dans le passé. Oui, Dieu fait se reproduire ce qui appartient au passé.",
        "16": "J’ai encore constaté autre chose sous le soleil: au tribunal règne l’iniquité et au lieu où l’on administre la justice, on rencontre l’iniquité.",
        "17": "Je me suis dit en moi-même: « Dieu jugera le juste et le méchant, car pour chaque chose et pour chaque acte, il y a un temps pour le jugement. »",
        "18": "Je me suis dit en moi-même, au sujet des humains, que Dieu veut les purger du mal et leur montrer qu’en eux-mêmes, ils ne sont pas plus que des bêtes.",
        "19": "Car le sort des humains est identique au sort des bêtes: ils meurent les uns comme les autres. Un même souffle les anime tous. L’avantage de l’homme sur l’animal est donc nul. Ainsi tout est dérisoire.",
        "20": "Tout va vers une même destination: tout a été tiré de la poussière et tout retourne à l’état de poussière.",
        "21": "Qui connaît l’esprit humain qui monte quant à lui vers le haut, tandis que, de son côté, le souffle de la bête descend vers le bas, à la terre?",
        "22": "J’en ai conclu qu’il n’y a pour l’homme rien de bon sinon de se réjouir au milieu de ses activités, car telle est la part qui lui revient. En effet, qui donc le fera revenir pour qu’il voie ce qui sera après lui?"
    },
    "4": {
        "1": "J’ai encore considéré toutes les oppressions qui se pratiquent sous le soleil. Les opprimés versent des larmes et il n’y a personne pour les consoler; la force est du côté de leurs oppresseurs, sans qu’il y ait quelqu’un pour les consoler.",
        "2": "Alors j’ai trouvé que les défunts, eux qui sont morts, ont un avantage sur les vivants, sur ceux qui sont encore en vie.",
        "3": "Et s’en trouve mieux que les uns et les autres celui qui n’est pas encore venu à l’existence, parce qu’il n’a pas vu tout le mal qui se commet sous le soleil.",
        "4": "J’ai aussi constaté que tout labeur et que toute habileté que les hommes mettent à leurs œuvres sont motivés par la rivalité des uns envers les autres. Cela aussi est dérisoire: autant courir après le vent.",
        "5": "Celui qui se croise les bras est un insensé et il se détruit lui-même.",
        "6": "Il vaut mieux une main pleine de repos que deux mains pleines de labeur, que de courir ainsi après le vent.",
        "7": "J’ai encore constaté une autre chose dérisoire sous le soleil.",
        "8": "Voilà un homme seul qui n’a personne avec lui: ni fils, ni frère, et pourtant, il travaille dur sans jamais s’arrêter. Jamais ses yeux ne se rassasient de richesses. « Pour qui donc est-ce que je travaille si dur? Pour qui est-ce que je me prive de bonnes choses? » se dit-il. Cela aussi est dérisoire; c’est une bien mauvaise affaire.",
        "9": "Mieux vaut être à deux que tout seul. On tire alors un bon profit de son labeur.",
        "10": "Et si l’un tombe, l’autre le relève, mais malheur à celui qui est seul et qui vient à tomber sans avoir personne pour l’aider à se relever.",
        "11": "De même, si deux personnes dorment ensemble, elles se tiennent chaud, mais comment celui qui est seul se réchauffera-t-il?",
        "12": "Un homme seul est facilement maîtrisé par un adversaire, mais à deux ils pourront tenir tête à celui-ci. Et une corde faite de trois cordelettes tressées n’est pas vite rompue.",
        "13": "Mieux vaut un jeune homme pauvre mais sage qu’un roi âgé et insensé qui ne sait plus écouter les conseils.",
        "14": "Mais que le jeune successeur soit sorti de prison pour accéder au trône, ou encore qu’il soit né pauvre dans le royaume,",
        "15": "j’ai constaté que tous les humains qui vivent sous le soleil se rallient à lui lorsqu’il prend la place du roi.",
        "16": "Il n’y a pas de fin au cortège de tout ce peuple, de tous ces gens dont il a pris la tête. Et pourtant, la génération suivante ne se félicitera pas davantage d’avoir un tel roi! Cela encore est dérisoire: autant courir après le vent.",
        "17": "Veille bien sur tes pas lorsque tu te rends au sanctuaire de Dieu. Il est préférable de s’y rendre pour écouter, plutôt que pour offrir un sacrifice à la manière des insensés qui n’ont même pas conscience de faire le mal."
    },
    "5": {
        "1": "Ne te presse pas d’ouvrir la bouche et ne te laisse pas entraîner par ton cœur à formuler hâtivement une parole en présence de Dieu, car Dieu est au ciel, et toi tu es sur la terre. Que tes propos soient donc peu nombreux.",
        "2": "En effet, de même que les rêves naissent de la multitude des occupations, de même un flot abondant de paroles engendre des propos inconsidérés.",
        "3": "Si tu as fait un vœu à Dieu, accomplis-le sans tarder, car les insensés déplaisent à Dieu. Ce que tu as promis, tiens-le.",
        "4": "Il vaut mieux ne pas faire de vœu qu’en faire et ne pas s’en acquitter.",
        "5": "Ne laisse pas tes paroles te charger d’une faute et ne va pas dire au représentant de Dieu: « Mon vœu était une erreur. » Pourquoi irriter Dieu par tes paroles et faire échouer tes entreprises?",
        "6": "C’est pourquoi, là où il y a abondance de rêves et multiplication de paroles légères, crains plutôt Dieu.",
        "7": "Si tu vois dans une région que les pauvres sont opprimés, que la justice et le droit sont bafoués, ne t’étonne pas trop de la chose, car chaque dirigeant dépend du pouvoir d’un supérieur, et au-dessus d’eux, il y a encore des supérieurs hiérarchiques.",
        "8": "Mais malgré tout, ceci demeure dans l’intérêt du pays: qu’au profit de l’agriculture, on se soumette au roi.",
        "9": "Qui aime l’argent n’en aura jamais assez, et qui se complaît dans l’abondance ne sera jamais satisfait de ses revenus. Cela encore est dérisoire.",
        "10": "Plus on possède de biens, plus se multiplient les profiteurs. Et quel avantage en tire leur possesseur si ce n’est le spectacle que lui offrent ces gens?",
        "11": "Doux est le sommeil du travailleur, qu’il ait peu ou beaucoup à manger, mais l’abondance du riche l’empêche de dormir.",
        "12": "J’ai vu sous le soleil une terrible calamité: il arrive que les richesses conservées par un homme fassent son malheur.",
        "13": "Qu’elles viennent à se perdre à cause de quelque mauvaise affaire, et il ne lui en reste rien lorsqu’il met un fils au monde.",
        "14": "Il est sorti nu du sein de sa mère, et il partira comme il est venu, sans emporter dans ses mains une miette du fruit de son labeur.",
        "15": "Qu’il reparte comme il était venu est aussi une terrible calamité. Quel avantage a-t-il donc à trimer ainsi pour du vent?",
        "16": "Sa vie durant, ses jours s’écoulent bien sombres, pleins de chagrins, de souffrances et d’amertume.",
        "17": "Voici ce que j’ai considéré comme bon pour ma part: il est approprié pour l’homme de manger, de boire et de goûter au bonheur au milieu de tout le labeur qui lui donne tant de peine sous le soleil, pendant les jours que Dieu lui donne à vivre; c’est là sa part.",
        "18": "En effet, si Dieu donne à un homme des richesses et des biens, et s’il lui accorde la possibilité d’en profiter, d’en retirer sa part et de trouver de la joie au milieu de son labeur, c’est un don de Dieu.",
        "19": "Ainsi cet homme ne s’appesantit pas sur sa vie puisque Dieu le tient occupé à la joie qui remplit son cœur."
    },
    "6": {
        "1": "J’ai constaté qu’il y a un mal sous le soleil, et ce mal est grand pour les hommes.",
        "2": "Voilà quelqu’un à qui Dieu a donné richesses, biens et honneurs, si bien qu’il ne lui manque rien de ce qu’il désire. Mais Dieu ne lui donne pas la possibilité d’en profiter, et c’est un autre qui en profitera. Cela aussi est dérisoire; c’est un mal affligeant.",
        "3": "Un homme peut avoir cent enfants et vivre de nombreuses années, mais quelque nombreux que soient les jours de son existence, s’il n’a pas joui du bonheur, et s’il n’a même pas de sépulture, je dis qu’un enfant mort-né a un sort meilleur que le sien.",
        "4": "Car l’avorton est né en vain, il s’en va dans les ténèbres et son souvenir sombre dans la nuit de l’oubli.",
        "5": "Il n’a pas vu le soleil, il n’a rien connu du monde. Il est donc plus tranquille que cet homme.",
        "6": "A quoi bon vivre deux fois mille ans si on ne goûte pas au bonheur? Finalement, tous ne s’acheminent-ils pas vers le même lieu?",
        "7": "L’homme ne trime que pour répondre à ses besoins, et pourtant son appétit n’est jamais satisfait.",
        "8": "Qu’a le sage de plus que l’insensé? Quel avantage le pauvre a-t-il de savoir se conduire sur le chemin de la vie?",
        "9": "Mieux vaut ce qu’on a dans la main que ce vers quoi se porte le désir. Cela aussi est dérisoire: autant courir après le vent.",
        "10": "Ce qui est a déjà été nommé, et l’on sait ce qu’est l’homme: il ne peut pas contester avec celui qui est plus puissant que lui.",
        "11": "Plus on multiplie les paroles, plus on accroît la frustration. Et à quoi cela avance-t-il l’homme?",
        "12": "Finalement, qui peut savoir ce qui est bon pour l’homme pendant sa vie, pendant chaque jour de son existence dérisoire qui fuit comme une ombre? Et qui pourra lui révéler quel sera son avenir sous le soleil?"
    },
    "7": {
        "1": "Mieux vaut un bon renom qu’un parfum raffiné, et mieux vaut le jour de sa mort que celui de sa naissance.",
        "2": "Mieux vaut se rendre dans une maison endeuillée que dans celle où l’on festoie, car celle-là nous rappelle quelle est la fin de tout homme et il est bon d’y réfléchir pendant qu’on est en vie.",
        "3": "Mieux vaut la tristesse que le rire, car avec un visage triste, on peut avoir le cœur content.",
        "4": "L’attention du sage se porte vers la maison endeuillée, celle de l’insensé vers la maison où l’on se livre à la joie.",
        "5": "Mieux vaut écouter les reproches d’un homme sage que la chanson des insensés.",
        "6": "Car les rires de l’insensé sont comme le crépitement des épines sous une marmite. Cela aussi est vain.",
        "7": "L’oppression peut rendre le sage insensé, et les cadeaux lui corrompre le cœur.",
        "8": "Mieux vaut l’aboutissement d’une affaire que son début. Mieux vaut un esprit patient qu’un esprit orgueilleux.",
        "9": "Ne t’irrite pas trop vite, car c’est dans le cœur des insensés que la colère élit domicile.",
        "10": "Garde-toi de dire: « Comment se fait-il qu’autrefois, les choses allaient mieux qu’aujourd’hui? » Car ce n’est pas la sagesse qui te dicte une telle question.",
        "11": "La sagesse est bonne avec un héritage: elle est avantageuse pour ceux qui voient le soleil.",
        "12": "Car la protection qu’offre la sagesse est comme celle que procure l’argent, et la sagesse présente un avantage: elle préserve la vie de ceux qui la possèdent.",
        "13": "Considère l’œuvre de Dieu: qui donc pourra redresser ce qu’il a tordu?",
        "14": "Au jour du bonheur, jouis du bonheur, et au jour du malheur, réfléchis, car Dieu a fait l’un et l’autre, de sorte que l’homme ne puisse rien deviner de son avenir.",
        "15": "J’ai vu tout cela au cours de mon existence dérisoire: ici un juste se perd à cause de sa droiture, là, un méchant prolonge ses jours par sa perversité.",
        "16": "Ne sois pas juste à l’excès et ne sois pas sage outre mesure, pourquoi te détruirais-tu?",
        "17": "Ne sois pas non plus méchant outre mesure et ne sois pas insensé, pourquoi voudrais-tu mourir avant ton heure?",
        "18": "Tu feras bien de prendre garde à ces deux principes sans négliger l’un ou l’autre; oui, celui qui craint Dieu s’en sortira pour les mettre en œuvre tous deux.",
        "19": "La sagesse rend un homme plus fort qu’une ville défendue par dix capitaines.",
        "20": "Il n’y a cependant sur terre aucun homme juste qui fasse toujours le bien sans jamais pécher.",
        "21": "Ne prête pas attention à tout ce qu’on dit, et si ton serviteur te dénigre, n’écoute pas,",
        "22": "car tu sais bien qu’à plusieurs reprises, il t’est arrivé, à toi aussi, de dénigrer autrui.",
        "23": "Tout cela, j’ai essayé de le comprendre par la sagesse, en me disant: « Je veux acquérir la sagesse. » Mais elle est restée loin de moi.",
        "24": "La compréhension des choses est hors de ma portée. Elle est beaucoup trop profonde pour qu’on puisse l’atteindre.",
        "25": "Mais je me suis appliqué avec toutes mes facultés à apprendre, à explorer et à rechercher la sagesse et la raison, et à discerner que la méchanceté est insensée, et que la folie est déraisonnable.",
        "26": "Je trouve qu’une femme est plus amère que la mort lorsqu’elle est un piège, son cœur un filet et ses bras des chaînes. Celui qui se comporte bien aux yeux de Dieu lui échappera, mais le pécheur s’y fera prendre.",
        "27": "Considère, dit le Maître, à quelle conclusion je suis parvenu en examinant les choses une à une, pour en faire l’analyse.",
        "28": "D’ailleurs, je cherche encore et je n’ai pas trouvé: sur mille hommes, j’en ai trouvé un, mais parmi toutes les femmes, je n’en ai pas trouvé une seule.",
        "29": "Voilà la seule chose que j’ai trouvée: Dieu a fait l’homme droit, mais les humains sont allés chercher beaucoup de combines."
    },
    "8": {
        "1": "Qui est comparable au sage? Qui sait analyser les choses? La sagesse d’un homme illumine son visage et fait disparaître la sévérité de ses traits.",
        "2": "Voici mon conseil: obéis aux ordres du roi à cause du serment prêté devant Dieu,",
        "3": "ne te hâte pas de lui donner ton congé; ne persiste pas dans une mauvaise situation, car le roi fait tout ce qui lui plaît.",
        "4": "En effet, sa parole est souveraine. Qui oserait lui dire: « Pourquoi fais-tu cela? »",
        "5": "Celui qui s’en tient à ses ordres ne se mettra pas dans une mauvaise situation, et le sage saura discerner en lui-même le moment opportun et la juste manière de procéder.",
        "6": "Pour toute affaire, en effet, il y a un temps opportun et une juste manière de procéder. Mais il y a un grand malheur pour l’homme:",
        "7": "c’est que personne ne sait ce qui arrivera. Et personne ne peut dire comment les choses se passeront.",
        "8": "Personne n’est maître de son souffle de vie, personne ne peut le retenir, personne n’a de pouvoir sur le jour de sa mort: il n’y a pas de trêve dans la lutte pour survivre et ce n’est pas la méchanceté qui sauvera celui qui s’y livre.",
        "9": "Tout cela, je l’ai vu et j’ai beaucoup réfléchi à tout ce qui se fait sous le soleil. Il arrive qu’un homme domine sur les autres pour leur faire du mal.",
        "10": "Or j’ai vu des méchants être enterrés: les gens allaient et venaient du sanctuaire, et ils les louaient dans la ville pour ce qu’ils avaient fait. Cela aussi est déplorable.",
        "11": "Parce qu’une sentence contre une mauvaise action n’est pas vite exécutée, le cœur humain est porté à faire beaucoup de mal.",
        "12": "En effet, il arrive que le pécheur fasse cent fois le mal et voit se prolonger ses jours. Mais je sais aussi que le bonheur est pour ceux qui craignent Dieu, du fait même qu’ils ont cette crainte à son égard,",
        "13": "mais qu’il n’y aura pas de bonheur pour le méchant et que, semblable à l’ombre, il ne verra pas ses jours se prolonger, parce qu’il ne craint pas Dieu.",
        "14": "Il y a une autre chose déplorable qui se passe sur la terre: certains justes subissent le sort que méritent les agissements des méchants, et certains méchants ont le sort que méritent les œuvres des justes. Je me suis dit que c’est encore là bien déplorable!",
        "15": "Alors j’ai fait l’éloge de la joie. En effet, il n’y a rien de bon pour l’homme sous le soleil, sinon manger, boire et se réjouir. C’est là ce qui l’accompagne au milieu de son dur labeur auquel il se livre pendant les jours que Dieu lui accorde de vivre sous le soleil.",
        "16": "Lorsque je me suis appliqué à connaître la sagesse et à considérer les occupations auxquelles l’homme se livre sur la terre en se refusant le sommeil nuit et jour,",
        "17": "j’ai vu toute l’œuvre de Dieu. Or l’homme ne peut comprendre l’œuvre qui se fait sous le soleil. Il a beau se donner de la peine pour comprendre, il n’y parviendra pas. Et même si le sage prétend savoir, en réalité il ne peut pas comprendre."
    },
    "9": {
        "1": "Oui, j’ai beaucoup réfléchi à tout cela, et tout ce que j’ai compris, c’est que les justes, les sages et tous leurs travaux sont dans la main de Dieu. L’homme ne sait pas s’il rencontrera l’amour ou la haine: il peut tout envisager.",
        "2": "Tout est pareil pour tous: un même sort atteint le juste et le méchant, celui qui est [bon et] pur, et celui qui est impur, celui qui offre des sacrifices et celui qui n’en offre pas, le bon comme le pécheur, et celui qui prête serment comme celui qui n’ose pas le faire.",
        "3": "Parmi tout ce qui se passe sous le soleil, voilà bien un mal: c’est que tous les hommes connaissent un sort identique. Car à cause de cela, le cœur des humains est rempli de méchanceté et la déraison habite leur cœur tout au long de leur vie. C’est qu’après cela, on va rejoindre les morts!",
        "4": "Alors que doit-on choisir? Pour tous les vivants, il y a de l’espoir. Un chien vivant vaut mieux qu’un lion mort.",
        "5": "En effet, les vivants savent qu’ils mourront, mais les morts ne savent rien du tout; ils n’ont plus rien à gagner, ils sombrent dans l’oubli.",
        "6": "Leurs amours, leurs haines, leurs désirs, se sont déjà évanouis. Ils n’auront plus jamais part à tout ce qui se fait sous le soleil.",
        "7": "Va, mange ton pain dans la joie et bois ton vin d’un cœur content, car Dieu a déjà agréé tes œuvres!",
        "8": "Qu’en tout temps tes vêtements soient blancs et que le parfum ne manque pas sur ta tête.",
        "9": "Jouis de la vie avec la femme que tu aimes, pendant tous les jours de cette vie dérisoire que Dieu t’accorde sous le soleil, oui, pendant tous les jours de ton existence dérisoire, car c’est la part qui te revient dans la vie au milieu de tout le labeur pour lequel tu te donnes de la peine sous le soleil.",
        "10": "Tout ce que tu trouves à faire, fais-le avec l’énergie que tu as, car il n’y a plus ni activité, ni réflexion, ni science, ni sagesse dans le séjour des morts vers lequel tu es en route.",
        "11": "J’ai encore observé, sous le soleil, que ce ne sont pas les plus agiles qui gagnent la course, ni les plus forts qui remportent la victoire au combat, ce ne sont pas les sages qui ont du pain, et la richesse n’appartient pas aux hommes intelligents, et les faveurs ne récompensent pas les plus savants, car les contretemps et les coups durs imprévus atteignent chacun.",
        "12": "En effet, l’homme ne sait pas ce qui l’attend, il est pareil aux poissons qui sont pris dans des filets pour leur malheur, il ressemble aux oiseaux pris au piège: les humains sont surpris par le malheur, qui fond sur eux à l’improviste.",
        "13": "A l’égard de la sagesse, j’ai encore observé sous le soleil quelque chose qui me paraît frappant.",
        "14": "Il y avait une petite ville n’ayant que peu d’habitants. Un roi puissant marcha contre elle, l’assiégea et dressa contre elle des travaux de siège considérables.",
        "15": "Dans la ville se trouvait un homme pauvre mais sage qui aurait pu sauver la ville grâce à sa sagesse. Mais personne ne pensa à cet homme pauvre.",
        "16": "Alors, je me suis dit: « La sagesse vaut mieux que la force, mais la sagesse du pauvre est méprisée et ses paroles ne sont pas écoutées. »",
        "17": "La voix du sage qui s’exprime dans le calme est plus écoutée que les cris d’un chef parmi des insensés.",
        "18": "La sagesse vaut mieux qu’un équipement militaire, mais un seul pécheur peut anéantir beaucoup de bien."
    },
    "10": {
        "1": "Les mouches mortes gâtent et font fermenter l’huile parfumée. Un brin de folie a plus d’effet que la sagesse et l’honneur.",
        "2": "Le cœur du sage le dirige du bon côté, tandis que celui de l’insensé le pousse du mauvais côté.",
        "3": "Même quand ce dernier s’avance en chemin, le bon sens lui fait défaut et il dit à tout le monde: « Il est insensé celui-là! ».",
        "4": "Si la mauvaise humeur du chef se tourne contre toi, ne quitte pas ton poste, car le calme évite de graves fautes.",
        "5": "Il est un autre mal que j’ai constaté sous le soleil et qui est comme une méprise ayant échappé au souverain:",
        "6": "la sottise est promue au rang le plus élevé, alors que des gens riches sont dans l’abaissement.",
        "7": "J’ai vu des esclaves aller à cheval et des princes marcher à pied comme des esclaves.",
        "8": "Qui creuse un trou risque d’y tomber, et qui abat un mur peut être mordu par un serpent.",
        "9": "Qui arrache des pierres risque de se blesser, et qui fend du bois se met en danger.",
        "10": "Si le fer de la hache est émoussé et qu’on n’en aiguise pas le tranchant, il faudra redoubler de force, mais la sagesse a l’avantage d’assurer la réussite.",
        "11": "Si le serpent mord parce qu’il n’a pas été charmé, le charmeur n’a aucun avantage.",
        "12": "Les paroles du sage sont empreintes de bonté, mais la bouche de l’insensé cause sa perte.",
        "13": "Il commence par dire des sottises et finit en proférant les pires insanités.",
        "14": "L’insensé multiplie les paroles, mais l’homme ignore l’avenir et personne ne peut lui révéler ce qui arrivera après lui.",
        "15": "Le labeur de l’insensé l’exténue: il ne sait même pas comment aller à la ville.",
        "16": "Malheur au pays dont le roi est un gamin et dont les ministres festoient dès le matin!",
        "17": "Heureux le pays dont le roi est issu d’une famille dirigeante et dont les ministres mangent en temps voulu pour prendre des forces et non pour s’adonner à la boisson.",
        "18": "Quand les mains sont paresseuses, la charpente s’effondre, et quand on a les bras ballants, la maison finit par avoir des gouttières.",
        "19": "On prépare un repas pour se réjouir, le vin égaie la vie et l’argent répond à toutes sortes de besoins.",
        "20": "Ne maudis pas le roi, même en pensée, et ne maudis pas un riche, même dans ta chambre à coucher, car un oiseau emporterait tes paroles, la gent ailée colporterait tes propos."
    },
    "11": {
        "1": "Lance ton pain à la surface de l’eau car, avec le temps, tu le retrouveras.",
        "2": "Répartis ton bien en sept ou huit parts, car tu ne sais pas quel malheur peut arriver sur la terre.",
        "3": "Quand les nuages sont pleins, il va pleuvoir à verse sur la terre, et l’arbre reste à l’endroit où il est tombé, que ce soit vers le sud ou vers le nord.",
        "4": "Celui qui prête trop attention au vent ne sèmera jamais et celui qui observe toujours les nuages ne moissonnera pas.",
        "5": "Tu ignores quel est le chemin du vent, et tu ne sais pas comment se forment les os de l’embryon dans le sein de sa mère; de même, tu ne connais pas l’œuvre du Dieu qui fait toutes choses.",
        "6": "Dès le matin, répands ta semence et, jusqu’au soir, ne t’accorde pas de repos, car tu ne sais pas de l’une ou l’autre activité, laquelle réussira, ou si les deux s’avéreront aussi bonnes l’une que l’autre.",
        "7": "Agréable est la lumière, et il fait bon de voir le soleil.",
        "8": "C’est pourquoi, si quelqu’un vit de nombreuses années, qu’il les passe toutes dans la joie, mais qu’il n’oublie pas que les jours sombres seront nombreux et que tout ce qui est à venir est dérisoire.",
        "9": "Jeune homme, réjouis-toi ╵au cours de tes jeunes années, et que ton cœur ╵se fasse du bien pendant ta jeunesse; marche sur les chemins ╵où tu voudras aller ╵et va vers ce que tu désires, en sachant que pour tout cela ╵Dieu te fera venir en jugement.",
        "10": "Bannis le chagrin de ton cœur, garde-toi de ce qui te causerait ╵de la souffrance, car la jeunesse, ╵le printemps de la vie ╵sont dérisoires."
    },
    "12": {
        "1": "Et tiens compte de ton Créateur ╵au temps de ta jeunesse, avant que t’adviennent ╵les jours mauvais et avant que viennent ╵les années dont tu te diras: « Je n’y prends pas plaisir! »;",
        "2": "avant que s’obscurcissent ╵le soleil, la lumière, et que la lune et les étoiles ╵perdent leur éclat, et que les nuages reparaissent ╵sitôt après la pluie.",
        "3": "C’est l’époque où se mettent à trembler ╵les gens qui gardent la maison, et où se courbent ╵les hommes vigoureux, où cessent les broyeuses ╵car les voilà trop peu nombreuses, et où celles qui regardent par les ouvertures ╵sombrent dans l’obscurité;",
        "4": "où les deux battants de la porte ╵se ferment sur la rue, où le bruit de la meule ╵s’affaiblit, où l’on se lève ╵dès le chant de l’oiseau, et où faiblissent toutes les chanteuses.",
        "5": "C’est le temps où l’on craint la moindre pente, et où l’on a peur en chemin: où l’amandier fleurit, et où la sauterelle devient lourde, où la câpre n’a plus de goût. Et ainsi s’en va l’homme ╵vers la demeure qui l’attend, ╵dans les ténèbres et, déjà, les pleureuses ╵s’assemblent dans les rues.",
        "6": "Oui, tiens compte de Lui ╵avant que se rompe ╵le fil d’argent, que se brise ╵la coupe d’or, que la jarre à la fontaine se casse, que la poulie se brise ╵et tombe dans le puits,",
        "7": "que la poussière ╵retourne à la terre ╵comme elle était auparavant, et que l’esprit retourne ╵à Dieu qui l’a donné.",
        "8": "Dérisoire, absolument dérisoire, dit le Maître, oui, tout est dérisoire!",
        "9": "Non seulement le Maître fut un sage, mais il a enseigné la sagesse au peuple. Il a pesé, examiné et mis en forme un grand nombre de proverbes.",
        "10": "Il s’est efforcé de trouver des propos agréables et d’écrire avec honnêteté des paroles vraies.",
        "11": "Les paroles des sages sont comme des aiguillons et ceux qui rassemblent ces paroles ressemblent à des clous bien plantés. Elles sont données par un Berger unique.",
        "12": "Par-dessus tout cela, mon disciple, prête attention à ce qui suit. On peut multiplier les livres sans fin et le corps se fatigue à force d’étude.",
        "13": "Voici la conclusion de ce discours, maintenant que tout a été entendu: Crains Dieu et obéis à ses commandements, car cela vaut pour tout homme.",
        "14": "En effet, Dieu prononcera son jugement sur toute œuvre, même celles qui ont été accomplies en cachette, les bonnes et les mauvaises."
    }
}