{
    "1": {
        "1": "Simon Pierre, serviteur et apôtre de Jésus-Christ, salue ceux qui ont reçu le même privilège que nous: la foi. Ils la doivent à Jésus-Christ, notre Dieu et notre Sauveur, car il est juste.",
        "2": "Que la grâce et la paix vous soient données en abondance par la connaissance de Dieu et de Jésus, notre Seigneur.",
        "3": "Par sa puissance, en effet, Dieu nous a donné tout ce qu’il faut pour vivre dans la piété, en nous faisant connaître celui qui nous a appelés par la manifestation de sa propre gloire et l’intervention de sa force.",
        "4": "Ainsi, nous bénéficions des dons infiniment précieux que Dieu nous avait promis. Il a voulu, par ces dons, vous rendre conformes au caractère de Dieu, vous qui avez fui la corruption que les mauvais désirs font régner dans ce monde.",
        "5": "Pour cette raison même, faites tous vos efforts pour ajouter à votre foi la vertu, à la vertu la connaissance,",
        "6": "à la connaissance la maîtrise de soi, à la maîtrise de soi l’endurance dans l’épreuve, à l’endurance la piété,",
        "7": "à la piété l’affection fraternelle, et à l’affection fraternelle l’amour.",
        "8": "Car si vous possédez ces qualités, et si elles grandissent sans cesse en vous, elles vous rendront actifs et vous permettront de connaître toujours mieux notre Seigneur Jésus-Christ.",
        "9": "Car celui à qui elles font défaut est comme un aveugle, il ne voit pas clair. Il a oublié qu’il a été purifié de ses péchés d’autrefois.",
        "10": "C’est pourquoi, frères et sœurs, puisque Dieu vous a appelés et choisis, faites d’autant plus d’efforts pour confirmer cet appel et ce choix: car si vous agissez ainsi, vous ne tomberez jamais.",
        "11": "Ainsi vous seront grandes ouvertes les portes du royaume éternel de notre Seigneur et Sauveur Jésus-Christ.",
        "12": "Voilà pourquoi je ne cesserai de vous rappeler ces choses, bien que vous les sachiez déjà et que vous soyez fermement attachés à la vérité qui vous a été présentée.",
        "13": "Mais j’estime juste de vous tenir en éveil par mes rappels, tant que je serai encore de ce monde.",
        "14": "Car je sais que je vais bientôt quitter ce corps mortel, comme notre Seigneur Jésus-Christ me l’a révélé.",
        "15": "Cependant, je prendrai grand soin que, même après mon départ, vous vous rappeliez toujours ces choses.",
        "16": "En effet, nous ne nous sommes pas appuyés sur des histoires habilement inventées, lorsque nous vous avons fait connaître la venue de notre Seigneur Jésus-Christ dans toute sa puissance, mais nous avons vu sa grandeur de nos propres yeux.",
        "17": "Car Dieu le Père lui a donné honneur et gloire lorsque, dans sa gloire immense, il lui a fait entendre sa voix, qui disait: Voici mon Fils bien-aimé, qui fait toute ma joie.",
        "18": "Or cette voix, qui était venue du ciel, nous l’avons entendue nous-mêmes, lorsque nous étions avec lui sur la sainte montagne.",
        "19": "De plus, nous tenons pour d’autant plus certaine la parole des prophètes et vous faites bien de vous y attacher: car elle est comme une lampe qui brille dans un lieu obscur, jusqu’à ce que le jour paraisse et que l’étoile du matin se lève pour illuminer votre cœur.",
        "20": "Sachez, avant tout, qu’aucune prophétie de l’Ecriture ne peut faire l’objet d’une interprétation personnelle.",
        "21": "En effet, ce n’est pas par une volonté humaine qu’une prophétie a jamais été apportée, mais c’est portés par le Saint-Esprit que des hommes ont parlé de la part de Dieu."
    },
    "2": {
        "1": "Autrefois, il y a eu des prophètes de mensonge parmi le peuple d’Israël; il en sera de même parmi vous. Ces enseignants de mensonge introduiront subtilement parmi vous des erreurs qui mènent à la perdition. Ils renieront le Maître qui les a rachetés et attireront ainsi sur eux une perdition soudaine.",
        "2": "Beaucoup de gens les suivront dans leur immoralité et, à cause d’eux, la voie de la vérité sera discréditée.",
        "3": "Par amour de l’argent, ils vous exploiteront avec des histoires de leur propre invention. Mais il y a longtemps que leur condamnation est à l’œuvre et que la perdition les guette.",
        "4": "En effet, Dieu n’a pas épargné les anges qui ont péché: il les a précipités dans l’abîme où ils sont gardés pour le jugement, enchaînés dans les ténèbres.",
        "5": "Il n’a pas non plus épargné le monde ancien, lorsqu’il fit fondre le déluge sur ce monde qui n’avait aucun respect pour lui. Il a néanmoins protégé huit personnes dont Noé, qui appelait ses contemporains à mener une vie juste.",
        "6": "Il a condamné à la destruction les villes de Sodome et de Gomorrhe en les réduisant en cendres, pour donner à ceux qui se révoltent contre lui un exemple de ce qui leur arrivera.",
        "7": "Il a délivré Loth, cet homme juste qui était consterné par la conduite immorale des habitants débauchés de ces villes.",
        "8": "Car, en les voyant vivre et en les entendant parler, cet homme juste qui vivait au milieu d’eux était tourmenté jour après jour dans son âme intègre, à cause de leurs agissements criminels.",
        "9": "Ainsi le Seigneur sait comment délivrer de l’épreuve les personnes pieuses, et réserver ceux qui font le mal pour le jour du jugement où ils seront châtiés.",
        "10": "Il punira tout particulièrement ceux qui, mus par la sensualité, vivent au gré de leurs désirs corrompus et méprisent l’autorité du Seigneur. Imbus d’eux-mêmes et arrogants, ces enseignants de mensonge n’hésitent pas à insulter les êtres glorieux,",
        "11": "alors que les anges eux-mêmes, qui leur sont pourtant bien supérieurs en force et en puissance, ne portent pas de jugement insultant contre ces êtres devant le Seigneur.",
        "12": "Mais ces hommes-là agissent comme des animaux dépourvus de raison qui ne suivent que leurs instincts et sont tout juste bons à être capturés et tués, car ils se répandent en injures contre ce qu’ils ne connaissent pas. Aussi périront-ils comme des bêtes.",
        "13": "Le mal qu’ils ont fait leur sera payé en retour. Ces hommes trouvent leur plaisir à se livrer à l’immoralité en plein jour. Ils salissent et déshonorent par leur présence les fêtes auxquelles ils participent avec vous en prenant un malin plaisir à vous tromper.",
        "14": "Ils ont le regard chargé d’adultère et d’un besoin insatiable de pécher, ils prennent au piège les personnes mal affermies, ils n’ont plus rien à apprendre en ce qui concerne l’amour de l’argent: ils sont sous la malédiction divine.",
        "15": "Ils ont abandonné le droit chemin et se sont égarés en marchant sur les traces de Balaam, fils de Béor, qui a aimé l’argent mal acquis;",
        "16": "mais il a été rappelé à l’ordre pour sa désobéissance. C’est une ânesse muette qui, se mettant à parler d’une voix humaine, a détourné le prophète de son projet insensé.",
        "17": "Ces enseignants de mensonge sont comme des sources qui ne donnent pas d’eau, comme des nuages poussés par la tempête. Dieu leur a réservé une place dans les ténèbres les plus profondes.",
        "18": "Avec leurs discours grandiloquents mais creux, ils cherchent à appâter, par l’attrait des désirs sensuels et de l’immoralité ceux qui viennent à peine d’échapper du milieu des hommes vivant dans l’erreur.",
        "19": "Ils leur promettent la liberté – alors qu’ils sont eux-mêmes esclaves des passions qui les mènent à la ruine; car tout homme est esclave de ce qui a triomphé de lui.",
        "20": "Si, après s’être arrachés aux influences corruptrices du monde par la connaissance qu’ils ont eue de notre Seigneur et Sauveur Jésus-Christ, ils se laissent de nouveau prendre et dominer par elles, leur dernière condition est pire que la première.",
        "21": "Il aurait mieux valu pour eux ne pas connaître le chemin d’une vie juste plutôt que de s’en détourner après l’avoir connu et d’abandonner le saint commandement qui leur avait été transmis.",
        "22": "Ils confirment la vérité de ce proverbe: Le chien retourne à ce qu’il a vomi; en outre: « La truie à peine lavée se vautre de nouveau dans la boue »."
    },
    "3": {
        "1": "Mes chers amis, voici déjà la deuxième lettre que je vous écris; dans l’une comme dans l’autre, je cherche à stimuler en vous une saine manière de penser en vous rappelant l’enseignement que vous avez reçu.",
        "2": "Souvenez-vous, en effet, des paroles dites autrefois par les saints prophètes, ainsi que du commandement du Seigneur et Sauveur que vos apôtres vous ont transmis.",
        "3": "Sachez tout d’abord que, dans les derniers jours, des moqueurs viendront, qui vivront au gré de leurs propres désirs. Ils tourneront votre foi en ridicule en disant:",
        "4": "« Alors, qu’en est-il de la promesse de sa venue? Nos ancêtres sont morts et depuis que le monde est monde, rien n’a changé! »",
        "5": "Mais il y a un fait que ces gens oublient délibérément: c’est que Dieu, par sa parole, a créé autrefois le ciel et la terre. Il a séparé la terre des eaux et il l’a rassemblée du milieu des eaux.",
        "6": "De la même manière, Dieu a détruit le monde d’alors par les eaux du déluge.",
        "7": "Quant à la terre et aux cieux actuels, ils sont réservés par cette même parole pour être livrés au feu: ils sont gardés en vue du jour du jugement où tous ceux qui n’ont aucun respect pour Dieu périront.",
        "8": "Mais il y a un fait que vous ne devez pas oublier, mes chers amis: c’est que, pour le Seigneur, un jour est comme mille ans et mille ans sont comme un jour.",
        "9": "Le Seigneur n’est pas en retard dans l’accomplissement de sa promesse, comme certains se l’imaginent, il fait simplement preuve de patience à votre égard, car il ne veut pas qu’un seul périsse. Il voudrait, au contraire, que tous parviennent à se convertir.",
        "10": "Mais le jour du Seigneur viendra comme un voleur. En ce jour-là, le ciel disparaîtra dans un fracas terrifiant, les astres embrasés se désagrégeront et la terre se trouvera jugée avec toutes les œuvres qui auront été accomplies sur elle.",
        "11": "Puisque tout l’univers doit ainsi se désagréger, quelle vie sainte vous devez mener et avec quelle piété,",
        "12": "en attendant que vienne le jour de Dieu et en hâtant sa venue! Ce jour-là, le ciel en feu se désagrégera et les astres embrasés fondront.",
        "13": "Mais nous, nous attendons, comme Dieu l’a promis, un nouveau ciel et une nouvelle terre où la justice habitera.",
        "14": "C’est pourquoi, mes chers amis, dans cette attente, faites tous vos efforts pour que Dieu vous trouve purs et irréprochables à ses yeux, dans la paix qu’il donne.",
        "15": "Comprenez bien que la patience du Seigneur a pour but votre salut. Paul, notre frère bien-aimé, vous l’a aussi écrit avec la sagesse que Dieu lui a donnée.",
        "16": "Il l’a fait comme dans toutes ses lettres, où il aborde ces sujets. Certes, il s’y trouve des passages difficiles à comprendre, dont les personnes ignorantes et mal affermies déforment le sens, comme elles le font aussi – pour leur propre ruine – des autres textes de l’Ecriture.",
        "17": "Quant à vous, mes chers amis, vous voilà prévenus. Prenez garde de ne pas vous laisser entraîner par l’égarement de ces hommes vivant sans respect pour Dieu et de perdre ainsi la position solide que vous occupez.",
        "18": "Au contraire, progressez sans cesse dans la grâce et dans la connaissance de notre Seigneur et Sauveur Jésus-Christ. A lui soit la gloire dès maintenant et pour l’éternité. Amen."
    }
}