{
    "1": {
        "1": "Și cuvântul Domnului a fost către Iona, fiul lui Amitai, zicând:",
        "2": "Scoală‐te, mergi la Ninive, cetatea cea mare, și strigă împotriva ei; căci răutatea lor s‐a suit înaintea mea.",
        "3": "Dar Iona s‐a sculat, ca să fugă în Tars dinaintea feței Domnului: și s‐a coborât la Iafo și a aflat o corabie mergând la Tars; a plătit plata drumului și s‐a coborât în ea ca să meargă cu ei în Tars dinaintea feței Domnului.",
        "4": "Dar Domnul a aruncat un vânt puternic pe mare și a fost o furtună tare pe mare și corabia amenința să fie sfărâmată.",
        "5": "Atunci corăbierii s‐au înspăimântat și au strigat fiecare către dumnezeul său și au aruncat în mare mărfurile care erau în corabie ca să fie ușurată de ele. Iar Iona se coborâse în partea de jos a corăbiei și se culcase și dormea greu.",
        "6": "Și stăpânul corăbiei s‐a apropiat de el și i‐a zis: Ce faci, tu, care dormi? Scoală‐te, cheamă pe Dumnezeul tău; poate că Dumnezeu își va aduce aminte de noi și nu vom fi pierduți.",
        "7": "Și au zis unul către altul: Veniți să aruncăm sorțul, ca să cunoaștem din pricina cui a venit asupra noastră răul acesta. Și au aruncat sorțul și sorțul a căzut pe Iona.",
        "8": "Atunci i‐au zis: Spune‐ne din pricina cui a venit asupra noastră răul acesta? Care‐ți este meseria? Și de unde vii? Care este țara ta? Și din ce popor ești?",
        "9": "Și el le‐a zis: Eu sunt evreu și mă tem de Domnul Dumnezeul cerurilor care a făcut marea și uscatul.",
        "10": "Atunci oamenii s‐au înfricoșat cu frică mare și i‐au zis: Ce ai făcut? Căci oamenii știau că fugea dinaintea Domnului căci le spusese.",
        "11": "Și i‐au zis: Ce să‐ți facem ca să ni se liniștească marea? Căci marea se înfuria tot mai mult.",
        "12": "Și el le‐a zis: Ridicați‐mă și aruncați‐mă în mare și marea vi se va liniști; căci cunosc că din pricina mea a venit asupra voastră această mare furtună.",
        "13": "Dar oamenii vâsleau puternic ca să ajungă la uscat și nu puteau căci marea se înfuria tot mai mult asupra lor.",
        "14": "Și au strigat către Domnul și au zis: Te rugăm, Doamne, te rugăm, să nu fim pierduți pentru viața omului acestuia și nu pune asupra noastră sânge nevinovat; căci tu, Doamne, ai făcut cum ai voit.",
        "15": "Și au ridicat pe Iona și l‐au aruncat în mare și marea s‐a oprit din furia sa.",
        "16": "Atunci oamenii s‐au temut de Domnul cu temere mare și au adus o jertfă Domnului și au făcut juruințe.",
        "17": "Și Domnul pregătise un pește mare care să înghită pe Iona; și Iona a fost în pântecele peștelui trei zile și trei nopți."
    },
    "2": {
        "1": "Și Iona s‐a rugat Domnului Dumnezeului său din pântecele peștelui,",
        "2": "și a zis: Am strigat în strâmtorarea mea către Domnul și el mi‐a răspuns; am strigat din pântecele Șeolului, și tu mi‐ai auzit glasul.",
        "3": "Căci m‐ai aruncat în adânc, în inima mărilor și potopul m‐a înconjurat; toate valurile tale și talazurile tale au trecut peste mine.",
        "4": "Și am zis: Sunt lepădat dinaintea ochilor tăi; totuși iarăși voi privi spre templul cel sfânt al tău.",
        "5": "Apele m‐au împresurat până la suflet; adâncul m‐a înconjurat; papura s‐a împletit împrejurul capului meu.",
        "6": "M‐am coborât până la temeliile munților; zăvoarele pământului se trăseseră după mine în veac. Dar tu mi‐ai ridicat viața din groapă, Doamne Dumnezeul meu!",
        "7": "Pe când îmi lâncezea sufletul în mine, mi‐am adus aminte de Domnul: și rugăciunea mea a intrat la tine, în templul cel sfânt al tău.",
        "8": "Cei ce se uită la deșertăciuni mincinoase își părăsesc îndurarea.",
        "9": "Dar eu îți voi jertfi cu glas de mulțumire, voi împlini ce am juruit. Mântuirea este de la Domnul.",
        "10": "Și Domnul a poruncit peștelui și a vărsat pe Iona pe uscat."
    },
    "3": {
        "1": "Și cuvântul Domnului a fost către Iona a doua oară, zicând:",
        "2": "Scoală‐te, mergi în Ninive, cetatea cea mare și strigă împotriva ei cu strigarea pe care ți‐o voi spune.",
        "3": "Și Iona s‐a sculat și a mers la Ninive după cuvântul Domnului. Și Ninive era o cetate foarte mare, pentru cale de trei zile.",
        "4": "Și Iona a început să intre în cetate cale de o zi și a strigat și a zis: Încă patruzeci de zile și Ninive va fi răsturnată.",
        "5": "Și bărbații din Ninive au crezut pe Dumnezeu și au vestit un post și s‐au îmbrăcat cu saci, de la cel mai mare al lor până la cel mai mic al lor.",
        "6": "Căci cuvântul a ajuns la împăratul Ninivei și el s‐a sculat de pe scaunul său de domnie, s‐a dezbrăcat de mantia sa și s‐a acoperit cu un sac și a șezut în cenușă.",
        "7": "Și a făcut vestire și a strigat prin Ninive prin hotărârea împăratului și a mai marilor săi, zicând: Nici om, nici dobitoc, cireadă sau turmă să nu guste nimic, nici să nu pască, nici să nu bea apă.",
        "8": "Ci și om și dobitoc să se acopere cu saci și să strige tare către Dumnezeu și să se întoarcă fiecare din calea sa cea rea și de la asuprirea care este în mâinile lor.",
        "9": "Cine știe, dacă Dumnezeu nu se va întoarce și se va căi și se va întoarce de la aprinderea mâniei sale ca să nu pierim?",
        "10": "Și Dumnezeu a văzut faptele lor că s‐au întors de la calea lor cea rea și Dumnezeu s‐a căit de răul pe care zisese că li‐l va face și nu l‐a făcut."
    },
    "4": {
        "1": "Dar Iona s‐a supărat și s‐a aprins de mânie.",
        "2": "Și s‐a rugat Domnului și a zis: Te rog, Doamne, oare nu era aceasta zicerea mea, când eram încă în țara mea? De aceea, am căutat să fug în Tars, căci știam, că ești un Dumnezeu milos și îndurător, încet la mânie și plin de îndurare și te căiești de rău.",
        "3": "Și acum, Doamne, ia‐mi, te rog, viața de la mine; căci îmi este mai bine să mor decât să trăiesc.",
        "4": "Și Domnul a zis: Oare faci bine că te mânii?",
        "5": "Și Iona a ieșit din cetate și a șezut spre răsăritul cetății și acolo și‐a făcut o colibă și ședea sub ea la umbră, până să vadă ce are să se întâmple cu cetatea.",
        "6": "Și Domnul Dumnezeu a gătit un chicaion și l‐a făcut să crească peste Iona ca să‐i fie ca umbră deasupra capului, ca să‐l scape de întristarea sa. Și Iona s‐a bucurat de chicaion cu mare bucurie.",
        "7": "Dar Dumnezeu a pregătit un vierme la revărsatul zorilor dimineții următoare, care a lovit chicaionul și el s‐a uscat.",
        "8": "Și a fost așa: Când a răsărit soarele, Dumnezeu a pregătit un vânt de răsărit arzător; și soarele bătea în capul lui Iona și el a leșinat și cerea în sine să moară și a zis: Mai bine îmi este să mor decât să trăiesc.",
        "9": "Și Dumnezeu a zis lui Iona: Oare faci bine că te mânii din pricina chicaionului? Și el a zis: Fac bine că mă mânii până la moarte.",
        "10": "Și Domnul a zis: Te‐ai îndurat de chicaion pentru care nu te‐ai ostenit, nici nu l‐ai făcut să crească; care într‐o noapte s‐a născut și într‐o noapte a pierit.",
        "11": "Și eu nu trebuia să mă îndur de Ninive, cetatea cea mare, în care sunt mai mult de o sută douăzeci de mii de oameni, care nu știu deosebi dreapta lor de stânga lor, și multe vite?"
    }
}