{
    "1": {
        "1": "В первый год царствования персидского царя Кира, Господь побудил его сделать особое объявление. Царь поступил так, чтобы исполнилось обещанное Господом через пророка Иеремию. Кир разослал гонцов во все уголки своего царства с таким посланием:",
        "2": "От Кира, персидского царя: «Господь, Бог вселенной, сделал меня правителем над всеми царствами земли. Он возложил именно на меня ответственность за строительство храма для Него в Иерусалиме, в Иудейской стране.",
        "3": "Господь — Бог Израиля, Бог, Который в Иерусалиме. Теперь же я молю Бога, чтобы Он благословил тех из вас, кто принадлежит Ему. Вы должны позволить им пойти в Иерусалим, в Иудейскую страну, чтобы построить храм Господа.",
        "4": "И жители тех мест, где есть ещё оставшиеся в живых израильтяне, должны поддержать их. Дайте им серебро, золото, живность и другие вещи. Дайте им подарки для храма Господа в Иерусалиме».",
        "5": "После этого объявления поднялись вожди семей из колена Иуды и Вениамина, священники и левиты, готовые идти в Иерусалим. Они отправились в Иерусалим строить храм Господа. И каждый, кого вдохновил Господь, также приготовился идти в Иерусалим.",
        "6": "Все их соседи по доброй воле дали им много подарков: серебро, золото, живность и другие дорогие вещи.",
        "7": "Царь Кир вынес все предметы, принадлежавшие храму Господа, которые Навуходоносор забрал из Иерусалима и поместил в храме своих лжебогов.",
        "8": "Кир, персидский царь, велел Мифредату, хранителю его сокровищ, вынести эти драгоценные вещи. Тогда Мифредат сдал их иудейскому вождю Шешбацару.",
        "9": "Вот утварь из храма Господа, которую вынес Мифредат: 30 золотых блюд, 1 000 серебряных блюд, 29 ножей,",
        "10": "30 золотых чаш, 410 серебряных чаш, подобных золотым, 1 000 других блюд.",
        "11": "Всего вместе там было 5 400 предметов, сделанных из золота и серебра. Шешбацар привёз все эти вещи с собой, когда пленные оставили Вавилон и вернулись в Иерусалим."
    },
    "2": {
        "1": "Вот перечень людей из всех провинций, которые вернулись из плена. В прошлом Навуходоносор, вавилонский царь, увёл этих людей в плен в Вавилон. Эти люди вернулись в Иерусалим и Иудею, каждый в свой город.",
        "2": "С Зоровавелем пришли: Иисус, Неемия, Сараия, Реелай, Мардохей, Билшан, Мисфар, Бигвай, Рехум, Ваана. Вот список имён и число израильтян, которые вернулись из плена:",
        "3": "потомков Пароша 2 172;",
        "4": "потомков Сафатии 372;",
        "5": "потомков Араха 775;",
        "6": "потомков Пахаф-Моава из семей Иисуса и Иоава 2 812;",
        "7": "потомков Елама 1 254;",
        "8": "потомков Заффу 945;",
        "9": "потомков Закхая 760;",
        "10": "потомков Вании 642;",
        "11": "потомков Бебая 623;",
        "12": "потомков Азгада 1 222;",
        "13": "потомков Адоникама 666;",
        "14": "потомков Бигвая 2 056;",
        "15": "потомков Адина 454;",
        "16": "потомков Атера, из семьи Езекии 98;",
        "17": "потомков Бецая 323;",
        "18": "потомков Иоры 112;",
        "19": "потомков Хашума 223;",
        "20": "потомков Гиббара 95;",
        "21": "жителей города Вифлеема 123;",
        "22": "жителей города Нетоф 56;",
        "23": "жителей города Анафоф 128;",
        "24": "жителей города Азмавеф 42;",
        "25": "жителей Кириаф-Иарима, Кефиры и Беерофа 743;",
        "26": "жителей Рамы и Гевы 621;",
        "27": "жителей Михмаса 122;",
        "28": "жителей Вефиля и Гая 223;",
        "29": "жителей Нево 52;",
        "30": "жителей Магбиша 156;",
        "31": "жителей другого города под названием Елам 1 254;",
        "32": "жителей Харима 320;",
        "33": "жителей Лода, Хадида и Она 725;",
        "34": "жителей Иерихона 345;",
        "35": "жителей Сенаи 3 630.",
        "36": "Священников: потомков Иедаии, из семьи Иисуса 973;",
        "37": "потомков Иммера 1 052;",
        "38": "потомков Пашхура 1 247;",
        "39": "потомков Харима 1 017.",
        "40": "Людей из колена Левия: потомков Иисуса и Кадмиила из семьи Годавии 74.",
        "41": "Певцов: потомков Асафа 128.",
        "42": "Потомков привратников храма: потомков Селлума, Атера, Талмона, Аккува, Хатиты и Шовая 139.",
        "43": "Потомки особых слуг храма: потомки Цихи, Хасуфы, Таббаофа,",
        "44": "Кероса, Сиаги, Фадона,",
        "45": "Лебаны, Хагабы, Аккува,",
        "46": "Хагава, Шамлая, Ханана,",
        "47": "Гиддела, Гахара, Реаии,",
        "48": "Рецина, Некоды, Газзама,",
        "49": "Уззы, Пасеаха, Весая,",
        "50": "Асны, Меунима, Нефисима,",
        "51": "Ваквука, Хакуфы, Хархура,",
        "52": "Бацлуфа, Мехиды, Харши,",
        "53": "Варкоса, Сисары, Фамаха,",
        "54": "Нециаха и Хатифы.",
        "55": "Потомки слуг Соломона: потомки Сотая, Гассоферефа, Феруды,",
        "56": "Иаала, Даркона, Гиддела,",
        "57": "Сефатии, Хаттила, Похереф-Гаццеваима и Амаия.",
        "58": "Всего слуг храма и потомков слуг Соломона 392.",
        "59": "Некоторые люди пришли в Иерусалим из таких городов: Телмелах, Тел-Харши, Керув, Аддон и Иммер. Но эти люди не могли доказать, что их семьи были из колен Израиля:",
        "60": "потомки Делаии, потомки Товии и Некоды 652.",
        "61": "Из семьи священников там были: потомки Хабайи, Гаккоца и Верзеллий (человек, женившийся на дочери Верзеллия из Галаада, считался потомком Верзеллия).",
        "62": "Эти люди искали свои имена в семейных летописях, но не могли их найти. Они не могли доказать, что их предки были священниками, поэтому и не могли служить священниками, и их имена не были внесены в списки священников.",
        "63": "Правитель приказал этим людям не есть святую пищу, пока не придёт священник, который мог бы с уримом и туммимом спросить Бога, что делать.",
        "64-65": "Всего там было сорок две тысячи триста шестьдесят человек, которые вернулись, не считая семи тысяч трёхсот тридцати семи слуг и служанок. С ними было двести певцов и певиц.",
        "66-67": "У них во владении было семьсот тридцать шесть лошадей, двести сорок пять мулов, четыреста тридцать пять верблюдов и шесть тысяч семьсот двадцать ослов.",
        "68": "Когда эти израильтяне добрались до храма Господа в Иерусалиме, вожди семей поднесли свои подарки для строительства дома Господа. Они хотели построить новый храм на месте разрушенного.",
        "69": "Эти люди дали столько, сколько могли дать. Вот перечень всех вещей, которые они пожертвовали для строительства храма: 61 000 драхм золота, 5 000 мин серебра и 100 одежд, которые носили священники.",
        "70": "Так священники, левиты и другие люди поселились в Иерусалиме и на территории вокруг него. В число этих людей входили певцы, привратники и слуги храма. Остальной народ Израиля поселился в своих городах."
    },
    "3": {
        "1": "Когда наступил седьмой месяц, народ Израиля вернулся в свои города. Все люди тогда встретились в Иерусалиме, и все они были сплочены как один.",
        "2": "Иисус, сын Иоседека, и священники с ним, Зоровавель, сын Салафииля, и люди с ним, построили алтарь Богу Израиля, чтобы приносить на нём жертвы. Они построили его именно так, как говорится в Законе Моисея, Божьего человека.",
        "3": "Израильтяне боялись других народов, которые жили по соседству с ними, но это не остановило их. Они построили алтарь на старом основании и принесли на нём жертвы всесожжения Господу. Они приносили эти жертвы утром и вечером,",
        "4": "а затем отпраздновали праздник Укрытий, согласно Закону Моисея. Они принесли определённое количество жертв всесожжения для каждого дня праздника.",
        "5": "После этого они начали приносить постоянные ежедневные жертвы всесожжения и в праздник Новолуния, и во все другие праздники, установленные Господом. Люди также начали приносить и другие приношения, которые они хотели пожертвовать Господу.",
        "6": "Так в первый день седьмого месяца израильтяне снова стали приносить жертвы Господу. Это произошло ещё до начала строительства храма.",
        "7": "Затем израильтяне, вернувшиеся из плена, заплатили каменщикам и плотникам, а также дали им продукты, вино и оливковое масло. Они платили всем мастерам из Тира и Сидона, чтобы те доставляли кедровые брёвна из Ливана. Они планировали везти эти брёвна по морю в приморский город Иоппия, как делал Соломон, когда строил первый храм. Кир, царь Персии, дал им на это разрешение.",
        "8": "На второй месяц следующего года после прихода израильтян к храму в Иерусалиме, Зоровавель, сын Салафииля, и Иисус, сын Иоседека, начали работу. С ними работали их братья, священники, левиты и все, кто вернулись в Иерусалим из плена. Они выбрали левитов от двадцати лет и старше руководить строительством храма Господа.",
        "9": "Вот перечень людей, руководивших работой по строительству храма Господа: Иисус и его сыновья, Кадмиил и его сыновья (потомки Иуды), сыновья Хенадада и их братья, и левиты.",
        "10": "Строители закончили укладку основания храма Господа. Когда основание было заложено, священники надели свои священнические одежды и взяли свои трубы, а левиты, сыновья Асафа, взяли кимвалы. Все они заняли свои места, чтобы прославлять Господа. Это было сделано по завещанию Давида, израильского царя.",
        "11": "Прославляя и благодаря, они пели Господу попеременно: «Господь добр, любовь Его вечна!» И весь народ громко восклицал, прославляя Господа, потому что было заложено основание храма Господа.",
        "12": "Но многие старые священники, левиты и вожди семей плакали, потому что они видели первый храм и помнили его красоту. Они громко плакали, когда смотрели на новый храм, но в то же время многие громко восклицали от радости.",
        "13": "И этот шум был далеко слышен. Народ так шумел, что невозможно было отличить в нём плача от радостных возгласов."
    },
    "4": {
        "1": "Многие люди, жившие там, были против народа Иуды и Вениамина. Эти враги услышали, что люди, вернувшиеся из плена, строят храм Господу, Богу Израиля.",
        "2": "Они пришли к Зоровавелю и к вождям семей и сказали: «Разрешите нам помочь вам в строительстве. Мы, как и вы, поклоняемся вашему Богу. Мы приносили жертвы вашему Богу с тех пор, как Асардан, ассирийский царь, привёл нас сюда».",
        "3": "Но Зоровавель, Иисус и другие вожди семей Израиля ответили: «Нет, вам нельзя оказывать помощь в строительстве храма нашему Богу. Только мы можем строить храм Господу, Богу Израиля. Так повелел нам Кир, царь Персии».",
        "4": "Тогда народ той земли попытался запугать иудеев и помешать им строить храм.",
        "5": "Они наняли правительственных чиновников, чтобы воспрепятствовать иудеям. Эти чиновники постоянно старались помешать планам иудеев построить храм. И так продолжалось во всё время царствования Кира, персидского царя, и до тех пор, пока персидским царём стал Дарий.",
        "6": "В первый год правления в Персии царя Ахашвероша эти враги написали обвинение против жителей Иерусалима и Иудеи.",
        "7": "И позже, когда персидским царём стал Артаксеркс, некоторые из этих людей написали ещё одно письмо с жалобой на иудеев. Люди, написавшие это письмо, были Бишлам, Мифредат, Тавеил и некоторые другие из них. Они написали письмо царю Артаксерксу арамейскими буквами и с переводом на арамейский язык.",
        "8": "Тогда советник Рехум и писарь Шимшай написали письмо против народа Иерусалима. Они написали царю Артаксерксу письмо с таким содержанием:",
        "9-10": "От советника Рехума и писаря Шимшая, и от судей, и от знатных начальников над тарпелеями, персами, ерехьянами, вавилонянами, сузанцами, и от других народов, которых великий и могущественный Аснафар переселил в Самарию и в другие земли, располагавшиеся к западу от реки Евфрат.",
        "11": "Вот копия письма, которое они послали царю Артаксерксу: Царю Артаксерксу от твоих слуг, живущих к западу от реки Евфрат.",
        "12": "Царь Артаксеркс, мы хотим сообщить тебе, что иудеи, которые ушли от тебя и вернулись сюда, пришли в Иерусалим. Эти иудеи пытаются снова восстановить этот мерзкий город. Жители этого города всегда восставали против других царей. В данный момент иудеи почти закончили починку фундамента и строительство стен.",
        "13": "И ещё, царь Артаксеркс, ты должен знать, что если Иерусалим и его стены будут восстановлены, то жители Иерусалима перестанут платить налоги. Они перестанут давать деньги, чтобы славить тебя. Они также перестанут платить пошлину, и царь потеряет все эти деньги.",
        "14": "Мы несём ответственность перед царём и не хотим видеть царя обесчещенным. Поэтому мы посылаем это письмо, чтобы уведомить царя.",
        "15": "Царь Артаксеркс, мы предлагаем, чтобы ты велел внимательно прочесть летописи царей, которые правили до тебя. Тогда ты узнаешь из этих летописей, что Иерусалим всегда восставал против других царей. Это принесло много несчастий другим царям и народам. Много восстаний начиналось в этом городе с древних времён! Поэтому Иерусалим и был разрушен!",
        "16": "Царь Артаксеркс, мы хотим тебя предостеречь, что, если этот город и его стены будут восстановлены, тогда ты потеряешь власть над землями к западу от реки Евфрат.",
        "17": "Царь Артаксеркс послал им следующий ответ: Советнику Рехуму и писарю Шимшаю, и с ними всем людям, живущим в Самарии и в других городах, находящихся к западу от реки Евфрат. Приветствия!",
        "18": "Письмо, которое вы послали, было переведено и прочитано мне.",
        "19": "Я приказал, чтобы были просмотрены летописи царей, которые правили до меня. Летописи были прочитаны, и мы узнали, что у Иерусалима очень длинная история восстаний против царей. Иерусалим был местом, где часто поднимались восстания и мятежи.",
        "20": "В Иерусалиме всегда были сильные и могущественные цари, которые правили над ним и над всей территорией к западу от реки Евфрат. Они собирали подати, налоги и пошлины.",
        "21": "Теперь вы должны приказать этим людям прекратить работы, чтобы Иерусалим не строился до тех пор, пока я не дам повеления его восстановить.",
        "22": "Проследите, чтобы работы по восстановлению были немедленно прекращены. Мы не можем позволить, чтобы строительство Иерусалима продолжалось. Если эта работа будет продолжаться, то я больше не смогу собирать налоги с Иерусалима.",
        "23": "Копия письма, которое послал царь Артаксеркс, была прочитана Рехуму, писарю Шимшаю, и людям, которые были с ними. Эти люди быстро отправились к иудеям в Иерусалим и заставили их остановить строительство.",
        "24": "Работа в храме Божьем в Иерусалиме была прекращена. Эта работа была приостановлена до второго года царствования Дария, персидского царя."
    },
    "5": {
        "1": "В то время пророк Аггей и пророк Захария, сын Адды, начали пророчествовать во имя Бога. Они ободряли евреев в Иудее и Иерусалиме.",
        "2": "Тогда Зоровавель, сын Салафииля, и Иисус, сын Иоседека, снова начали работы по восстановлению храма в Иерусалиме. Все Божьи пророки были с ними и поддерживали работу.",
        "3": "В то время Фафнай был начальником областей, располагавшихся к западу от реки Евфрат. Фафнай, Шефар-Бознай и люди с ними пошли к Зоровавелю, Иисусу и к тем, кто строил, и спросили их: «Кто разрешил вам строить этот храм? Кто дал вам позволение полностью восстановить его?»",
        "4": "Они также спросили Зоровавеля: «Как зовут людей, которые строят это здание?»",
        "5": "Но Бог охранял иудейских вождей. Строители не прекращали работать до тех пор, пока отчёт не был отправлен к царю Дарию и пока он не прислал ответ.",
        "6": "Фафнай, начальник областей к западу от реки Евфрат, Шефар-Бознай и знатные люди с ними послали письмо царю Дарию.",
        "7": "Вот копия того письма: Царю Дарию, приветствия!",
        "8": "Царь Дарий, да будет тебе известно, что мы ходили в провинцию Иуду. Мы ходили к храму великого Бога. Иудеи строят этот храм из больших камней. Они вставляют в стены деревянные балки. Работа делается тщательно, и иудеи работают с большим усердием. Они строят очень быстро, и работа скоро будет закончена.",
        "9": "Мы задали их вождям несколько вопросов о работе, которую они выполняют. Мы спросили их: «Кто разрешил вам строить этот храм? Кто дал вам позволение полностью восстановить его?»",
        "10": "Мы также спросили их имена. Мы хотели записать их имена, чтобы ты знал, кто они.",
        "11": "Вот ответ, который они нам дали: «Мы слуги Бога неба и земли. Мы восстанавливаем храм, построенный много лет назад великим царём Израиля.",
        "12": "Но наши предки разгневали Бога Небесного, и Бог отдал их халдею Навуходоносору, царю Вавилона. Навуходоносор разрушил этот храм и заставил народ переселиться в Вавилон.",
        "13": "Но в первый год царствования Кира, вавилонского царя, он отдал особый приказ заново отстроить храм Божий.",
        "14": "Тогда Кир вынес из храма своих лжебогов в Вавилоне золотые и серебряные вещи, которые в прошлом Навуходоносор забрал из храма Божьего в Иерусалиме, и принёс в храм своих лжебогов в Вавилоне. Затем царь Кир отдал эти золотые и серебряные вещи Шешбацару. Кир избрал Шешбацара правителем этой провинции.",
        "15": "Он сказал Шешбацару: „Возьми эти золотые и серебряные предметы и внеси их обратно в Иерусалимский храм. Построй заново храм Божий на том же месте, где он стоял раньше”.",
        "16": "Шешбацар пришёл и построил основание храма Божьего в Иерусалиме. С того дня и до сих пор работа продолжается, но она ещё не закончена.",
        "17": "Если царю угодно, просим тебя, поищи в царских летописях в Вавилоне. Посмотри, правда ли то, что царь Кир приказал заново построить храм Божий в Иерусалиме. А потом, господин, пришли нам письмо, чтобы мы знали, что ты решил сделать»."
    },
    "6": {
        "1": "Тогда царь Дарий дал приказ разыскать записи царей, которые правили до него. Эти записи хранились в Вавилоне, там же, где находилась царская казна.",
        "2": "В крепости Екбатана, в Мидийской провинции, был найден свиток. Вот что в нём было написано: Официальная запись:",
        "3": "В первый год правления царя Кира, он дал приказ о храме Божьем в Иерусалиме. В приказе говорилось: Пусть будет заново восстановлен храм Божий, и он будет местом для жертвоприношений, и пусть будет заложено его основание. Храм должен быть высотой в 60 локтей и шириной в 60 локтей.",
        "4": "Стена вокруг него должна быть сложена из трёх рядов больших камней и одного ряда деревянных столбов. Стоимость строительства должна выплачиваться из царской сокровищницы,",
        "5": "а золотые и серебряные предметы из храма Божьего должны быть возвращены на своё место. Навуходоносор вывез эти вещи из храма в Иерусалиме и привёз их в Вавилон. Они должны быть снова возвращены в храм Божий.",
        "6": "Поэтому, я, Дарий, приказываю тебе, Фафнай, начальник области, находящейся к западу от реки Евфрат, и Шефар-Бознаю, и всем приближённым, живущим там, держитесь подальше от Иерусалима.",
        "7": "Не пытайтесь препятствовать работе над храмом Божьим. Пусть иудейский областной начальник и иудейские вожди построят Божий храм заново на том же самом месте, где он был раньше.",
        "8": "И вот моё следующее повеление о том, что вы должны сделать для иудейских вождей, строящих храм Божий: стоимость строительства должна быть полностью выплачена из царской сокровищницы. Эти деньги будут поступать от сбора налогов из провинций, располагающейся к западу от реки Евфрат. Делайте это быстро, чтобы работа не прекращалась.",
        "9": "Дайте этим людям всё, что им нужно. Если им нужны телята, бараны или ягнята для жертвоприношений Богу Небесному, дайте их. Если священники Иерусалима попросят пшеницу, соль, вино и масло, выдавайте им это изо дня в день без задержки.",
        "10": "Давайте это иудейским священникам, чтобы они могли приносить жертвы, приятные Богу Небесному, и молиться за меня и моих сыновей.",
        "11": "Я также повелеваю: если кто-нибудь изменит этот указ, то из дома этого человека должно быть вынуто бревно и тело этого человека должно быть распято на этом бревне, а его дом разрушен и превращён в развалины.",
        "12": "Бог поместил Своё имя в Иерусалиме. Пусть Бог уничтожит любого царя или человека, который попытается изменить или уничтожить этот храм в Иерусалиме. Я, Дарий, дал это повеление. Оно должно быть исполнено быстро и в точности!",
        "13": "Получив это письмо, Фафнай, начальник провинции, находившейся к западу от реки Евфрат, Шефар-Бознай и их люди подчинились приказу царя Дария. Все они подчинились приказу быстро и точно.",
        "14": "Иудейские вожди продолжали строить храм, и им сопутствовал успех, как и предсказывали им Аггея и Захария, сын Адды. Мастера закончили строительство храма по воле Бога Израиля и во исполнение приказов Кира, Дария и Артаксеркса, персидских царей.",
        "15": "Строительство храма было закончено на третий день месяца адара, на шестой год правления царя Дария.",
        "16": "Тогда народ Израиля с великой радостью отпраздновал освящение храма Божьего. Священники, левиты и все, вернувшиеся из плена, участвовали в праздновании.",
        "17": "Вот как они освящали храм Божий: они принесли в жертву сто быков, двести баранов и четыреста ягнят. И за весь Израиль они принесли двенадцать козлов в жертву за грех, по одному козлу за каждое из двенадцати колен Израиля.",
        "18": "Затем они выбрали священников в своих группах и левитов в их группах, чтобы служить в храме Божьем в Иерусалиме. Они исполнили всё точно так, как было сказано в книге Моисея.",
        "19": "На четырнадцатый день первого месяца те евреи, которые вернулись из плена, отпраздновали Пасху.",
        "20": "Священники и левиты очистились и подготовились к празднованию Пасхи. Левиты закололи пасхального ягнёнка для всех евреев, которые вернулись из плена. Они сделали это и для своих братьев священников, и для себя.",
        "21": "Тогда все израильтяне, которые вернулись из плена, ели пасхальную пищу. Люди, которые очищались от нечистот других народов этой земли, тоже ели пасхальную пищу, чтобы поклоняться Господу, Богу Израиля.",
        "22": "Семь дней они с великой радостью праздновали праздник Пресных Хлебов. Господь их очень обрадовал, потому что Он расположил к ним сердце ассирийского царя, и царь помог им построить храм Богу Израиля."
    },
    "7": {
        "1": "После всех этих событий, во время царствования Артаксеркса, персидского царя, из Вавилона в Иерусалим пришёл Ездра, сын Сераии. Сераия был сыном Азарии. Азария был сыном Хелкии.",
        "2": "Хелкия был сыном Селлума. Селлум был сыном Садока. Садок был сыном Ахитува.",
        "3": "Ахитув был сыном Амарии. Амария был сыном Азарии. Азария был сыном Мераиофа.",
        "4": "Марайоф был сыном Зерахии. Зерахия был сыном Уззии. Уззия был сыном Буккия.",
        "5": "Буккий был сыном Авишуя. Авишуй был сыном Финееса. Финеес был сыном Елеазара. Елеазар был сыном первосвященника Аарона.",
        "6": "Ездра пришёл в Иерусалим из Вавилона. Он был учителем, хорошо знавшим Закон Моисея. Закон Моисея был дан Господом Богом Израиля. Царь Артаксеркс дал Ездре всё, о чём он просил, потому что Господь был с Ездрой.",
        "7": "Много израильтян пришло с Ездрой. Это были священники, левиты, певцы, привратники и служители храма. Эти израильтяне пришли в Иерусалим в седьмой год царствования Артаксеркса.",
        "8": "Ездра пришёл в Иерусалим в пятый месяц седьмого года правления царя Артаксеркса.",
        "9": "Ездра и его люди вышли из Вавилона в первый день первого месяца. Он пришёл в Иерусалим в первый день пятого месяца, и Господь Бог был с Ездрой.",
        "10": "Ездра посвящал всё своё время и внимание изучению и исполнению закона Господа, так как хотел научить народ Израиля правилам и законам Господним.",
        "11": "Ездра был священником и учителем. Он знал много о заповедях и законах, которые Господь дал Израилю. Вот копия письма, которое царь Артаксеркс дал учителю Ездре:",
        "12": "От царя Артаксеркса, священнику Ездре, учителю закона Господа, Бога небес: Приветствия!",
        "13": "Я повелеваю, чтобы любой человек, священник или левит из Израиля, живущий в моём царстве, который хочет идти с Ездрой в Иерусалим, мог идти с тобой.",
        "14": "Ездра, я и мои семь советников посылаем тебя в Иудею и Иерусалим. Посмотри, подчиняется ли твой народ закону Бога твоего. Этот закон находится у тебя.",
        "15": "Я и мои советники даём золото и серебро Богу Израиля, Который живёт в Иерусалиме. Ты должен взять это золото и серебро с собой.",
        "16": "Пройди по всем районам Вавилона и собери все дары у народа, священников и левитов. Эти дары предназначены для храма Божьего в Иерусалиме.",
        "17": "На эти деньги купи быков, баранов и ягнят. Купи хлебные приношения и возлияния, которые необходимо жертвовать вместе с этими приношениями. Принеси всё это в жертву на алтаре в храме твоего Бога в Иерусалиме.",
        "18": "А оставшееся серебро и золото ты и другие евреи можете потратить по вашему усмотрению. Сделайте с ними то, что будет угодно вашему Богу.",
        "19": "Возьми всё это для Бога Иерусалима. Они предназначены для поклонения в храме вашего Бога.",
        "20": "Ты можешь взять и любые другие вещи, которые нужны тебе для храма твоего Бога. Бери деньги из царских сокровищниц на всё, что тебе нужно.",
        "21": "Я, царь Артаксеркс, даю следующий приказ: я повелеваю всем людям, которые хранят царские деньги в районе к западу от реки Евфрат, дать Ездре всё, что он захочет. Ездра — священник и учитель закона Бога Небесного. Исполняйте всё быстро и точно.",
        "22": "Дайте Ездре 100 талантов серебра, 100 кор пшеницы, 100 батов вина, 100 батов оливкового масла и столько соли, сколько Ездра захочет.",
        "23": "Всё, что Бог Небесный велит Ездре взять, вы должны дать ему немедленно и сполна. Делайте это для храма Бога Небесного. Мы не хотим, чтобы Бог разгневался на моё царство или на моих сыновей.",
        "24": "Ездра, ты также должен знать, что противозаконно заставлять священников, левитов, певцов, привратников, слуг храма и других, работающих в храме Божьем, платить налоги. Эти люди не должны платить налоги и пошлины, а также давать деньги для прославления царя.",
        "25": "Ездра, я даю тебе власть, пользуясь мудростью, данной тебе Богом твоим, выбери гражданских и религиозных судей. Эти люди будут судьями для всего народа, живущего в районе к западу от реки Евфрат. Они будут судить всех людей, которые знают законы твоего Бога, а тех, кто не знает этих законов, судьи должны обучать им.",
        "26": "Каждый, кто не подчиняется закону твоего Бога или закону царя, должен быть наказан. В зависимости от тяжести преступления, они должны быть либо преданы смерти, либо быть высланы в другую страну, они должны быть лишены имущества или заключены в тюрьму.",
        "27": "Благословен Господь, Бог наших предков. Бог вложил в сердце царя мысли прославить храм Господа в Иерусалиме.",
        "28": "Господь показал Свою истинную любовь ко мне перед царём, перед его советниками и перед важными приближёнными царя. Господь Бог был со мной, и я был смел. Я собрал вождей Израиля идти со мной в Иерусалим."
    },
    "8": {
        "1": "Вот список имён вождей семей и других людей, которые вернулись со мной (Ездрой) в Иерусалим из Вавилона. Мы пришли в Иерусалим во время царствования Артаксеркса. Вот список их имён:",
        "2": "из потомков Финееса был Гирсон; из потомков Ифамара был Даниил; из потомков Давида был Хаттуш;",
        "3": "из потомков Шехании были потомки Пароша, Захарии и сто пятьдесят других мужчин;",
        "4": "из потомков Пахаф-Моава был Елиегоэнай, сын Зерахии, и двести других мужчин;",
        "5": "из потомков Заффу был Шехания, сын Иахазиила, и триста других мужчин;",
        "6": "из потомков Адина был Евед, сын Ионафана, и пятьдесят других мужчин;",
        "7": "из потомков Елама был Иешая, сын Афалии, и семьдесят других мужчин;",
        "8": "из потомков Сафатии был Зевадия, сын Михаила, и восемьдесят других мужчин;",
        "9": "из потомков Иоава был Авдия, сын Иехиила, и двести восемнадцать других мужчин;",
        "10": "из потомков Вании был Шеломиф, сын Иосифии, и сто шестьдесят других мужчин;",
        "11": "из потомков Бевая был Захария, сын Бевая, и двадцать восемь других мужчин;",
        "12": "из потомков Азгада был Иоханан, сын Геккатана, и сто десять других мужчин;",
        "13": "из последних потомков Адоникама были Елифелет, Иеиел, Шемаия и шестьдесят других мужчин;",
        "14": "из потомков Бигвая были Уфай, Закхур и семьдесят других мужчин.",
        "15": "Я, Ездра, собрал всех этих людей у реки, которая вливается в Агаву. Мы простояли на том месте три дня. Я узнал, что среди них были священники, но не было левитов.",
        "16": "Затем я отправил сообщение, чтобы позвали вождей: Елиезера, Ариила, Шемаию, Елнафана, Иоиарива, Елнафана, Нафана, Захарию и Мешуллама. Я также послал за учителями Иояривом и Елнафаном.",
        "17": "Я послал этих людей к Адде, вождю города Касифье, и сказал им, что они должны сказать Адде и его родственникам. Его родственники — служители храма в Касифье. Я послал этих людей к Адде, чтобы он дал нам людей для службы в храме Божьем.",
        "18": "И так как Бог был с нами, родственники Адды послали к нам Шеревию, мудрого человека из потомков Махли, одного из сыновей Левия. Левий был одним из сыновей Израиля. И они послали к нам сыновей и братьев Шеревия. Всего из той семьи было восемнадцать человек.",
        "19": "Они также послали к нам Хашавию и Иешаю из потомков Мерари. Они также послали их братьев и племянников. Всего из той семьи было двадцать человек.",
        "20": "Они также послали двести двадцать служителей храма. Их предки были людьми, которых Давид и важные начальники выбрали помогать левитам. Имена этих людей были внесены в список.",
        "21": "Там, возле реки Агава, я объявил, что нам необходимо поститься, чтобы смириться перед нашим Богом и просить у Него благополучного пути для нас, наших детей и имущества.",
        "22": "Мне было стыдно просить у царя Артаксеркса воинов и всадников, чтобы охранять нас в пути, так как на дорогах были враги. Мне было стыдно просить защиты, потому что мы сказали царю Артаксерксу: «Наш Бог пребывает с каждым, кто доверился Ему, но гнев и могущество Бога направлены против тех, кто отвернулся от Него».",
        "23": "Итак, мы постились и просили нашего Бога об этом, и Он ответил на наши молитвы.",
        "24": "Затем я выбрал вождями двенадцать священников: Шеревию, Хашавию и десять их братьев.",
        "25": "Я взвесил серебро, золото и остальные вещи, которые были пожертвованы для храма Божьего. Я отдал всё это двенадцати священникам, которых выбрал. Царь Артаксеркс, его советники, приближённые и все израильтяне, которые находились в Вавилоне, пожертвовали всё это для храма Божьего.",
        "26": "Я взвесил все эти вещи, и там оказалось 650 талантов серебра, 100 талантов серебряной посуды и вещей и 100 талантов золота.",
        "27": "Я отдал им 20 золотых чаш, весом около 1 000 драхм, а также 2 прекрасных сосуда, сделанных из отполированной до блеска бронзы, которые ценились как золото.",
        "28": "Затем я сказал этим двенадцати священникам: «Вы и эти вещи священны перед Господом. Люди дали это серебро и золото Господу, Богу ваших предков.",
        "29": "Бдительно охраняйте эти драгоценные вещи. Вы отвечаете за них, пока не отдадите их вождям священников, левитам и семьям вождей в Иерусалиме. Они взвесят эти сосуды и поставят их в кладовые храма Божьего в Иерусалиме».",
        "30": "Священники и левиты приняли серебро, золото и особые вещи, которые Ездра взвесил и дал им, чтобы отнести их в храм Божий в Иерусалиме.",
        "31": "На двенадцатый день первого месяца мы отправились от реки Агава в сторону Иерусалима. Бог был с нами и всю дорогу защищал нас от врагов и грабителей.",
        "32": "Когда мы пришли в Иерусалим, то отдыхали там три дня.",
        "33": "На четвёртый день мы пошли к храму и, взвесив серебро, золото и особые вещи, отдали их священнику Меремофу, сыну Урии. С Меремофом также находились и левиты: Елеазар, сын Финееса, Иозавад, сын Иисуса, и Ноадия, сын Биннуя.",
        "34": "Мы всё пересчитали, взвесили и тогда же записали общий вес.",
        "35": "Затем люди, вернувшиеся из плена, принесли жертвы всесожжения Богу Израиля. Они принесли в жертву двенадцать быков за весь Израиль, девяносто шесть баранов, семьдесят семь ягнят и двенадцать козлов в жертву за грех. Всё это было принесено в жертву всесожжения Господу.",
        "36": "Затем эти люди отдали письмо царским вождям и начальникам земли к западу от реки Евфрат. Тогда эти вожди оказали поддержку народу Израиля и храму."
    },
    "9": {
        "1": "После того как мы завершили всё это, ко мне пришли вожди Израиля. Они сказали: «Ездра, народ Израиля не сторонился других народов, живших вокруг нас, и священники и левиты тоже не жили отдельно от них. Народ Израиля находился под влиянием мерзких поступков, которые совершались хананеями, хеттеями, ферезеями, иевусеями, аммонитянами, моавитянами, египтянами и аморреями.",
        "2": "Израильтяне брали себе жён из народов, которые жили вокруг нас. Народ Израиля должен был быть особенным, но теперь он смешался с другими народами, живущими вокруг нас. Вожди и важные начальники первыми совершили этот грех».",
        "3": "Когда я услышал об этом, я разорвал свою одежду и плащ, рвал волосы на своей голове и на бороде и сидел поражённый и опечаленный.",
        "4": "Тогда все, кто с уважением соблюдали Закон Божий, затряслись от страха. Они боялись, потому что народ Израиля, который вернулся из плена, не был предан Богу. Я был поражён и опечален, и сидел там до вечернего жертвоприношения, а эти люди собрались вокруг меня.",
        "5": "Когда пришло время вечернего жертвоприношения, я встал. Мне было стыдно сидеть там. Моя нижняя и верхняя одежда была разорвана; я упал на колени и простёр руки к Господу, Богу моему.",
        "6": "И тогда я произнёс такую молитву: «Боже мой, меня охватил позор, я стыжусь смотреть на Тебя, потому что наши грехи стали выше головы, и наша вина достигла самых небес.",
        "7": "Мы виноваты во многих грехах со времён наших предков и до сих пор. За наши грехи Бог отдал нас, наших царей и наших священников иноземным царям, которые нападали на нас и уводили наших людей. Эти цари забирали наше богатство и позорили нас. Всё то же происходит и в наши дни.",
        "8": "Но теперь, наконец, Ты смилостивился над нами. Ты позволил некоторым из нас спастись из плена и обрести жилище в этом святом месте. Ты, Боже, дал нам новую жизнь и освободил нас от рабства.",
        "9": "Да, мы были рабами, но Ты, Бог, не позволил нам быть рабами вечно. Ты сделал так, чтобы персидские цари были милостивы к нам. Твой храм был разрушен, но Ты дал нам новую жизнь, чтобы мы могли снова отстроить Твой храм и восстановить его из развалин. Ты помог нам построить стену, чтобы защитить Иудею и Иерусалим.",
        "10": "Теперь, Боже, что мы можем сказать Тебе? Мы снова перестали подчиняться Твоим заповедям!",
        "11": "Боже, через Твоих слуг, пророков, Ты дал нам эти заповеди. Ты говорил: „Земля, в которую вы идёте жить и которой будете владеть, — погубленная земля. Она была погублена ужасными делами людей, которые жили там. Эти люди поступали мерзко повсюду на этой земле и своими грехами сделали землю нечистой.",
        "12": "Итак, израильтяне, не позволяйте вашим детям жениться и выходить замуж за их детей. Не вступайте в союз с этими людьми! Не желайте того, что они имеют! Подчиняйтесь Моим указаниям, и вы укрепитесь, и будете наслаждаться благами земли. Только тогда вы сможете хранить эту землю и передать её вашим детям”.",
        "13": "Мы сами виноваты в несчастьях, которые случились с нами. Мы творили зло, и мы очень виноваты! Но Ты, Боже наш, дал нам наказание, которое меньше, чем мы заслужили. Ты даже позволил некоторым из нас спастись из плена.",
        "14": "Мы знаем, что не должны нарушать Твои заповеди, мы не должны жениться и выходить замуж за тех, кто совершает мерзости. Боже, если мы и дальше будем жениться и выходить замуж за этих людей, мы знаем, что Ты уничтожишь нас! Тогда здесь не останется в живых ни одного человека из народа Израиля.",
        "15": "Господи, Боже Израиля, Ты добр! Ты всё же оставил некоторых из нас в живых. Да, мы виновны! И из-за нашей вины ни одному из нас не должно быть позволено стоять перед Тобой»."
    },
    "10": {
        "1": "Ездра молился и исповедовался, плача и склоняясь перед храмом Божьим. Тем временем вокруг него собралось много израильтян: мужчин, женщин и детей. Эти люди тоже горько плакали.",
        "2": "Тогда Шехания, сын Иехиила, один из потомков Елама, сказал Ездре: «Мы не были верны нашему Богу. Мы женились на женщинах из народов, живущих вокруг нас. И хотя мы совершили этот грех, есть ещё надежда для Израиля!",
        "3": "Теперь позволь нам заключить соглашение перед нашим Богом, что мы отошлём всех этих женщин и их детей. Мы сделаем это, следуя совету Ездры и людей, которые принимают законы нашего Бога. Мы подчинимся закону Божьему.",
        "4": "Встань, Ездра, на тебе лежит ответственность за всё это, но мы поддержим тебя. Наберись мужества и действуй!»",
        "5": "Тогда Ездра встал и велел главным священникам, левитам и всему народу Израиля обещать сделать то, что он скажет. И они обещали.",
        "6": "Затем Ездра, отойдя от храма Божьего, вошёл в комнату Иоханана, сына Елиашива, и, находясь там, ничего не ел и не пил. Ездра делал это потому, что всё ещё был очень опечален. Он очень печалился о грехе израильтян, которые вернулись в Иерусалим.",
        "7": "Затем он отправил послание в каждый город в Иудее и Иерусалиме. В послании говорилось, что все, кто вернулись из плена, должны собраться в Иерусалиме.",
        "8": "Тот, кто не придёт в Иерусалим через три дня, должен будет отдать всё своё имущество, по решению начальников и старейшин, и больше не будет принадлежать сообществу, в котором он живёт.",
        "9": "Через три дня все мужчины из семей Иуды и Вениамина собрались в Иерусалиме. И на двадцатый день девятого месяца весь народ собрался во дворе храма Божьего. Народ был недоволен причиной собрания, а также негодовал из-за сильного дождя.",
        "10": "Священник Ездра встал и обратился к людям с такими словами: «Люди, вы не были верны Богу. Вы женились на женщинах из других народов. Делая это, вы ещё больше усугубляли вину Израиля.",
        "11": "Теперь вы должны признаться пред Господом, Богом ваших предков, что вы согрешили. Вы должны подчиняться заветам Господа. Отделитесь от народов, живущих вокруг вас, и от ваших жён, которые принадлежат другим народам».",
        "12": "Тогда все, кто собрались там, во весь голос ответили Ездре: «Ездра, ты прав! Мы должны сделать то, что ты говоришь.",
        "13": "Но здесь множество народа; сейчас дождливое время года, и мы не можем стоять на улице. Да и дело это не может быть решено за день или два, потому что мы много грешили.",
        "14": "Пусть наши вожди решат за всех, кто собрался здесь, и пусть каждый человек в наших городах, который женат на чужестранке, придёт сюда в Иерусалим в назначенное время. Пусть они придут сюда со старейшинами и судьями своих городов. Тогда Бог перестанет гневаться на нас».",
        "15": "Всего лишь несколько человек были против такого решения. Это были Ионафан, сын Асаила, и Яхзеия, сын Тиквы. Мешуллам и левит Шавфай тоже были против такого плана.",
        "16": "А народ Израиля, который вернулся в Иерусалим, согласился с этим решением. Священник Ездра выбрал мужчин, которые были вождями семей. Он выбрал по одному человеку из каждого колена, и каждый был перечислен поимённо. В первый день десятого месяца эти избранные мужчины сели, чтобы изучить каждое дело.",
        "17": "К первому же дню первого месяца они закончили обсуждение всех людей, женатых на чужестранках.",
        "18": "Вот имена потомков священников, которые были женаты на чужестранках: Из потомков Иисуса, сына Иоседека, и его братьев: Маасея, Елиезер, Иарив и Годолия.",
        "19": "Все они обещали разойтись со своими жёнами, а потом каждый из них принёс барана из стада в жертву за грех. Они сделали это за свою вину.",
        "20": "Из потомков Иммера: Ханани и Зевадия.",
        "21": "Из потомков Харима: Маасея, Илия, Шемаия, Иехиил и Уззия.",
        "22": "Из потомков Пашхура: Елиоенай, Маасея, Измаил, Нафанаил, Иозавад и Эласа.",
        "23": "Из левитов: Иозавад, Шимей, Келаия (его также звали Клита), Петахия, Иуда и Елиезер.",
        "24": "Из певцов: Елиашив. Из привратников: Селлум, Телем и Урий.",
        "25": "Среди народа Израиля на чужестранках были женаты: из потомков Пароша: Рамаия, Иззия, Малхия, Миямин, Елеазар, Малхия и Ванея.",
        "26": "Из потомков Елама: Матфания, Захария, Иехиил, Авдий, Иремоф и Илия.",
        "27": "Из потомков Заффу: Елиоенай, Елиашив, Матфания, Иремоф, Завад и Азиса.",
        "28": "Из потомков Бевая: Иоханан, Ханания, Забвай и Афлай.",
        "29": "Из потомков Вании: Мешуллам, Маллух, Адаия, Иашув, Шеал и Иремоф.",
        "30": "Из потомков Пахаф-Моава: Адна, Хелал, Ванея, Маасея, Матфания, Веселиил, Биннуй и Манассия.",
        "31": "Из потомков Харима: Елиезер, Ишшия, Малхия, Шемаия, Симеон,",
        "32": "Вениамин, Маллух и Шемария.",
        "33": "Из потомков Хашума: Мафнай, Мафафа, Завад, Елифелет, Иеремай, Манассия и Шимей.",
        "34": "Из потомков Вании: Маадай, Амрам, Уел,",
        "35": "Ванея, Бидья, Келуги,",
        "36": "Ванея, Меремоф, Елиашив,",
        "37": "Матфания, Мафнай, Иаасай.",
        "38": "Из потомков Биннуя: Шимей,",
        "39": "Шелемия, Нафан, Адаия,",
        "40": "Махнадбай, Шашай, Шарай,",
        "41": "Азариил, Шелемия, Шемария,",
        "42": "Селлум, Амария и Иосиф.",
        "43": "Из потомков Нево: Иеиел, Маттафия, Завад, Зевина, Иаддай, Иоиль и Ванея.",
        "44": "Все эти мужчины были женаты на женщинах-чужестранках, и у некоторых из них были дети от этих жён."
    }
}