{
    "1": {
        "1": "Это слова Учителя, сына Давида, царя Иерусалима.",
        "2": "Во всём бессмысленность. Учитель говорит, что всё есть пустая трата времени.",
        "3": "Что получают люди от своих тяжких трудов на протяжении жизни? Ничего.",
        "4": "Люди живут и умирают, но земля остаётся навеки.",
        "5": "Солнце восходит и заходит, и снова спешит к месту восхода.",
        "6": "Ветер дует на юг и на север, дует снова и снова, кружась, и возвращается туда, где он зародился.",
        "7": "Все реки текут в море, но море не переполняется, и возвращаются реки на одно и то же место.",
        "8": "Всё настолько утомительно, что трудно даже это описать словами, но люди по-прежнему продолжают говорить. Слова вновь достигают наш слух, но не насыщают его, как и глаза не насыщаются тем, что видят.",
        "9": "Как было всё, так всё и будет продолжатся. Всё будет сделано, что уже было сделано, ведь в этой жизни нового ничего нет.",
        "10": "«Посмотри — это новое», — мог бы сказать человек, но это уже было когда-то, это уже было здесь ещё до того, как мы появились.",
        "11": "Того, что было давно, люди не помнят, а то, что сейчас происходит, люди в будущем помнить не будут, и позднее другие люди не будут помнить того, что сделано было до них.",
        "12": "Я, Учитель, был царём Израиля в Иерусалиме.",
        "13": "Я решил посвятить себя поискам и изучению всего того, что делается в жизни, и понял, как тяжко то, что Господь определил нам сделать.",
        "14": "Я взглянул на всё, творящееся на земле, и увидел, что всё это потеря времени, сравнимая с тщетными попытками поймать ветер.",
        "15": "Если что-то криво, ты не можешь выпрямить этого, и, если что-то утрачено, ты не можешь сказать, что оно здесь.",
        "16": "Я сказал себе: «Стал я очень мудрым, превзошёл мудростью всех царей, правивших до меня Иерусалимом, и мне известно, что такое в действительности мудрость и знание».",
        "17": "Я посвятил свой разум познанию того, в какой степени мудрость превосходит глупость, и понял, что стремиться стать мудрым так же тщетно, как пытаться поймать ветер.",
        "18": "С большою мудростью приходит разочарование, и кто увеличивает мудрость, тот увеличивает скорбь."
    },
    "2": {
        "1": "Я сказал себе: «Попытаюсь веселиться, попытаюсь насладиться всем, чем могу», но увидел, что и это бесполезно.",
        "2": "Смеяться всё время глупо, от развлечения нет никакого толка.",
        "3": "И в то время как мой разум руководствовался мудростью, я решил подбодрить тело своё вином. Я решил испытать эту глупость, потому что хотел счастливым стать. Я желал понять, что полезного должны сделать люди за время своей недолгой жизни.",
        "4": "И тогда я начал совершать великие дела: я построил дома, посадил виноградники.",
        "5": "Я сажал сады и разбивал парки, и посадил в них все виды фруктовых деревьев.",
        "6": "Я сделал водоёмы, чтобы поливать мои растущие деревья.",
        "7": "Я купил рабов и рабынь, в моём владении также были и рабы, рождённые в моём доме, у меня были стада коров и отары овец, и было у меня всего намного больше, чем у кого-либо в Иерусалиме до меня.",
        "8": "Я собрал серебро и золото, я забрал богатства у царей и областей, у меня были певцы и певицы, и всё что пожелаешь, включая многочисленных жён.",
        "9": "Я стал очень знаменитым и превзошёл в величии всех, кто жил в Иерусалиме до меня. И мудрость моя была рядом со мной, чтобы помочь мне.",
        "10": "Всё, что видели и желали глаза мои, я получал. Мой разум был доволен тем, что я делал, и счастье это было наградой за весь мой тяжкий труд.",
        "11": "Но потом я взглянул на всё, что я сделал, подумал обо всей тяжёлой работе, проделанной мной, и решил я, что это всё было потерей времени, попыткой поймать ветер. Никакой нет пользы от всего того, что мы делаем в этой жизни.",
        "12": "Затем я решил подумать о мудрости, глупости и безумстве. Я думал о правителе, который станет следующим царём, но каждый последующий царь лишь повторяет дела своего предшественника.",
        "13": "Я понял, что мудрость лучше глупости, как и свет лучше темноты.",
        "14": "Мудрый пользуется разумом как глазами, чтобы видеть, куда он идёт, а глупый словно человек, идущий в темноте. Но и у глупого, и у мудрого конец одинаков — они оба умирают.",
        "15": "И я про себя подумал: «Что случается с глупым, произойдёт и со мной! Так зачем же я так стремился к мудрости?» И я ответил сам себе: «Быть таким мудрым тоже бесполезно».",
        "16": "Нет различия между мудрым и глупым: оба умрут, и люди не будут помнить вечно ни мудрого, ни глупого. Люди забудут всё, что те сделали.",
        "17": "И всё это меня заставило возненавидеть жизнь и опечалиться при мысли, что в жизни всё так же бесполезно, как пытаться поймать ветер.",
        "18": "И свой тяжёлый труд я начал ненавидеть, потому что я не смогу ничего с собою забрать, и всё достанется тем, кто будет после меня.",
        "19": "Кто-то другой будет владеть всем, что я создал трудом и умением своим, и я не знаю, мудрым будет он или глупцом. И это всё бессмысленно.",
        "20": "И опечалился я из-за всего, что сделал.",
        "21": "Человек может много трудиться, прилагая всю мудрость, знания и мастерство, но он умрёт, и другие получат то, над чем он трудился. Они не трудились, но получат всё. Это тоже бессмысленно и очень несправедливо.",
        "22": "Что же имеет человек в результате своего труда и страданий на земле?",
        "23": "Вся жизнь его состоит из боли, разочарований и непосильного труда. И даже ночью его разум не знает отдыха. Но и это бессмысленно!",
        "24-25": "Есть ли человек, который ест и радуется жизни без Бога? Нет такого. И вот что я понял: лучшее, что может человек, — это есть, пить и наслаждаться работой, которую он должен делать. Я также понял, что всё это приходит от Бога.",
        "26": "Если человек творит добро и угождает Богу, то Бог даёт ему мудрость, знания и радость. Но кто грешит, того Бог заставляет собирать и копить, чтобы отдать тому, кто угождает Богу. Но и это всё так же бессмысленно, как пытаться поймать ветер."
    },
    "3": {
        "1": "Всему своё время, и всё на земле случится в назначенное время.",
        "2": "Время рождаться и время умирать, время сажать и время вырывать посаженное.",
        "3": "Время убивать и время лечить, время разрушать и время строить.",
        "4": "Время плакать и время смеяться, время грустить и время плясать.",
        "5": "Время складывать оружие и время его подбирать, время обнимать и время выпустить из объятий.",
        "6": "Время находить и время терять, время беречь и время выбрасывать.",
        "7": "Время разрывать одежду и время зашивать её, время молчать и время говорить.",
        "8": "Время любить и время ненавидеть, время для войны и время для мира.",
        "9": "Получает ли на самом деле что-нибудь человек от тяжёлой работы? Нет!",
        "10": "Я видел весь тяжёлый труд, который Бог повелел нам исполнить.",
        "11": "Бог позволил нам думать о царстве Его, и потому мы не в состоянии понять всего, что Бог творит, и всё же Бог всё совершает вовремя.",
        "12": "Я понял, что лучшее для людей, — это быть счастливыми и стремиться к наслаждениям всю жизнь.",
        "13": "Бог хочет, чтобы каждый человек ел, пил, любил свою работу. Таковы дары Божьи.",
        "14": "Я понял, что всё сотворённое Господом, будет продолжаться веками. Люди не могут ничего прибавить к этому и ничего не могут отнять от Его свершений. Бог сделал так, чтобы люди перед Ним благоговели.",
        "15": "Что случилось в прошлом, уже произошло, а то, что случится в будущем, тому только суждено случиться, но Бог помогает униженным и обездоленным.",
        "16": "И ещё я видел в жизни: суд должен быть исполнен доброты и справедливости, а там царит зло.",
        "17": "И я сказал сам себе: «Господь назначил время всему и всякой работе. В назначенное время Он будет судить и праведных, и грешных».",
        "18": "Подумав о том, как люди относятся друг к другу, я сказал себе: «Господь хочет, чтобы люди увидели, насколько подобны они животным:",
        "19": "и человек, и животное умирают, и обоих дыхание покидает. Нет разницы между мёртвым животным и человеком, всё это бессмысленно.",
        "20": "Тело животного и тело человека одинаково приходит из земли и в землю обратно уходит.",
        "21": "Кто знает, что случается с человеческим духом, кто знает, поднимается ли он к Богу, в то время как дух животного сходит в землю?»",
        "22": "И я увидел, что лучшее для человека — наслаждаться своим делом, потому что это всё, что у него есть. Кроме того, никто не поможет ему увидеть, что с ним в будущем произойдёт."
    },
    "4": {
        "1": "И опять я увидел, что со многими обходятся несправедливо; я видел их слёзы, и не было никого, кто мог бы их утешить. Я видел, что вся власть находится в руках жестоких, и нет никого, кто бы мог успокоить обиженных.",
        "2": "И решил я, что лучше тем, кто уже умер, чем тем, кто ещё жив.",
        "3": "И ещё лучше тем, кто вовсе не родился, они никогда не видели зла, происходящего в этом мире.",
        "4": "Потом я подумал: «Зачем так упорно трудятся люди?» Я видел тех, кто пытался чего-либо достичь и быть лучше других. Почему? Потому что люди завистливы и не хотят, чтобы у других было больше, чем у них. Это всё так же бессмысленно, как пытаться поймать ветер.",
        "5": "Некоторые говорят: «Глупо сидеть сложа руки и ничего не делать, ведь так можно от голода умереть».",
        "6": "Может быть, в этом есть правда, но я говорю: «Лучше довольствоваться тем, что есть у тебя, чем постоянно стремиться завладеть ещё большим богатством».",
        "7": "И снова я увидел бессмыслицу жизни:",
        "8": "человек может быть одиноким, не иметь ни брата, ни сына, но будет продолжать упорно трудиться и никогда не будет знать удовлетворения от того, что имеет. И он трудится так упорно, что спрашивает себя: «Зачем я так тружусь, почему не могу позволить себе наслаждаться жизнью?» Это тоже очень печально и бессмысленно.",
        "9": "Двоим лучше, чем одному. Когда двое работают вместе, они делают в два раза больше.",
        "10": "Если падает один, то другой поднимает его, но кто падает в одиночку, тот не может ждать помощи ни от кого.",
        "11": "Если двое спят вместе, они согреваются, спящий же в одиночку мёрзнет.",
        "12": "Враг может одолеть одного, двое же могут противостоять врагу, а трое ещё сильнее. Они как верёвка, скрученная втрое, которую трудно порвать.",
        "13": "Молодой вождь, бедный, но мудрый, лучше старого и глупого царя, который не слушает предупреждений.",
        "14": "Может быть, молодой властитель родился бедным. Может быть, он прямо из тюрьмы взошёл на трон.",
        "15": "Но я знаю людей, я видел, как они следовали за юношей, который занял царский трон.",
        "16": "Он вёл за собой бесчисленное множество людей, но те же, кто следовали за ним, позже от него же и отрекутся. Это тоже всё так же бессмысленно, как пытаться поймать ветер.",
        "17": "Будь осмотрителен, когда идёшь поклоняться Богу в храме. Лучше слушать Бога, чем приносить бессмысленные жертвы, подобно глупцам, которые совершают зло, даже не сознавая этого."
    },
    "5": {
        "1": "Хорошенько подумай, прежде чем дать клятву Богу. Не позволяй своим эмоциям быть причиной спешных обещаний. Помни, что Бог находится на небесах, а ты на земле, поэтому будь немногословен. Такие слова правдивы:",
        "2": "От больших волнений бывают плохие сны, и у глупых всегда слов больше, чем нужно.",
        "3": "Если ты дал клятву Богу, то сдержи своё обещание, не медли с его исполнением. Бог испытывает неприязнь к глупцам. Отдай то, что ты обещал Богу.",
        "4": "Лучше не обещать ничего, чем пообещать и не сделать.",
        "5": "И не позволяй твоим словам быть причиной твоих грехов, не говори священнику: «Я не всерьёз это сказал». Если ты сделаешь так, Бог может разгневаться и уничтожить всё, ради чего ты трудился.",
        "6": "Не становись причиной собственных бедствий; пусть не мешают тебе чтить Бога бесполезные мечтания и хвастовство.",
        "7": "В некоторых странах можно увидеть бедняков, на которых возлагают непосильную работу. Это несправедливо и умаляет их права. Но не удивляйся, ведь над высокопоставленным есть другой высокопоставленный. И есть ещё другой, который стоит над ними обоими.",
        "8": "Для любой страны царь, заботящийся о своей земле, — великое благо.",
        "9": "Кто любит деньги, никогда не будет довольствоваться тем, что имеет. Кто любит богатство, тот никогда не насытится. И это всё тоже бессмысленно.",
        "10": "Чем больше у человека богатства, тем больше он тратит на «друзей», так что богатый на деле ничего не приобретает. Единственное, для чего годится богатство, — это смотреть на него.",
        "11": "Кто трудится весь день, тот мирно спит, и неважно, сколько у него еды. Но богатый всё время печётся о своём богатстве и лишается сна.",
        "12": "Видел я, как печальные события происходят в жизни: человек копит деньги на будущее,",
        "13": "но случается вдруг несчастье и, всё потеряв, он ничего не может дать своим детям.",
        "14": "Человек в мир приходит из материнского чрева нагим, и, когда умирает, покидает этот мир нагим. Он много трудится, но, умирая, не может ничего с собою взять.",
        "15": "Как же печально, что он покидает мир таким же, как пришёл. Какая польза человеку «пытаться поймать ветер»?",
        "16": "Он имеет лишь дни, полные печали и скорби, а в конце очень встревожен и болен.",
        "17": "Удостоверился я, что не существует для человека лучшего занятия, чем есть, пить и радоваться тому, что делает он за время своей недолгой земной жизни. Господь ему дал эти недолгие дни и всё, чем он владеет.",
        "18": "Если Бог посылает человеку богатство, собственность и власть, чтобы этим всем наслаждаться, то человек должен радоваться этому, он должен принять это всё и радоваться делу своему, потому что этот дар от Бога.",
        "19": "Такой человек не размышляет подолгу о днях своей жизни, так как Господь занимает его делами, которые он любит."
    },
    "6": {
        "1": "Я видел несправедливость в жизни, которая ложится бременем на людей.",
        "2": "Бог даёт человеку большое богатство и честь; есть у того человека всё, что ему нужно, а также всё, что он может пожелать. Однако случается так, что Бог не даёт ему радоваться всему этому: чужой человек заберёт все его пожитки себе. Как же несправедливо и бессмысленно всё это!",
        "3": "Человек может прожить долгую жизнь и иметь сто детей, но если он не удовлетворён всем добром и если никто не будет помнить его после смерти, то я могу сказать, что мертворождённому ребёнку лучше, чем тому человеку.",
        "4": "Это и вправду бессмысленно, если ребёнок рождается мёртвым. Он без имени быстро уходит в могильную тьму.",
        "5": "Никогда он не видел солнца и не знал ничего, но он обретает больше покоя, чем человек, неспособный радоваться тому, что дал ему Бог.",
        "6": "Такой человек может жить две тысячи лет, но если он не радуется жизни, то мертворождённый ребёнок нашёл простейший путь к такому же концу.",
        "7": "Человек трудится и трудится, чтобы прокормить себя, но никогда он не достигнет удовлетворения.",
        "8": "И точно так же мудрый не лучше глупого. Гораздо лучше бедняку, который смирился с тяготами этой жизни.",
        "9": "Лучше радоваться тому, что есть у тебя, чем всегда желать большего. Желать большего так же бессмысленно, как пытаться поймать ветер.",
        "10-11": "Ты человеком создан был, и спорить с этим бесполезно. Не может с Богом об этом спорить человек, ведь Всевышний гораздо могущественней его, и даже долгие споры ничего не изменят.",
        "12": "Кто знает, что лучше для человека в его недолгой земной жизни? Жизнь его проходит словно тень, и никто не может сказать ему, что случится после его смерти."
    },
    "7": {
        "1": "Доброе имя лучше дорогих удовольствий, день смерти даже лучше дня рождения.",
        "2": "Лучше пойти на похороны, чем на веселье, потому что все должны умереть, и каждый живущий должен с этим примириться.",
        "3": "Скорбь лучше смеха, потому что, когда на лице печаль, тогда сердце исполняется мудростью.",
        "4": "Мудрый думает о смерти, а глупый только о том, как получше провести время.",
        "5": "Лучше услышать укоры мудрого, чем восхваления глупца.",
        "6": "Смех глупых так же бессмыслен, как попытка поджечь терновник, чтобы согреть котёл: терновник сгорает слишком быстро, и котёл остаётся холодным.",
        "7": "Даже мудрый забудет мудрость свою, если ему много заплатят. Деньги уничтожат его разум.",
        "8": "Заканчивать дело лучше, чем начинать, и лучше быть кротким и терпеливым, чем высокомерным и горделивым.",
        "9": "Не впадай быстро в гнев, потому что гнев присущ глупцам.",
        "10": "Не спрашивай: «Почему раньше жизнь была лучше?» Мудрость не задаёт такой вопрос.",
        "11": "Мудрость подобна наследству — каждый от неё получает пользу и доход.",
        "12": "Мудрость даёт защиту, как дают защиту деньги, но мудрость лучше любых денег, потому что может спасти своему владельцу жизнь.",
        "13": "Посмотри на то, что сделал Бог, ты ничего не можешь изменить, даже если считаешь неправильным дело Его.",
        "14": "Радуйся жизни, когда она хороша, но, когда она тяжела, помни, что Бог нам даёт и добрые времена, и плохие, и никто не знает, что произойдёт в будущем.",
        "15": "Видел я за свою короткую жизнь как добрых людей, умирающих молодыми, так и злых, живущих долгую жизнь.",
        "16-17": "Зачем губить свою жизнь? Не выставляй себя слишком праведным и слишком мудрым. Не будь слишком плох и слишком глуп. Зачем тебе умирать преждевременно?",
        "18": "Хорошо придерживаться этого правила и от других не отступать, потому что тот, кто боится Бога, преуспеет и в том, и в другом.",
        "19-20": "Мудрость даёт человеку силу. Один мудрец сильнее десяти правителей города. Нет на земле такого человека, который делает только добро и никогда не грешит.",
        "21": "Не слушай всего, что говорят люди, ведь ты можешь услышать, как твой слуга говорит о тебе плохо.",
        "22": "Ты знаешь, что и ты сам много раз говорил о других плохо.",
        "23": "Обратившись к мудрости, я всё тщательно обдумал; я хотел быть воистину мудрым, но не смог.",
        "24": "Я не могу понять, почему всё происходит так, как происходит, понять это слишком трудно для кого бы то ни было.",
        "25": "Я учился и старался всеми силами обрести истинную мудрость, пытаясь найти причину всего. Чему научился я? Я понял, что глупо быть злым, а вести себя глупо — равносильно безумству.",
        "26": "И ещё я понял, что некоторые женщины опасны, словно ловушки, их сердца как сети, а руки как цепи. И быть пойманным такой женщиной хуже самой смерти. Кто следует Богу, тот избежит её, но грешник станет её добычей.",
        "27-28": "Учитель говорит: «Я собрал всё это знание вместе, чтобы увидеть, какой ответ могу я найти, но до сих пор ищу его. В результате поисков своих я нашёл лишь одного доброго мужчину из тысячи, а доброй женщины не нашёл ни одной.",
        "29": "Вот к какому выводу я пришёл: Бог праведными создал людей, но они нашли много путей к злу»."
    },
    "8": {
        "1": "Никто не поймёт и никто не объяснит так, как это сделать может мудрый. Мудрость делает его счастливым, и грустное лицо становится радостным.",
        "2": "Я наказываю тебе всегда подчиняться повелениям царя, делай так, потому что ты обещал это Богу.",
        "3": "Не бойся царя, лучше уйди. Не медли, когда пришла беда, ведь царь поступает так, как ему нравится.",
        "4": "У царя есть власть повелевать, и никто не может говорить ему, что делать.",
        "5": "Если человек подчиняется повелениям царя, он будет в безопасности. Мудрый знает, какой поступок уместен и в какое время его можно совершить.",
        "6": "Всякому делу есть подходящее время и правильный способ, даже если оно станет причиной многих бед.",
        "7": "Люди не знают, что с ними случится в будущем, потому что никто не может их предупредить об этом.",
        "8": "Ни у кого нет власти удержать дух, и никто не властен остановить свою смерть. Во время войны солдат не может идти когда и куда угодно, и зло также не позволяет человеку быть свободным.",
        "9": "Я видел всё это и долго думал над тем, что случается в мире. Я видел людей, правящих другими и причиняющих им зло.",
        "10": "Видел я великие похороны злых людей, и слышал, как по дороге домой люди говорили добрые слова об умерших. Такое случалось даже в том городе, где эти нечестивые сотворили много зла. И это всё бессмысленно.",
        "11": "Не всегда люди получают быстрое наказание за свои дурные дела, и это вызывает также и у других желание делать плохое.",
        "12": "Грешник может совершить сотни дурных поступков и будет долго жить, но я знаю, что лучше почитать Бога.",
        "13": "Злые люди, не почитающие Бога, ничего хорошего не дождутся. Они не будут долго жить, их жизни не будут удлиняться словно тени при заходе солнца.",
        "14": "Есть и другая несправедливость на земле: плохое должно случаться с плохими людьми, а хорошее — с хорошими, но, порой, плохое случается с хорошими людьми, а хорошее случается с плохими. И это бессмысленно.",
        "15": "И поэтому решил я, что важнее всего получать удовольствие в жизни, так как лучшее, что человек может делать, — это есть, пить и радоваться жизни. Это, по крайней мере, поможет человеку наслаждаться его непосильным трудом, который Бог ему дал на время земной жизни.",
        "16": "Я внимательно изучал всё, что делают люди во время своей жизни на земле; я видел, как заняты они, работая днём и ночью, и как они почти никогда не спят.",
        "17": "Я видел и многое из того, что совершает Господь, а также то, что люди не могут постичь всего, что делает на земле Господь. Человек может пытаться понять, но не поймёт, и даже если мудрый человек утверждает, что понимает, это не так, никто не может этого постичь."
    },
    "9": {
        "1": "Об этом сосредоточенно я думал. Я видел, что Бог определяет то, что случается с добрыми и мудрыми людьми, со всеми их делами. Людям неизвестно, любимы они будут или ненавистны, и не знают они, что их в будущем ждёт.",
        "2": "Но есть то, что для всех неизбежно — мы все умираем! Смерть приходит к добрым и злым людям, к праведным и грешным, к тем, кто приносит жертвы и кто этого не делает. Добрый человек умрёт, как и грешник, и тот, кто даёт клятву Богу, умрёт так же, как и тот, кто боится клятв.",
        "3": "Худшее, что случается на земле, — это то, что у всех одна участь. Но плохо и то, что у людей всегда есть злые и глупые мысли, которые ведут их к смерти.",
        "4": "У каждого, кто жив, есть надежда. И эти слова правдивы: «живая собака лучше мёртвого льва».",
        "5": "Живые знают, что они умрут, но мёртвые не знают ничего, для мёртвых больше нет вознаграждения. Люди их скоро забудут.",
        "6": "Когда человек умирает, любовь, ненависть и ревность — всё проходит, и мёртвые вновь никогда не разделят того, что случается на земле.",
        "7": "Поэтому иди и ешь сейчас хлеб свой с радостью, пей вино своё и будь счастлив, Бог против этого ничего не имеет.",
        "8": "Носи хорошие одежды и старайся выглядеть хорошо.",
        "9": "Радуйся жизни с женой, которую любишь, радуйся каждому дню недолгой жизни своей. Ведь Бог тебе дал жизнь на земле — это всё, что у тебя есть, и поэтому будь рад тем обязанностям, которые ты должен исполнить в этой жизни.",
        "10": "Каждый раз, находя для себя работу, делай её как можно лучше, в могиле нет работы, нет никаких планов, ни знаний, ни мудрости. Нас всех без исключения настигнет смерть.",
        "11": "И другие несправедливости этой жизни я видел: не всегда выигрывает бег лучший бегун, не всегда побеждает в битве сильнейшая армия, не всегда достаётся мудрым заработанный ими хлеб, не всегда получает богатство умнейший, и образованный человек не всегда получает заслуженную похвалу. Приходит время, и с каждым случается плохое.",
        "12": "Человек никогда не знает, что с ним случится вскоре. Он подобен рыбе, пойманной сетью, которая не знала, что вскоре произойдёт. Он подобен птице, попавшей в силки, не ведавшей, что это случится. Также неожиданно случается беда и с человеком.",
        "13": "Но видел я и человека, поступающего в жизни мудро, и это мне показалось важным.",
        "14": "Как-то раз великий царь воевал против небольшого города, население которого было немногочисленно, и осадил его своими войсками.",
        "15": "Но в том городе был мудрый человек, который был беден, но мудростью своей спас город. Позже люди забыли об этом бедном человеке.",
        "16": "Но всё же я говорю, что мудрость лучше, чем сила. Люди забыли о мудрости того бедняка и перестали слушать его, но я до сих пор верю, что мудрость лучше.",
        "17": "Намного лучше крика правителя глупцов слова, спокойно сказанные мудрым.",
        "18": "Мудрость лучше меча и копья на войне. Но один глупец способен погубить много хорошего."
    },
    "10": {
        "1": "Несколько мёртвых мух могут испортить лучшие благовония. Так и маленькая глупость может погубить немало мудрости и чести.",
        "2": "Мысли мудрого ведут его правильным путём, но мысли глупца ведут его путём неверным.",
        "3": "Глупый являет глупость даже просто идя по дороге, и каждый видит, что он глуп.",
        "4": "Не оставляй работу свою только из-за того, что на тебя рассердился начальник, если ты останешься спокойным, то сможешь исправить даже большую ошибку.",
        "5": "И вот ещё несправедливость, которую я видел в жизни, несправедливость, которую допускают властители:",
        "6": "глупцам дают высокие посты, в то время как богатые занимаются незначительной работой.",
        "7": "Я видел слуг, едущих верхом на лошадях, в то время как властители, подобно рабам, шли пешком рядом с ними.",
        "8": "Тот, кто копает яму, может в неё упасть; того, кто пробьёт стену, может ужалить змея.",
        "9": "Кто переносит крупные камни, может поранить себя, и дерево может упасть на того, кто его срубит.",
        "10": "Но мудрость облегчает работу. Трудно рубить тупым топором, и если его не наточишь, то тебе понадобится больше сил. Точно так же и мудрость, она помогает добиться результата с меньшим усилием.",
        "11": "Человек может знать, как обращаться со змеями, но его умение бесполезно, если змея ужалила кого-то, а его не было рядом.",
        "12": "Слова мудрого приносят благодать, а глупец же навлекает на себя погибель.",
        "13": "Глупый начинает речь с глупости и заканчивает безумием.",
        "14": "Глупый всегда хвалится своими планами, которым сбыться не суждено. Никто не может сказать, что в будущем произойдёт.",
        "15": "Труд изнуряет глупого настолько, что путь обратный в город он найти не может. Труд для него тяжёл всю жизнь.",
        "16": "Плохо стране, чей царь подобен ребёнку; плохо стране, чьи правители всё время проводят за обеденным столом.",
        "17": "Счастье стране, чей царь благородного рода, чьи правители знают меру в еде и питье. Они пьют и едят для поддержания сил, а не для опьянения.",
        "18": "Если хозяин ленив, то и дом начнёт протекать, и крыша обвалится.",
        "19": "Люди готовят еду, чтобы насладиться ею, вино приносит радость, а деньги способствуют решению множества проблем.",
        "20": "Не говори плохо о царе, даже не думай о нём плохо, не говори плохо о богатых, даже если ты в своей спальне один, потому что маленькая птичка может прилететь и поведать им всё, что ты сказал."
    },
    "11": {
        "1": "Делай добро повсюду, где бы ты ни был, спустя некоторое время это добро вернётся к тебе.",
        "2": "Вкладывай то, что имеешь, в разные дела, ведь тебе неизвестно, какая беда может случиться на земле.",
        "3": "В некоторых явлениях можно не сомневаться: если облака полны дождя, то они прольют его на землю, если дерево упадёт на юг или на север, то оно и останется там, где упало.",
        "4": "Но существует то, в чём быть уверенным нельзя, и поэтому придётся рисковать: если человек ждёт прекрасной погоды, то никогда не засеет своё поле, если человек ждёт дождя от каждого облака, то никогда не соберёт свой урожай.",
        "5": "Ты не знаешь, куда дует ветер и как растёт дитя в теле матери, и так же ты не знаешь, что сделает Бог — Творец всего земного.",
        "6": "Поэтому начинай сеять рано утром и не останавливайся до вечера, потому что тебе не известно, что принесёт удачу. Может быть всё, что ты делаешь, будет успешным.",
        "7": "Прекрасно быть живым и прекрасно видеть солнечный свет.",
        "8": "Радуйся каждому дню своей жизни, даже если проживёшь много лет, но помни, что ты умрёшь и будешь мёртвым дольше, чем был живым. И после того как ты умрёшь, ты ничего не сможешь сделать.",
        "9": "Так что радуйтесь, молодые, пока молоды, и будьте счастливы. Стремитесь ко всему, к чему ведёт вас ваше сердце, поступайте в соответствии с вашими желаниями, но помните, что Бог будет судить вас за все свершения ваши.",
        "10": "Не давайте тревогам овладеть вашим сердцем, забудьте о боли и несчастьях, так как быстротечны и молодость, и лучшие годы вашей жизни."
    },
    "12": {
        "1": "Помни Создателя твоего, пока ты молод, до того как старость придёт, когда скажешь: «Без пользы я жизнь прожил».",
        "2": "Помни Создателя твоего, пока ты молод и не наступили времена, когда солнце, луна и звёзды потемнеют в твоих глазах и беды одна за одной словно волны нахлынут.",
        "3": "Руки твои потеряют силу, ноги ослабеют, а глаза не будут видеть зорко, выпадут зубы, и ты не сможешь есть свой хлеб.",
        "4": "Ты будешь плохо слышать и не различишь шума на улице, даже звук жёрнова, мелющего твоё зерно, покажется тебе тихим. Ты не сможешь услышать женское пение, но пение птицы поднимет тебя рано утром, потому что ты не сможешь спать.",
        "5": "Тебя будет страшить высота, ты будешь бояться споткнуться, идя по дороге. Твои волосы побелеют и станут подобны цветам миндального дерева, ты будешь ползти как кузнечик, также утратишь желание жить, а потом уйдёшь в свой вечный дом. Оплакивающие тебя соберутся на улице и понесут тебя на кладбище.",
        "6": "Не забывай, пока молод, о Создателе, пока серебряные узы не порвутся и чаша золотая не разобьётся и не станет словно у источника разбитый вдребезги кувшин или разбитая крышка колодца.",
        "7": "И тело возвратится в прах земной, откуда и пришло оно, а дух твой, пришедший от Бога, после смерти обратно к Богу возвратится.",
        "8": "Всё бессмысленно. Учитель говорит, что всё это пустая трата времени!",
        "9": "Учитель был мудр и с помощью мудрости старался учить людей. Учитель был внимателен в своих испытаниях и составил много мудрых поучений.",
        "10": "Он старался находить верные слова и написал поучения, которые истинны и благонадёжны.",
        "11": "Слова мудрого человека как заострённые прутья, которыми люди погоняют животных. Поучения его, записанные на бумаге, будут направлять людей на путь истинный, словно овец направляет пастуший посох.",
        "12": "Ещё одно предупреждение, сын мой! Изучай эти притчи, но будь осторожен с другими учениями. Люди всё время пишут книги, и чтение многих книг утомит тебя.",
        "13-14": "В чём же мораль этой книги? Мораль состоит в том, что самое главное для людей — почитать Бога и подчиняться Его повелениям, потому что Бог знает всё, что делают люди, даже их тайные дела. Он знает обо всём добром и обо всём злом, и поэтому Он осудит людей согласно их поступкам."
    }
}