{
    "1": {
        "1": "Вот слово Господа, пришедшее к Осии, сыну Беера, во время правления иудейских царей Уззии, Иофама, Ахаза, Езекии и в дни правления Иеровоама, сына Иоаса, израильского царя.",
        "2": "Это было первое послание Господа к Осии. Он обратился к Осии с такими словами: «Пойди и женись на блуднице, и имей с ней детей, которые будут так же распутны, как и она. Сделай это в знак того, что народ этой земли погряз в распутстве, в неверности своей отступив от Господа».",
        "3": "Тогда Осия пошёл и взял себе в жёны Гомерь, дочь Дивлаима. Гомерь зачала и родила ему сына.",
        "4": "Господь сказал Осии: «Назови его Изреель, потому что пройдёт время, и Я накажу род Ииуя за кровь, пролитую в долине Изреель. И тогда Я положу конец царству народа Израиля.",
        "5": "В тот день в долине Изреель Я сокрушу военную мощь Израиля».",
        "6": "Гомерь снова забеременела и через некоторое время родила дочь. Господь велел Осии назвать её Лорухамой. Господь сказал Осии: «Назови её Лорухама, потому что Я не буду больше ни щадить народ Израиля, ни прощать его.",
        "7": "Народ же Иуды Я помилую и спасу. Но Я спасу его не луком, не мечом, не всадниками на боевых конях, а Своей силой».",
        "8": "Вскормив грудью Лорухаму, Гомерь снова забеременела. На этот раз у неё родился сын.",
        "9": "Господь сказал: «Назови его Лоамми, потому что вы — не Мой народ, а Я — не ваш Бог».",
        "10": "«Но настанет время, когда израильтян будет великое множество, как песчинок в море, и нельзя их будет ни измерить, ни счесть. И именно там, где Бог сказал им: „Вы — не Мой народ”, Он назовёт их „детьми живого Бога”.",
        "11": "И соберутся вместе народ Израиля и народ Иуды, чтобы выбрать себе одного правителя. И будет их народ таким многочисленным, что мала ему станет его земля. Воистину велик будет день Изрееля!»"
    },
    "2": {
        "1": "Тогда вы скажите вашим братьям: «Вы принадлежите моему народу», а сёстрам молвите: «Он помиловал вас».",
        "2": "«Осуждайте и упрекайте мать вашу, потому что она Мне больше не жена, а Я ей не муж! Пусть изменится она, оставив своё распутство, и отнимет любовников от своей груди.",
        "3": "А если она не прекратит прелюбодеяние, то Я раздену её донага, и останется она в чём мать родила. Я отниму у неё народ, и станет она подобна сухой и голой пустыне; Я жаждой замучаю её.",
        "4": "И не будет у Меня жалости к её детям, потому что они — дети блуда.",
        "5": "Их мать осрамила себя блудом, она говорила: „Я пойду к моим любовникам, которые дают мне хлеб и воду, шерсть и лён, вино и оливковое масло”.",
        "6": "За это Я, Господь, прегражу Израилю дорогу терновыми шипами и обнесу оградой, и тогда она не найдёт своего пути.",
        "7": "И побежит она вслед за своими любовниками, но не догонит их, и будет их искать, но не найдёт. И тогда она скажет: „Я возвращусь к моему первому Мужу, с Ним жизнь моя была лучше, чем теперь”.",
        "8": "Израиль не знает, что это Я, Господь, давал ей зерно, вино и оливковое масло. Я давал ей в избытке золото и серебро, из которых израильтяне сделали статуи идола Ваала.",
        "9": "Но Я вернусь и заберу Мой хлеб, когда придёт время сбора урожая. Я возьму вино, когда созреет виноград, а также заберу Мои шерсть и лён. Всё это Я дал ей, чтобы она могла прикрыть своё нагое тело.",
        "10": "Теперь же Я обнажу её перед любовниками, и они увидят её наготу. Никому не будет под силу спасти её от Моей руки!",
        "11": "Я положу конец её веселью, остановлю все пиры и торжества её, праздники Новолуния и дни отдыха.",
        "12": "Я уничтожу её виноградные лозы и смоковницы, о которых она говорит: „Мои любовники дали мне всё это”. Я превращу её сады в глухие леса, и дикие звери съедят их плоды.",
        "13": "Израиль служила лжебогам, и за это Я накажу её. Она сжигала благовонные курения в их честь, украшая себя серьгами и ожерельями, а потом, забыв Меня, бежала к любовникам», — так говорит Господь.",
        "14": "«Теперь же Я, Господь, верну её к Себе, Я увлеку её в пустыню и буду ласково с ней говорить.",
        "15": "Я дам ей виноградники и долину Ахор как залог надежды. И ответит она тогда, как в дни юности своей, когда она вышла из Египетской земли. —",
        "16": "Так говорит Господь. — Тогда ты будешь звать Меня „моим Мужем”, а не „моим Ваалом”.",
        "17": "Я вырву у неё из уст имена лжебогов, и она навсегда забудет их.",
        "18": "В то время Я заключу для них союз с полевыми зверями, с птицами небесными и со всеми земными пресмыкающимися. Я переломлю и лук, и меч, и боевое оружие. Я положу конец войне в этой земле и сделаю её безопасной, чтобы народ Израиля мог жить в мире.",
        "19": "И Я навек обручусь с тобой как с Моей невестой, одарив тебя добротой и справедливостью, любовью и милосердием.",
        "20": "Я сделаю тебя Моей преданной невестой, и тогда ты по-настоящему познаешь Господа».",
        "21": "«И в тот день Я дам тебе ответ, — так говорит Господь. — Я буду говорить с небом, и оно даст земле дождь,",
        "22": "а земля откликнется хлебом, вином и оливковым маслом. И всего этого будет достаточно Изреели!",
        "23": "Я посею много зерна на её земле; Я помилую Лорухаму. Я скажу Лоамми: „Ты — Мой народ”, а он Мне ответит: „Ты — мой Бог!”»"
    },
    "3": {
        "1": "И сказал мне Господь: «У Гомери много любовников, но ты всё равно должен её любить, подобно тому как Господь любит народ Израиля, который по-прежнему продолжает поклоняться другим богам и есть лепёшки с изюмом, принесённые им».",
        "2": "Тогда я выкупил её себе за 15 шекелей серебра, а также один хомер и летек ячменя.",
        "3": "И сказал я ей: «Ты должна много дней прожить у меня в доме. Ты не должна вести распутный образ жизни и не можешь быть с другим. Я буду тебе мужем».",
        "4": "Так же и сыны Израиля долгое время будут оставаться без царя и без правителя, без жертвоприношений и без мемориального камня, без ефода и без домашних богов.",
        "5": "После этого сыны Израиля вернутся и будут искать своего Господа Бога и своего царя Давида. И в последние дни они станут почитать своего Господа и Его благость."
    },
    "4": {
        "1": "Сыны Израиля, слушайте слово Господнее! Вот что говорит Господь против народа, живущего на этой земле: «Народ этой страны не знает истинного Бога, неверен и непредан Ему.",
        "2": "Люди сквернословят, лгут, воруют, убивают друг друга и совершают прелюбодеяния. Люди совершают одно убийство за другим.",
        "3": "И страна словно человек оплакивает мёртвых, а народ, утратив силы, ослабел. Даже звери полевые, птицы небесные и рыбы морские гибнут.",
        "4": "Люди не должны ни спорить, ни обвинять кого-нибудь другого. Священник, мой спор с тобой!",
        "5": "Вы (священники) падёте при свете дня, а в ночной час вместе с вами падут и пророки. Я также расправлюсь и с твоей матерью.",
        "6": "Мой народ погиб из-за своего невежества. Священники отказались постичь знание, поэтому и Я откажусь от священников Моих; как ты забыл закон Бога твоего, так и Я забуду твоих детей.",
        "7": "Чем многочисленнее они становятся, тем больше грешат против Меня, и потому Я их гордыню обращу в позор.",
        "8": "Священники „кормились” грехами людей, они всё больше и больше жаждали их жертв за грех.",
        "9": "Священники поступают так же скверно, как и простые люди, и поэтому Я накажу их за совершённое зло и воздам им по заслугам.",
        "10": "Они будут есть, но не насытятся, они предадутся разврату с блудницами, но останутся бездетными. Всё это произойдёт, потому что они оставили Господа и отдались другим богам.",
        "11": "Блуд, молодое вино и крепкие напитки лишили людей ясного разума.",
        "12": "Мой народ просит совета у деревянных болванок и думает, что они смогут ему ответить. Почему? А потому что в погоне за лжебогами они стали словно блудницы и покинули Бога своего.",
        "13": "Они приносят жертвы на вершинах гор и сжигают благовонные курения на холмах под сенью дубов, тополей и вязов. Их тень приятна, поэтому ваши дочери и невестки, лёжа под кроной, словно блудницы там прелюбодействуют.",
        "14": "Я не могу винить ваших дочерей и невесток за прелюбодеяния, потому что вы, мужчины, сами идёте к блудницам и с ними приносите жертвы в храме, а тем самым невежественный народ губит себя».",
        "15": "«Если ты, Израиль, ведёшь себя как блудница, то пусть Иуда не чувствует за собой вины! Люди, не ходите в Галгал и в Беф-Авен, не клянитесь именем Господа и не говорите: „Так же верно, как и то, что Господь жив!”",
        "16": "Но Израиль упрям, словно молодая тёлка, и поэтому Господь изгонит прочь его, и станет Израиль словно потерянная овца без пастуха.",
        "17": "Ефрем привязался к идолам, и поэтому ты оставь его.",
        "18": "Ефрем погряз в пьянстве, так пусть же он предаётся блуду со своими любовниками.",
        "19": "Они обратились к этим богам, чтобы получить у них защиту, и разучились мыслить. Их алтари принесут им позор!»"
    },
    "5": {
        "1": "«Священники, народ Израиля и семья царя, слушайте Меня. Вам вынесен приговор: вы виновны! Вы были подобны западне в Мицфе и сетью, раскинутой на Фаворе.",
        "2": "Вы совершили множество грехов, и поэтому Я накажу вас всех.",
        "3": "Я знаю народ Ефрема, Я знаю всё, что сделал Израиль. Ефрем, ты живёшь как блудница, а Израиль осквернён грехами.",
        "4": "Многие грехи израильтян не дают им обратиться к своему Богу, потому что дух блуда среди них и они не знают Господа.",
        "5": "Гордость народа Израиля свидетельствует против него, поэтому Израиль и Ефрем падут от своего бесчестия, а с ними падёт и Иуда.",
        "6": "Правители Израиля пойдут искать Господа и поведут за собой своих овец и волов, но не найдут Его, потому что Господь от них отвернулся.",
        "7": "Они изменили Господу, а дети их родились от чужеземцев. Теперь же Он вновь уничтожит их самих и их землю».",
        "8": "«Протрубите в рог в Гиве, протрубите в Раме. Предупредите в Беф-Авене, что враг за тобой, Вениамин!",
        "9": "Ефрем опустеет в день наказания. Я, Господь, предупреждаю колена Израиля, что всё это случится!",
        "10": "Вожди Иуды подобны ворам, которые стараются украсть землю другого, поэтому Я изолью на них Мой гнев как воду.",
        "11": "И будет наказан Ефрем: он будет раздавлен и смят как виноград, потому что захотел следовать греху.",
        "12": "Я уничтожу Ефрем словно моль, которая проедает одежду. Иуду постигнет уничтожение, как истлевает дерево от гнили.",
        "13": "Ефрем увидел свою болезнь, а Иуда — свою рану, поэтому они отправились в Ассирию за помощью и поведали о своей печали великому царю. Однако этот царь не мог вас исцелить, не мог он залечить ваши раны.",
        "14": "Я буду как лев для Ефрема, как молодой лев для народа Иуды. Да, Я, Господь, разорву их на куски и унесу с Собой, и никто не сможет их от Меня спасти.",
        "15": "Я уйду и не вернусь до тех пор, пока народ не признает, что виновен, и пока не пойдёт Меня искать. В скорби своей они, не зная отдыха, будут искать Меня»."
    },
    "6": {
        "1": "«Пойдём же и возвратимся к Господу! Он причинил нам боль, и Он нас исцелит; Он ранил нас, и Он нам перевяжет раны.",
        "2": "Через два дня Он вернёт нас к жизни, а на третий день Он поднимет нас, и тогда мы будем жить вблизи Него.",
        "3": "Так обретём же знание о Господе и будем стремиться знать Его! Мы знаем, что Он придёт, это так же верно, как и то, что приходит заря. Господь придёт к нам словно весенний дождь, орошающий землю».",
        "4": "«Ефрем, что мне делать с тобой? Что делать мне с тобой, Иуда? Ваша любовь ко мне словно утренний туман или роса, исчезающие ранним утром.",
        "5": "Именно поэтому Я посылал Моих пророков, чтобы они терзали вас и словом Моим предупреждали вас о смерти. Все люди знают, что Мои решения справедливы, и это так же ясно, как ясно солнце по утрам.",
        "6": "Не жертвы Я хочу, а преданной любви. Хочу, чтобы люди познали Бога, а не приносили всесожжения.",
        "7": "Но люди все до одного нарушили соглашение, они не были верны Мне в своей стране.",
        "8": "Галаад — город злобных нечестивцев, люди там обманывают и убивают друг друга.",
        "9": "Священники подобны злобным грабителям, которые у дороги подстерегают людей и убивают их на пути в Сихем.",
        "10": "Я видел, как израильтяне совершали ужасный грех. Подобно блуднице Мой народ оставил Меня и стал поклоняться другим богам. Люди осквернились и поэтому недостойны приблизиться ко Мне.",
        "11": "И для тебя, Иуда, пришло время жатвы, это случится, когда Я возвращу из плена Мой народ»."
    },
    "7": {
        "1": "«Я излечу Израиль! Тогда люди узнают, что Ефрем грешил, они узнают о лжи Самарии. Люди узнают о ворах, грабящих на улицах этого города.",
        "2": "Эти люди не верят, что Я запомню их преступления. Зло, причинённое ими, повсюду окружает их, Я ясно вижу их грехи.",
        "3": "Их злые поступки доставляют удовольствие их царю; своими лжебогами они ублажают правителей своих.",
        "4": "Люди так неверны, они подобны печи, растопленной пекарем. Он не поддерживает огонь в то время, когда замешивает тесто и даёт ему подойти.",
        "5": "В царские праздники вожди напиваются до умопомрачения вином, а затем заключают соглашения с теми людьми, которые смеются над Богом.",
        "6": "Люди вынашивают свои коварные планы, сердца их пылают возбуждённо, словно печи. Их гнев теплится всю ночь, и утром он пылает как жаркий огонь.",
        "7": "Они раскалены как жаркие печи. Они низвергли своих правителей, все их цари пали с тронов, и ни один из них не воззвал о помощи ко Мне».",
        "8": "«Ефрем смешался с народами, он словно недопечённый хлеб.",
        "9": "Чужестранцы уничтожают его могущество, а он не замечает. Седина покрыла его, а он этого не знает.",
        "10": "Гордость Ефрема свидетельствует против него. Люди испытали множество несчастий, но даже тогда они не вернулись к Господу, Богу своему, люди не обратились за помощью к Нему.",
        "11": "И стал Ефрем словно глупый голубь, ничего не смыслящий. Его народ обратился за помощью к Египту, он в Ассирию за помощью пошёл.",
        "12": "Народ Ефрема в эти страны за помощью пошёл, но Я его в ловушку заманю, Я сеть Свою на него наброшу как на птиц небесных. Я накажу народ за соглашения его.",
        "13": "Горе людям будет за то, что они покинули Меня. Они отказались повиноваться Мне, и за это будут низвергнуты и уничтожены они. Я спас их, а в ответ они говорят обо Мне ложь.",
        "14": "Они никогда не взывали ко Мне сердцем своим. Да, они стенают на ложах своих и бичуют себя, когда молят о вине и хлебе, но в сердцах своих они отвернулись от Меня.",
        "15": "Я вразумлял их и давал им силы, но они замышляли зло против Меня.",
        "16": "Они словно бумеранг, изменяющий направление полёта, изменяют решения свои, но так ко Мне и не вернулись. Их предводители хвастались силой своей, но будут они убиты мечами, и тогда народ Египта посмеётся над ними»."
    },
    "8": {
        "1": "«Возьми трубу и протруби тревогу, охраняй словно орёл дом Господа. Израильтяне нарушили Моё соглашение и не подчинились Моему закону.",
        "2": "Они взывают ко Мне: „Боже наш! Мы, в Израиле, знаем Тебя!”",
        "3": "Но Израиль отверг добро, и поэтому враги преследуют его.",
        "4": "Израильтяне выбрали своего царя, но не пришли ко Мне за советом. Израильтяне выбрали себе предводителей, но без Моего ведома. Из серебра и золота они сделали себе идолов и поэтому будут уничтожены.",
        "5-6": "Самария, Господь не принял твоего тельца. Он сказал: „Я очень разгневан на израильтян”, и поэтому народ Израиля будет наказан за свои грехи. Какой-то ремесленник сделал этих идолов, и они не являются Богом. Телец Самарии будет вдребезги разбит!",
        "7": "Израильтяне подобны глупому земледельцу, который сеет только ветер. Спокойной жизни не будет им, пожнут они бурю. Хотя зерно в поле и вырастет, но не даст оно хлеба, а если и даст какой-то урожай, то чужеземцы съедят его.",
        "8": "Израиль уничтожен, и теперь он живёт среди других народов словно выброшенный и никому не нужный сосуд.",
        "9": "Народ Ефрема пошёл к „любовникам” своим, и, словно упрямого осла, они его в Ассирию увели.",
        "10": "Израиль силой был уведён к другим народам, но Я обратно приведу его. Однако, прежде чем это случится, ему необходимо будет выстрадать под гнётом могущественного царя».",
        "11": "«Много жертвенников настроил Ефрем, и они стали для него алтарями греха.",
        "12": "Даже если бы Я написал десять тысяч законов для Ефрема, он бы не посчитал их своими.",
        "13": "Израильтяне любят жертвоприношения, они приносят в жертву мясо и едят его. Господь не принимает их жертвоприношений, потому что Он помнит их грехи. Господь накажет их, и тогда они узниками возвратятся в Египет.",
        "14": "Израиль забыл своего Создателя и построил царские дворцы. Сейчас Иуда строит крепости, но Я пошлю на Иуду огонь, который уничтожит его укреплённые города»."
    },
    "9": {
        "1": "Не радуйся, Израиль! Не восторгайся, как другие народы! Ты стал подобен блуднице и покинул Бога, ты блудодействовал на каждом току.",
        "2": "Но зерно с этих токов не прокормит Израиль, не получит он вина в избытке.",
        "3": "Израильтяне не останутся жить на земле Господней, они вернутся в Египет. Некоторые из них отправятся в Ассирию и будут есть там нечистую пищу, которую не следует есть.",
        "4": "Не будут израильтяне возливать вино на алтарь Господа, а их жертвоприношения не по нраву будут Ему. Все их приношения будут подобны тем яствам, которые едят во время похоронных застолий и которые оскверняют людей. Эта еда пригодна для утоления голода, но в храме Господа не место ей.",
        "5": "Израильтяне не смогут отмечать праздники и торжества Господние.",
        "6": "Даже если Израиль избежит этого уничтожения, то Египет захватит его в плен, а Мемфис похоронит его. Их сокровища из серебра порастут сорняками, а земли, в которых жили израильтяне, терновником зарастут.",
        "7": "Пророк говорит: «Израиль, пойми, время наказания пришло. Настало время тебе заплатить за зло, которое ты совершил». Но народ Израиля говорит: «Глуп пророк, безумен вдохновенный Духом Божьим». Пророк отвечает: «Вы будете наказаны за ваши мерзкие грехи и враждебность».",
        "8": "Бог и пророк словно стражи Ефрема, но его на пути много капканов. Люди ненавидят пророка даже в доме Господа его.",
        "9": "Израильтяне глубоко погрязли в грехе, как во времена Гивы. Бог вспомнит их нечестивость и накажет их за грехи.",
        "10": "Когда Я нашёл Израиль, он был для Меня как виноград в пустыне, а твои предки были как первые фиги. Но они пришли в Ваал-Фегор и посвятили себя Ваалу, и сами стали мерзкими, как идолы, которых возлюбили они.",
        "11": "«И упорхнёт слава ефремлян как птица. У них больше не будет ни зачатия, ни беременности, ни родов.",
        "12": "А если даже им и удастся воспитать своих детей, то Я отниму их, а затем покину их, и только несчастья будут сопутствовать им».",
        "13": "Я вижу, как народ Ефрема заводит своих детей в ловушку к убийце.",
        "14": "Господи, дай им то, что Ты желаешь, дай им утробу, неспособную родить детей, и грудь, в которой нет молока.",
        "15": "Всё их зло в Галгале, Я возненавидел их там. Я заставлю их покинуть Мой дом за их злые дела, Я больше не буду их любить. Их мятежные вожди восстали против Меня.",
        "16": "Народ Ефрема будет наказан, иссох его корень, и не будет больше потомства у него. И даже если его женщины смогут родить, Я умерщвлю их ненаглядных детей.",
        "17": "Эти люди не будут слушать моего Бога, и Он отвергнет их. Они будут бродить между народами, не имея дома."
    },
    "10": {
        "1": "Израиль словно лоза, дающая множество плодов, но чем больше возрастает богатство израильтян, тем больше жертвенников они возводят; чем лучше у них земля, тем красивее они украшают свои священные камни.",
        "2": "Израильтяне пытались обмануть Бога, и сейчас они должны принять за это наказание. Господь сокрушит их алтари и разрушит их мемориалы.",
        "3": "Сейчас израильтяне говорят: «У нас нет царя, и мы не чтим Господа! И царь, которого дал нам Бог, ничего не может сделать нам!»",
        "4": "Они дают обещания, но не выполняют их и говорят только ложь! Их правители не помогают народу, они подобны ядовитым сорнякам, растущим на вспаханном поле.",
        "5": "Люди Самарии будут скорбеть по тельцам Беф-Авена. Эти люди и их жрецы станут горько рыдать, потому что нет больше их красивого идола, чужеземцы унесли его.",
        "6": "И увезут его в Ассирию в дар великому царю. Ефрем будет обесчещен, а Израиль будет пристыжен из-за того, что верил в своего идола.",
        "7": "Лжебог Самарии будет уничтожен и поплывёт по воде как деревянная щепка.",
        "8": "Израиль грешил и построил множество высот для поклонения лжебогам на холмах и горах. Высоты Авена будут разрушены, а их алтари порастут сорной травой и колючими кустами. И скажут они тогда горам и холмам: «Укройте нас! Упадите на нас!»",
        "9": "Израиль грешил со времён Гивы, и те люди продолжали там грешить, поэтому война уничтожит этот злой народ.",
        "10": "Я приду, чтобы наказать их. Против них соберутся армии, которые накажут израильтян за оба греха.",
        "11": "Ефрем подобен обученной тёлке, которой нравится ходить по зерну на гумне. Я надену ей ярмо на шею и наложу путы на Ефрема. Тогда Иуда и Иаков начнут сами пахать и боронить землю.",
        "12": "Если сеешь добро, то пожнёшь верную любовь. Возделывай свою землю и тогда соберёшь урожай с Господом. Он придёт и добро снизойдёт на тебя как дождь!",
        "13": "Но если ты возделывал зло, то пожнёшь несчастье. Ты ел плод своей лжи, потому что ты надеялся на могущество своё и на силу своей великой армии.",
        "14": "Теперь твой народ услышит шум битвы, и все твои крепости будут разрушены. Будет так, как в те времена, когда Салман разрушил Беф-Арбел. В то военное время матерей убивали вместе с детьми.",
        "15": "И такая же участь постигнет вас в Вефиле за всё зло, совершённое вами. Когда наступит этот день, погибнет царь Израиля."
    },
    "11": {
        "1": "Господь сказал: «Когда Израиль был юн, Я любил его, и Я вызвал сына Моего из Египта.",
        "2": "Но чем больше Я взывал к Израилю, тем больше Израиль удалялся от Меня. Израильтяне приносили жертвы лжебогам и сжигали благовонные курения идолам.",
        "3": "Но ведь это Я научил Ефрема ходить! Я носил израильтян на руках и лечил их раны, но они не ведают этого!",
        "4": "Я вёл их узами любви и доброты; Я был подобен человеку, который дал им свободу, чтобы их накормить.",
        "5": "Израильтяне отказались вернуться к Богу, так пусть же они идут в Египет! Царь Ассирии станет их царём.",
        "6": "Меч падёт на их города и уничтожит их селения, потому что злые планы вынашивали они.",
        "7": "Мой народ ждёт, что Я вернусь к нему. Люди станут призывать Всевышнего, но Бог не поможет им».",
        "8": "«Ефрем, Я не хочу отказаться от тебя. Израиль, Я желаю защитить тебя, Я не хочу уничтожить тебя, как Я уничтожил Адму и Цевоим. Я изменил решение Своё, потому что Моя любовь к тебе слишком сильна.",
        "9": "Я не поддамся гневу Своему и не уничтожу вновь землю Ефрема. Я — Бог, а не человек. Я — Святой, и Я с тобой. Я не проявлю гнева Своего!",
        "10": "Я, Господь, буду рычать как лев, и дети Мои последуют за Мной. Они придут с запада, дрожа от страха.",
        "11": "Они придут из Египта, трепеща как птицы. Они придут из Ассирийской земли, трепеща как голуби, и Я вселю их в дома их, — так сказал Господь. —",
        "12": "Ефрем окружил Меня лжебогами, а народ Израиля восстал против Меня. Но Иуда всё ещё верен Богу, Иуда верен Святому своему»."
    },
    "12": {
        "1": "Ефрем попусту теряет время, а Израиль «гоняется за ветром» целый день, умножая ложь и насилие. Они заключили договор с Ассирией и посылали оливковое масло в Египет.",
        "2": "Так говорит Господь: «Я недоволен Израилем. Я накажу Иакова за зло, совершённое им.",
        "3": "Ещё во чреве матери Иаков начал обманывать брата своего, а став сильным мужчиной, начал бороться с Богом.",
        "4": "Иаков сразился с Ангелом Господним и победил, а затем плакал и умолял о милости; в Вефиле Он разговаривал с нами.",
        "5": "Да, Иегова — Бог воинства, Его имя — Господь!",
        "6": "Так вернись же к своему Богу, будь предан Ему! Всегда совершай праведные поступки и не переставай верить в Бога твоего.",
        "7": "Иаков — хитрый делец, он обманывает даже друзей; и даже весы его лгут.",
        "8": "Ефрем хвастается: „Я очень богат! Я обрёл истинное богатство! И никто не узнает о моих преступлениях и грехах”.",
        "9": "Но Я был твоим Господом с тех пор, как вывел тебя из Египетской земли. Я заставлю тебя жить в шатрах, как в дни праздника Укрытий.",
        "10": "Я говорил с пророками, дал им дар многих видений, а также научил их притчам.",
        "11": "Но народ Галаада грешил, сотворив множество ужасных идолов. Люди приносят в жертву быков на алтарях в Галгале. Их алтари стоят длинными рядами, словно борозды на распаханном поле.",
        "12": "Иаков убежал в страну Арам, и там Израиль работал за жену; он пас овец, чтобы заплатить за неё.",
        "13": "Но Господь с помощью пророка вывел потомков Израиля из Египта, и через пророка Он охранял его.",
        "14": "Однако Израиль убил много людей, и тем самым Господа рассердил. Поэтому Господь накажет его за то, что Израиль оскорбление Ему нанёс»."
    },
    "13": {
        "1": "«Ефрем добился важного положения в Израиле: когда он говорил, люди дрожали от страха. Но Ефрем согрешил, поклоняясь Ваалу, поэтому он должен умереть.",
        "2": "И теперь израильтяне грешат всё больше и больше. Они делают себе идолов из серебра, которые являются всего лишь искусными изделиями мастеров. А потом люди разговаривают со статуями и приносят им жертвы; они целуют этих золочёных тельцов.",
        "3": "Вот почему эти люди скоро исчезнут как утренний туман и роса. Израильтяне будут как шелуха от зерна, которую сдувает ветром на гумне, как дым, выходящий через окна, чтобы исчезнуть.",
        "4": "Я был вашим Господом Богом со времён, когда вы ещё жили в Египте. Вы не знали никакого другого бога, кроме Меня. Именно Я дал спасение вам!",
        "5": "Я заботился о вас в обжигающей зноем пустыне.",
        "6": "Когда Я накормил израильтян, они насытились и возгордились, а потом они забыли Меня!",
        "7": "Вот почему Я нападу на них как лев или леопард, поджидающий на дороге.",
        "8": "Словно медведица, у которой отняли медвежат, Я нападу на них. Я буду разрывать им грудь и буду подобен льву или дикому зверю, который терзает и поедает свою добычу».",
        "9": "«Израиль, Я помог тебе, а ты отвернулся от Меня. Теперь же Я погублю тебя!",
        "10": "Где твой царь? Он не может спасти тебя во всех твоих городах! Где твои судьи? Ты о них Меня молил такими словами: „Дай нам царя и начальников”.",
        "11": "В гневе Моём Я дал тебе царя, а когда вознегодовал, то отнял его.",
        "12": "Ефрем старался скрыть свою вину, он думал, что никто не узнает о его грехах, но он будет наказан за них.",
        "13": "Его наказание будет таким же болезненным, как муки роженицы. Он — неразумный сын! Придёт ему время родиться, а он не выживет.",
        "14": "Спасу ли Я их от могилы, от смерти уберегу ли их? Нет! Смерть, принеси чуму, могила, приди со всей своей разрушительной силой! Я их обязательно накажу и решения Своего не изменю!",
        "15": "Израиль растёт среди своих братьев, но придёт сильный восточный ветер, из пустыни задует ветер Господний. Тогда иссохнут родники Израиля, и иссякнут все источники его. Этот ветер опустошит все сокровища Израиля»."
    },
    "14": {
        "1": "Самария должна быть наказана, потому что восстала против Бога своего. Израильтяне будут убиты мечами, а их дети будут разорваны на куски, и беременные женщины будут рассечены.",
        "2": "Израиль, твои грехи привели тебя к падению. Так вернись же к Господу, Богу твоему!",
        "3": "Подумай о том, что ты скажешь Господу и возвращайся. Скажи Ему: «Прости все наши грехи и прими эту молитву как жертву нашу; мы восхваляем Тебя нашими устами.",
        "4": "Ассирия не спасёт нас. Мы не сядем больше на боевых коней, и больше никогда не назовём всё то, что сотворили руки наши: „Бог наш”. Потому что только Ты Один милосерден к сиротам».",
        "5": "Так говорит Господь: «Я прощу их за то, что они покинули Меня. Я покажу им Свою безграничную любовь, потому что Я больше не гневаюсь на них.",
        "6": "Я буду росой для Израиля, и он расцветёт как лилия, он будет расти словно ливанский кедр.",
        "7": "Его ветви распустятся, и он будет красив, как оливковое дерево; заблагоухает он подобно ливанскому кедру.",
        "8": "Израильтяне снова заживут под покровительством Моим. Они вырастут как пшеница, расцветут словно виноградная лоза, и станут как вино из Ливана».",
        "9": "«Ефрем, Я никогда не имел никакого отношения к идолам. Именно Я отвечаю на твои молитвы и охраняю тебя. Я словно вечнозелёное дерево, и от Меня будут твои плоды».",
        "10": "Тот, кто мудр, поймёт всё это, а тот, кто разумен, должен всё это познать. Справедливы пути Господние: праведники ходят по ним, а грешники спотыкаются и падают на них."
    }
}