{
    "1": {
        "1": "От Павла, слуги Бога и апостола Иисуса Христа, посланного распространять веру избранных людей Божьих и полное познание истины, проявляемой в нашей преданности Богу,",
        "2": "и тем самым принести избранникам Бога надежду на вечную жизнь. Бог, Который не лжёт, обещал это ещё до начала времён",
        "3": "и в нужное время объявил Своё слово, проповедь которого была мне доверена по повелению Бога, Спасителя нашего.",
        "4": "Я пишу тебе, Тит, моему истинному сыну по вере, которую мы разделяем. Благодать и мир тебе от Бога Отца и от Христа Иисуса, Спасителя нашего.",
        "5": "Я оставил тебя на Крите вот по какой причине: чтобы ты привёл в порядок то, что осталось незакончено, и назначил во всех городах старейшин, как я наказал тебе.",
        "6": "Пусть эти люди будут безупречны в своём поведении, верны своим жёнам, имеют верующих детей, которых нельзя обвинить в распутстве и непокорстве.",
        "7": "Старейшина обязан быть безупречным в своём поведении как тот, кому доверен труд Божий. Он не должен вести себя вызывающе, быть вспыльчивым и нетерпеливым, не должен иметь пристрастия к вину и к дракам, а также стремиться к нечестной наживе.",
        "8": "Ему необходимо быть гостеприимным, любить добро, быть благоразумным, вести благочестивый образ жизни, быть преданным Богу и владеть собой.",
        "9": "Он должен также неуклонно придерживаться истинного учения, полученного нами, чтобы он мог наставлять других благотворными поучениями и опровергать тех, кто против истины.",
        "10": "Это очень важно, так как есть немало возмутителей, которые говорят о бесполезном и смущают других. Особенно я имею в виду иудеев, которые проповедуют, что без обрезания нет Божьего благоволения.",
        "11": "Их следует заставить замолчать. Они разрушают целые семьи, проповедуя то, что не следует, и делают это ради постыдной наживы.",
        "12": "Один из их же собственных пророков сказал: «Критяне всегда были лжецами, подобными диким зверям, а также злобными и ленивыми обжорами».",
        "13": "Это правдивое утверждение. Поэтому всегда обличайте их со всей строгостью, чтобы они придерживались истинной веры",
        "14": "и не обращали внимания на иудейские россказни и указания тех, кто отвернулся от истины.",
        "15": "Для чистых всё чисто, но для тех, кто запятнан грехом и не верит, — ничто не чисто. Мысли таких людей злы, а совесть нечиста.",
        "16": "Они утверждают, что знают Бога, но своими поступками отрицают Его. Именно таких людей ненавидит Бог, потому что они непокорны Ему и неспособны совершать добрые поступки."
    },
    "2": {
        "1": "Что же касается тебя, то всегда проповедуй только то, что согласуется с истинным учением.",
        "2": "Поучай старцев, чтобы они проявляли самообладание, вели себя с достоинством, были благоразумны, тверды в вере, в любви и в долготерпении.",
        "3": "Учи пожилых женщин, чтобы они жили так, как подобает тем людям, которые служат Господу. Пусть они не будут клеветницами, не злоупотребляют крепкими напитками и будут хорошими учителями.",
        "4": "Пусть они наставляют молодых женщин любить своих мужей и детей,",
        "5": "всегда быть сдержанными и непорочными, заботиться о своих домах, быть добрыми, послушными своим мужьям, и тогда никто не будет осуждать слово Божье.",
        "6": "Также побуждай молодых мужчин быть благоразумными.",
        "7": "Подавай пример для подражания во всём. В своих поучениях будь честен и серьёзен.",
        "8": "Пусть твоя речь будет благотворной, чтобы нельзя было о ней сказать ничего плохого и чтобы те, кто выступают против тебя, устыдились, так как нечего им сказать плохого против нас.",
        "9": "Поучай рабов, чтобы они были во всём послушны своим хозяевам, старались им угодить и не противоречили им ни в чём,",
        "10": "не крали у них, а проявляли полнейшую преданность, чтобы они во всём приносили добрую славу учению Бога, Спасителя нашего.",
        "11": "Именно так мы должны жить, потому что милость Божья, приносящая спасение, была проявлена ко всем людям.",
        "12": "Своей милостью Бог учит нас, что мы должны отказаться от безбожия и суетных желаний, вести себя разумно, быть праведными и благочестивыми в этом мире.",
        "13": "Нам необходимо так жить в то время, пока мы ожидаем того благословенного дня, на который надеемся, когда снова появится во всей Своей славе наш великий Бог и Спаситель Иисус Христос.",
        "14": "Он отдал Себя за нас, чтобы спасти нас от всякого зла и очистить народ, принадлежащий Ему и стремящийся свершать добрые дела.",
        "15": "Продолжай же учить обо всём этом, поощрять и укорять со всей силой, чтобы никто не пренебрегал тобой."
    },
    "3": {
        "1": "Продолжай напоминать людям об их покорности правителям и властям, о том, чтобы они были им послушны, готовы к свершению всяких добрых дел,",
        "2": "ни на кого не клеветали, были миролюбивы, мягки и смиренны перед другими.",
        "3": "Я говорю так, потому что мы тоже были когда-то неразумными, непослушными и обманутыми. Мы были рабами страстей и удовольствий всякого рода. Мы проводили свою жизнь в злобе и зависти. Мы были презренными, нас ненавидели другие, и мы ненавидели друг друга.",
        "4": "Но когда проявилась доброта и любовь Спасителя нашего, Бога, к людям,",
        "5": "то это произошло не благодаря тем поступкам, которые мы совершили ради своего оправдания перед Богом, но по милости Его. Он спас нас омовением, через которое все мы возродились и обновились благодаря Духу Святому.",
        "6": "Он щедро излил на нас его через Иисуса Христа, Спасителя нашего,",
        "7": "чтобы теперь, когда Бог, по благодати Своей великой, объявил нас невинными, мы стали Его наследниками в вечной жизни, как и надеялись.",
        "8": "Это слово верно. И я хочу, чтобы ты настойчиво проповедовал это с тем, чтобы те, кто верят в Бога, стремились творить добро. Всё это хорошо и пойдёт на пользу людям.",
        "9": "Но избегай глупых споров, рассказов о родословных, ссор и споров о Законе Моисея, потому что они бесполезны и бессмысленны.",
        "10": "Избегай того, кто после первого и второго предупреждения продолжает вызывать раскол,",
        "11": "потому что ты знаешь, что такой человек откололся и стал грешником. Он сам себя осудил.",
        "12": "Когда я пошлю к тебе Артему или Тихика, то приложи все усилия, чтобы прийти ко мне в Никополь, так как я решил провести там зиму.",
        "13": "Постарайся помочь законнику Зине и Аполлосу во всём, что им будет нужно для путешествия, чтобы они не испытывали ни в чём нужды.",
        "14": "Тем самым ты поможешь нашим людям научиться жить с пользой для других, творя добро. Обретя это знание, они смогут оказать помощь всем тем, кто действительно в ней нуждаются.",
        "15": "Все, кто со мной, шлют тебе приветствия. Приветствуй всех верующих, которые любят нас. Пусть благодать Божья будет со всеми вами!"
    }
}