{
    "1": {
        "1": "Від старця до вибраної пані Богом й до дітей її, яких я насправді люблю. І не тільки я люблю вас, а й усі ті, хто пізнав істину.",
        "2": "Ми любимо вас завдяки істині, яка живе в нас і буде з нами повік.",
        "3": "Благодать, милість і мир нам від Бога-Отця й від Ісуса Христа, Його Сина, в істині й любові.",
        "4": "Для мене було великим щастям знайти поміж дітей твоїх тих, які живуть слідуючи дорогою правди, як Отець заповідав нам.",
        "5": "А зараз я звертаюся до тебе, люба пані (і це не нову заповідь я пишу тобі, а споконвічну), щоб ми любили одне одного!",
        "6": "Ось що означає ця любов: нам слід жити згідно з заповіддю Божою, про яку ви чули споконвіку, а саме: «ви маєте жити в любові».",
        "7": "У світ пішло багато лжевчителів, які не визнають, що Ісус Христос прийшов в людській подобі. Такі люди — брехуни і вороги Христа.",
        "8": "Пильнуйте й стережіться, щоб не загубити того, для чого ми працювали, щоб уповні одержати свою винагороду.",
        "9": "Хто не залишається в істинному вченні про Христа і переступає його, той не має Бога. А хто вірний істинному вченню, має і Отця, і Сина.",
        "10": "Якщо хтось завітає до тебе без цього вчення, не приймай його в своєму домі, не бажай йому добра.",
        "11": "Бо той, хто бажає такій людині добра, поділяє її лихі вчинки.",
        "12": "Хоч у мене багато про що є писати тобі, я не хочу довіряти це чорнилу й перу. Натомість, я сподіваюся завітати до тебе і поговорити віч-на-віч, щоб наша радість була повною.",
        "13": "Діти сестри твоєї, вибраної Богом, вітають вас."
    }
}