{
    "1": {
        "1": "Drugiego roku króla Dariawesza, szóstego miesiąca, pierwszego dnia tego miesiąca, przez proroka Aggeusza doszło słowo WIEKUISTEGO do Zerubabela, syna Szaltiela, namiestnika Judy i Jezusa, syna arcykapłana Jehocedeka, jak następuje:",
        "2": "Tak mówi WIEKUISTY Zastępów, głosząc: Ten lud powiada: Jeszcze nie nadszedł czas, by się stawić; czas dla Przybytku WIEKUISTEGO, by został zbudowanym.",
        "3": "Dlatego przez Aggeusza doszło słowo WIEKUISTEGO, głosząc:",
        "4": "Czy to właściwy czas dla was samych, byście mieszkali w taflowanych domach, gdy ten Przybytek jest zburzony?",
        "5": "Zatem teraz tak mówi WIEKUISTY Zastępów: Zwróćcie waszą uwagę na wasze koleje losu?",
        "6": "Wysiewacie dużo lecz zbiór jest mały, jadacie – ale nie do syta, do upojenia nie starczy; ubieracie się – lecz nikt się nie ogrzewa; zaś kto zarabia – zgromadza dla dziurawej sakiewki.",
        "7": "Tak mówi WIEKUISTY Zastępów: Zwróćcie uwagę na wasze koleje losu!",
        "8": "Wejdźcie na góry, zwieźcie drzewo oraz wznieście Przybytek, abym go Sobie upodobał i był sławiony – mówi WIEKUISTY.",
        "9": "Spodziewaliście się dużo, a oto dostawało się wam mało, a co wnieśliście do domu – Ja to rozwiałem. A czemu? – mówi WIEKUISTY Zastępów. Z powodu Mojego Domu, który jest opustoszony, podczas gdy każdy z was czyni zabiegi wokół własnego domu.",
        "10": "Dlatego niebo powstrzymuje nad wami rosę, a ziemia powstrzymuje swój plon.",
        "11": "Przywołałem posuchę na tą ziemię i na te góry, na zboże, na moszcz, na oliwę i na wszystko, co wydaje ziemia. Także na ludzi, na bydło oraz na każdą pracę rąk.",
        "12": "Więc usłuchali głosu WIEKUISTEGO, swojego Boga oraz słów proroka Aggeusza gdyż posłał go WIEKUISTY, ich Bóg zarówno Zerubabel, syn Szaltiela, jak i najwyższy kapłan Jezus, syn Jehocedeka, oraz cały ostatek ludu, bo lud obawiał się oblicza WIEKUISTEGO.",
        "13": "A Aggeusz, poseł WIEKUISTEGO, w poselstwie WIEKUISTEGO powiedział do ludu te słowa: Ja z wami – mówi WIEKUISTY.",
        "14": "Nadto WIEKUISTY pobudził ducha namiestnika judzkiego Zerubabela, syna Szaltiela; ducha najwyższego kapłana Jezusa, syna Jehocedeka, oraz ducha całego ostatka ludu, więc przystąpili, by wykonać roboty wokół Przybytku swojego Boga, WIEKUISTEGO Zastępów.",
        "15": "Stało się to dwudziestego czwartego dnia, szóstego miesiąca, drugiego roku króla Dariawesza."
    },
    "2": {
        "1": "Siódmego miesiąca, dwudziestego pierwszego dnia tego miesiąca, przez proroka Aggeusza doszło słowo WIEKUISTEGO, jak następuje:",
        "2": "Oświadcz te słowa Zerubabelowi, synowi Szaltiela, namiestnikowi judzkiemu; Jezusowi, synowi Jehocedeka, najwyższemu kapłanowi i ostatkowi ludu:",
        "3": "Kto z was pozostał, kto widział ten Dom w jego pierwszej chwale? A jakim go teraz widzicie? Czy nie jest on w waszych oczach jakby niczym?",
        "4": "Zatem teraz nabierz mocy, Zerubabelu! – mówi WIEKUISTY. Nabierz mocy Jezusie, najwyższy kapłanie! Nabierz mocy cały ludu tej ziemi! – mówi WIEKUISTY, i tego dokonajcie; bo Ja jestem z wami, mówi WIEKUISTY Zastępów.",
        "5": "Według umowy, którą z wami zawarłem, kiedy wychodziliście z Micraim – Mój Duch stanie wśród was, nie obawiajcie się!",
        "6": "Bowiem tak mówi WIEKUISTY: Jeszcze tylko jedna krótka chwila, a poruszę niebiosami i ziemią, morzem i lądem.",
        "7": "Poruszę wszystkie narody, i przyjdą najszlachetniejsi z wszystkich ludów oraz napełnią chwałą ten Przybytek – mówi WIEKUISTY Zastępów.",
        "8": "Gdyż Moje jest srebro i Moje złoto – mówi WIEKUISTY Zastępów.",
        "9": "Większą będzie przyszła chwała tego Przybytku, niż przeszła – mówi WIEKUISTY Zastępów; bo na tym miejscu złożę pokój – mówi WIEKUISTY Zastępów.",
        "10": "Dwudziestego czwartego dnia, dziewiątego miesiąca, drugiego roku Dariawesza, przez proroka Haggaja doszło słowo WIEKUISTEGO, jak następuje:",
        "11": "Tak mówi WIEKUISTY Zastępów: Zażądaj od kapłanów wyjaśnienia Prawa, mówiąc:",
        "12": "Oto ktoś niesie poświęcone mięso w podołku swojej odzieży, a potem dotyka się tą połą chleba, potrawy, wina, oliwy, albo jakiegokolwiek pokarmu. Czy przez to został on poświęcony? A odpowiadając, kapłani rzekli: Nie.",
        "13": "Potem Aggeusz powiedział dalej: Gdyby jednak dotknął czegokolwiek z tych rzeczy ktoś zanieczyszczony zwłokami, czy przez to stała się nieczystą? A kapłani odpowiadając, rzekli: Zostaje nieczystą.",
        "14": "Wtedy Aggeusz odparł, mówiąc: Tak to jest przed Moim obliczem z tym ludem oraz z Moim narodem – mówi WIEKUISTY; tak też z każdą sprawą ich rąk. Cokolwiek Mi składają w ofierze jest nieczyste.",
        "15": "A teraz, od dzisiejszego dnia, zwróćcie także waszą uwagę na przyszłość! Zanim zaczęto kłaść kamień na kamieniu na Przybytek WIEKUISTEGO",
        "16": "wtedy bywało, że ktoś podszedł do sterty zawierającej rzekomo dwadzieścia korców – a znalazł dziesięć; ktoś podszedł do kadzi, aby naczerpać pięćdziesiąt wiader – a znalazł tylko dwadzieścia.",
        "17": "Raziłem was śniedzią, rdzą i gradem we wszystkich trudach waszych rąk, jednak żaden z was do Mnie się nie nawrócił – mówi WIEKUISTY.",
        "18": "Zwróćcie waszą uwagę na czas, od tego dnia i dalej, od dnia dwudziestego czwartego, dziewiątego miesiąca, czyli od dnia założenia Przybytku WIEKUISTEGO. Zwróćcie na to uwagę!",
        "19": "Czy w spichlerzu pozostał jeszcze wysiew? Przecież winnica, drzewo figowe, granatowe i oliwne, nie przynosiły owocu. A od tego dnia chcę błogosławić!",
        "20": "Potem, dwudziestego czwartego dnia tego miesiąca, po raz drugi doszło Aggeusza słowo WIEKUISTEGO, jak następuje:",
        "21": "Oświadcz Zerubabelowi, namiestnikowi Judy, mówiąc: Ja poruszę niebiosa i ziemię.",
        "22": "Wywrócę stolice królestw oraz zniweczę potęgę państw pogańskich. Wywrócę wozy oraz tych, którzy na nich jeżdżą. Padną rumaki i ci, co na nich harcują, każdy rażony mieczem drugiego.",
        "23": "W ten dzień – mówi WIEKUISTY Zastępów, wezmę cię, Zerubabelu, synu Szaltiela, Mój sługo, oraz zachowam cię jako sygnet, ponieważ ciebie wybrałem – mówi WIEKUISTY Zastępów."
    }
}