{
    "1": {
        "1": "Wyrocznia. Słowo WIEKUISTEGO do Israela przez Malachiasza.",
        "2": "Miłowałem was – mówi WIEKUISTY, lecz zapewne się zapytacie: Jak nam okazywałeś tą miłość? Czyż Ezaw nie jest bratem Jakóba – mówi WIEKUISTY; a jednak miłowałem Jakóba.",
        "3": "A Ezawa znienawidziłem; więc jego góry podałem na spustoszenie, a jego dziedzictwo szakalom stepu.",
        "4": "Edom może powiedzieć: Jesteśmy zniszczeni, ale znowu odbudujemy ruiny. Jednak tak mówi WIEKUISTY Zastępów: Niech oni budują, ale Ja rozwalę, i będę ich nazywał obszarem niegodziwości; ludem, któremu WIEKUISTY złorzeczył podczas wieków.",
        "5": "Ujrzą to wasze własne oczy i sami zawołacie: Wiekuisty się wsławił i poza dziedzictwem Israela!",
        "6": "Przecież syn szanuje ojca, a sługa swojego pana; jeśli więc jestem Ojcem – gdzie względem Mnie szacunek? A jeśli Panem – gdzie przede Mną bojaźń? To mówi WIEKUISTY do was kapłani, którzy poniżacie Moje Imię! Wy jednak się pytacie: Czym poniżamy Twoje Imię?",
        "7": "Na Mym ołtarzu składacie nieczysty chleb, a się pytacie: Czym Cię znieważyliśmy? Tym, że wygłaszacie to, jak wstrętny jest dla was stół WIEKUISTEGO.",
        "8": "Gdy sprowadzacie ślepe na ofiarę, czy to nic złego? A kiedy sprowadzacie chrome i chore, czy to nic złego? Ofiaruj to twojemu namiestnikowi – czy to łaskawie przyjmie, czy uwzględni twoją osobę? – mówi WIEKUISTY Zastępów.",
        "9": "A przy tym jeszcze błagacie oblicze Boga, aby zmiłował się nad wami. Z waszej przyczyny to się stało – czy powinienem uwzględnić wasze osoby? – mówi WIEKUISTY Zastępów.",
        "10": "Gdyby choć jeden był wśród was, który by zamknął podwoje, byście daremnie nie wzniecali ognia na Mym ołtarzu! Nie mam w was upodobania – mówi WIEKUISTY Zastępów, i nie przyjmę ofiary z waszej reki!",
        "11": "Oto od wschodu słońca do jego zachodu, wielkim będzie Me Imię pomiędzy narodami oraz na każdym miejscu przyniesie się kadzidło Mojemu Imieniu; ale tylko ofiarę czystą, bowiem wielkie będzie Me Imię pomiędzy narodami – mówi WIEKUISTY Zastępów.",
        "12": "Zaś wy je znieważacie, mówiąc: Stół WIEKUISTEGO jest zanieczyszczony, a plon na nim – to wzgardzony pokarm.",
        "13": "Powiadacie też: O, co to za umęczenie! I tym gardzicie – mówi WIEKUISTY Zastępów. Przywlekacie zagrabione, chrome i schorzałe – po czym składacie to na ofiarę. Czy mam to przyjąć z upodobaniem z waszej ręki? – mówi WIEKUISTY.",
        "14": "Przeklęty szalbierz, który w swej trzodzie ma samca i ślubuje, a WIEKUISTEMU ofiarowuje ułomną samicę; gdyż Ja jestem wielkim Królem – mówi WIEKUISTY Zastępów, a Moje Imię jest groźne pomiędzy narodami."
    },
    "2": {
        "1": "Otóż teraz, dla was to zlecenie, kapłani!",
        "2": "Jeśli nie usłuchacie i jeżeli nie przyjmiecie do serca, byście składali cześć Mojemu Imieniu – mówi WIEKUISTY Zastępów, wtedy poślę wśród was przekleństwo i przeistoczę w przekleństwo wasze błogosławieństwa; tak, już je przekląłem, bo nie bierzecie sobie niczego do serca.",
        "3": "Oto wyniszczę wam siewy, a odchody rzucę na wasze oblicze odchody waszych świątecznych ofiar, więc was poniosą do nich.",
        "4": "I poznacie, że posłałem do was to zlecenie, by zniszczało Moje Przymierze z Lewim – mówi WIEKUISTY Zastępów.",
        "5": "Tak, z nim było Moje przymierze życia i pokoju. Dałem mu je dla bojaźni, aby Mnie się obawiał i się ugiął przed Moim Imieniem.",
        "6": "W jego ustach była nauka prawdy; i nie znaleziono niesprawiedliwości na jego wargach. Chodził ze Mną w prawości i pokoju oraz wielu odwrócił od winy.",
        "7": "Tak powinny zawsze strzec wiedzy wargi kapłańskie, a wtedy będą szukać Prawa z jego ust, gdyż on jest wysłannikiem WIEKUISTEGO Zastępów.",
        "8": "Jednak wy zeszliście z drogi oraz w Prawie byliście dla wielu zgorszeniem, zerwaliście Przymierze z Lewim – mówi WIEKUISTY Zastępów.",
        "9": "Dlatego i Ja was uczyniłem poniżonymi i wzgardzonymi u całego ludu; bowiem nie przestrzegacie Moich dróg, a w Prawie uwzględniacie osobę.",
        "10": "Czy nie wszyscy mamy jednego Ojca? Czy nie stworzył nas jeden Bóg? Czemu brat sprzeniewierza się bratu, znieważając przymierze naszych przodków?",
        "11": "Sprzeniewierzył się Juda, a w Israelu i Jeruszalaim spełniły się ohydy; bowiem Juda znieważył to, co było święte dla WIEKUISTEGO, miłując i kojarząc się z córkami obcego bóstwa.",
        "12": "Mężowi, który to czyni, WIEKUISTY zgładzi z namiotów Jakóba dziecię i wnuka oraz tego, co składa dar WIEKUISTEMU Zastępów.",
        "13": "A oto co następnie czynicie: Okrywacie łzami ofiarnicę WIEKUISTEGO, płaczem i jękiem, tak, że nie zwraca się już do daru, aby go przyjąć z upodobaniem z waszej ręki.",
        "14": "Zapewne się pytacie: Dlaczego? A dlatego, że WIEKUISTY był świadkiem pomiędzy tobą, a żoną twojej młodości, której się teraz sprzeniewierzyłeś, choć ona była twą towarzyszką i żoną twojego przymierza.",
        "15": "Czyż was nie jednym stworzył, cząstką Swojego Ducha? A w jaki celu jednym? By pragnęli Bożego wysiewu. Toteż strzeżcie swojego ducha, a żonie swojej młodości niechaj nikt się nie sprzeniewierza.",
        "16": "Bo nienawidzę rozwodu – mówi WIEKUISTY, Bóg Israela, i tego, co krzywdę zakrywa swoim płaszczem – mówi WIEKUISTY Zastępów. Dlatego strzeżcie się w waszym duchu oraz się nie sprzeniewierzajcie.",
        "17": "Waszymi mowami znużyliście WIEKUISTEGO oraz zapewne się pytacie: Czym Go znużyliśmy? Tym, że powiadacie: Każdy, kto czyni źle jest dobrym w oczach WIEKUISTEGO i w takim znajduje On upodobanie; albo: Gdzie jest prawdziwy Bóg sądu?"
    },
    "3": {
        "1": "Oto posyłam Mojego posła, by utorował drogę przede Mną. Niespodziewanie, do swojego Przybytku przybędzie Pan, którego pragniecie, bo oto nadchodzi poseł Przymierza, którego pożądacie – mówi WIEKUISTY Zastępów.",
        "2": "Ale kto wytrzyma dzień jego nadejścia; kto się zdoła utrzymać, kiedy się ukaże? Gdyż on będzie jak ogień wypławiacza oraz jak ług piorących!",
        "3": "I zasiądzie jakby miał przetapiać oraz oczyszczać srebro; on oczyści Lewitów oraz ich wypławi jak srebro i złoto, aby WIEKUISTY miał znowu tych, co składają Mu dary w sprawiedliwości.",
        "4": "Przyjemną będzie dla WIEKUISTEGO ofiara Judy i Jeruszalaim, jak za lat przeszłych, jak za lat starodawnych.",
        "5": "Także wystąpię przeciwko wam do sądu i będę żwawym świadkiem przeciwko czarodziejom, cudzołożnikom, krzywoprzysięzcom oraz tym, co zagrabiają płacę najemnikom, co krzywdzą wdowę i sierotę, a prawo cudzoziemca przekręcają; nie obawiają się Mnie – mówi WIEKUISTY.",
        "6": "Lecz jak Ja, WIEKUISTY, się nie zmienię – tak i wy, synowie Jakóba, nie zginiecie.",
        "7": "Choć od dni waszych ojców odstępowaliście od Moich ustaw oraz ich nie strzegliście – ale nawrócicie się tylko do Mnie, a Ja do was powrócę – mówi WIEKUISTY Zastępów. Pytacie się: Pod jakim względem mamy się nawrócić?",
        "8": "Czy człowiek winien oszukiwać Boga, jak wy Mnie oszukujecie? Spytacie się zapewne: W czym Cię oszukaliśmy? W dziesięcinach oraz ofiarach.",
        "9": "Jesteście przeklęci klątwą, a jednak Mnie oszukujecie, ty, cały narodzie!",
        "10": "Znieście do spichlerza całą dziesięcinę, aby był zapas w Moim domu; w tym chciejcie Mnie doświadczyć – mówi WIEKUISTY Zastępów, gdy nie otworzę wam śluz niebiańskich i nie wyleję na was błogosławieństwa bez miary.",
        "11": "Wtedy wystraszę przed wami pożeracza, by wam nie niszczył plonu ziemi, a winnica na polu nie przyniesie wam bezpłodności – mówi WIEKUISTY Zastępów.",
        "12": "Zaś wszystkie ludy nazywać was będą szczęśliwymi, bo będziecie w pożądanej ziemi – mówi WIEKUISTY Zastępów.",
        "13": "Ciężkie były wasze mowy przeciwko Mnie – mówi WIEKUISTY, a powiadacie: W czym się zmawialiśmy przeciwko Tobie?",
        "14": "Mówiliście: Daremną jest służba Bogu; jaka korzyść, że przestrzegaliśmy Jego przepisów; że chodziliśmy w smutku przed obliczem WIEKUISTEGO Zastępów?",
        "15": "Raczej nazywajmy szczęśliwymi zuchwałych, gdyż złoczyńcy się utwierdzili oraz zostali ocaleni nawet ci, co doświadczali Boga.",
        "16": "Ale zmawiali się także, jeden z drugim, i ci, co się obawiają WIEKUISTEGO. Zauważył to WIEKUISTY i usłyszał, i zostało to zapisane przed Nim w Księdze Wspomnień, z powodu tych, co się obawiają WIEKUISTEGO oraz czczą Jego Imię.",
        "17": "Więc w dzień, który sprowadzę – mówi WIEKUISTY Zastępów, będą dla Mnie drogą własnością; i ich oszczędzę, jak człowiek oszczędza swego syna, który go szanuje.",
        "18": "Wtedy znowu zobaczycie różnice pomiędzy sprawiedliwym, a niegodziwym; między sługą Boga, a tym, który Mu nie służy.",
        "19": "Ten dzień nadejdzie, gorejący niczym ognisko, a wszyscy zuchwali oraz wszyscy złoczyńcy będą jako ścierń. Ten przyszły dzień ich spali – mówi WIEKUISTY Zastępów, i nie zostawi po nich ani korzenia, ani gałązki.",
        "20": "Ale dla was, którzy się obawiacie Mojego Imienia, wzejdzie słońce sprawiedliwości. Uzdrowienie będzie pod Jego skrzydłami; rozrośniecie się i będziecie brykali jak tuczne cielce.",
        "21": "W ów dzień, który Ja sprowadzę, podepczecie niegodziwych tak, że będą prochem pod stopami waszych nóg – mówi WIEKUISTY Zastępów.",
        "22": "Dlatego pamiętajcie Prawo Mojego sługi Mojżesza, któremu przy Chorebie powierzyłem ustawy i sądy dla całego Israela.",
        "23": "Oto Ja posyłam wam Eliasza, proroka, zanim nadejdzie ów wielki i straszny dzień WIEKUISTEGO.",
        "24": "On zwróci serce ojców do synów i serce synów do ich ojców, abym, gdy przyjdę, nie poraził ziemi zniszczeniem."
    }
}