{
    "1": {
        "1": "Вітання від Юди, слуги Ісуса Христа, брата Якова, до тих, хто був Богом покликаний. Бог-Отець любить і береже вас в Ісусі Христі.",
        "2": "Нехай милосердя, мир і любов примножаться вам.",
        "3": "Любі друзі! Хоча мені хотілося написати вам про наше спільне спасіння, я вважав за необхідне писати й закликати вас до боротьби за віру, раз і назавжди даровану Богом Його людям святим.",
        "4": "Бо вкралися поміж вас деякі люди, чиє засудження було провіщене давно у Святому Писанні. Вони — нечестиві, і милість нашого Бога використовують для виправдання своєї розпусти. Вони не визнають Ісуса Христа, нашого Господа і єдиного Володаря.",
        "5": "Хочу нагадати вам, хоча ви це все вже знаєте, що Господь, Який колись урятував народ Свій і вивів із Єгипетської землі, пізніше віддав на загибель тих, хто не увірував.",
        "6": "Я також хочу нагадати вам про ангелів, які не зберегли своєї влади, але залишили своє власне житло. Бог тримає їх у вічних кайданах у темряві до суду Великого Дня.",
        "7": "Також я хочу нагадати вам про Содом і Ґоморру та навколишні міста. Як і ті ангели, жили вони у розпусті й вдавалися до неприродних статевих стосунків. Вони були покарані вічним вогнем, та це є застереження й для нас.",
        "8": "Так само буде й з тими сновидами, які гріхом оскверняють тіла свої, відштовхують владу Господню і ганьблять славних.",
        "9": "Сам Архангел Михаїл, коли сперечався з дияволом про тіло Мойсеєве, не наважився докірливо засудити його за брехливі звинувачення, лише сказавши: «Нехай Господь тебе покарає!»",
        "10": "Але ці люди ганьблять те, чого не розуміють. Лише те, що вони відчувають підсвідомо, як нерозумні тварини, і є те саме, що губить їх.",
        "11": "Горе їм! Вони пішли тією ж дорогою, що й Каїн. Заради наживи вони піддалися тій же омані, що й Валаам. І загинуть вони, як і ті, котрі брали участь у бунті Корея.",
        "12": "Ці люди — брудні плями серед вас. Вони безсоромно вечеряють на ваших святкових бенкетах, та дбають лише за себе. Вони — хмари без вологи, гнані вітрами; осінні дерева без плодів, що їх викорчовують. Вони вмерли двічі.",
        "13": "Ці люди — люті хвилі морські, вкриті брудною піною своїх злодіянь. Вони — блукаючі зірки, й морок темряви призначено для них навічно.",
        "14": "Єнох, сьомий з Адамового роду, так пророкував про них: «Дивіться, Господь іде з тисячами й тисячами Своїх святих Ангелів.",
        "15": "Він учинить суд над усіма людьми, і засудить усіх безбожників за їхні злі вчинки й за всі лихі слова, які ті грішникі промовили проти Нього».",
        "16": "Люди ці постійно ремствують і нарікають на інших, й завжди ідуть за власною хіттю. Уста їхні промовляють зверхні слова. Ці люди підлещуються до інших тільки заради користі своєї.",
        "17": "Але ви, любі друзі, пам’ятайте слова, раніше сказані апостолами нашого Господа Ісуса Христа.",
        "18": "Вони наставляли вас: «Напередодні кінця світу з’являться люди, які насміхатимуться з Бога, та потуратимуть своїм безбожним бажанням».",
        "19": "Це ті, хто сіють розбрат. Вони керуються земними бажаннями, бо нема в них Духа Святого.",
        "20": "Ви ж, любі друзі, мусите зміцнювати дух одне одного у своїй найсвятішій вірі. Моліться зі Святим Духом.",
        "21": "Бережіть себе у Божій любові, очікуючи милосердя Господа нашого Ісуса Христа, що веде до вічного життя.",
        "22": "Допомагайте тим, хто вагається.",
        "23": "Рятуйте тих, хто прямує до вогню пекельного, але будьте обережні в милосерді до інших. Навіть одяг їхній, споганений гріховними вчинками, заслуговує на ненависть.",
        "24": "Бог міцний і може допомогти вам, застерігаючи від падіння. Він може поставити вас перед славою Своєю безгрішними, і може дати вам радість велику.",
        "25": "Він — Єдиний Бог, Спаситель наш. Слава і велич, сила і влада Йому через Господа нашого Ісуса Христа у всі часи, віднині й на всі віки! Амінь."
    }
}