{
    "1": {
        "1": "Paweł i Sylwan, i Tymoteusz do zboru Tesaloniczan w Bogu Ojcu naszym i w Panu Jezusie Chrystusie;",
        "2": "Łaska wam i pokój od Boga, Ojca naszego, i Pana Jezusa Chrystusa.",
        "3": "Powinniśmy zawsze dziękować Bogu za was, bracia. Jest to rzecz słuszna. Wiara wasza bowiem bardzo wzrasta a wzajemna miłość wasza pomnaża się w was wszystkich,",
        "4": "Tak że i my sami chlubimy się wami w zborach Bożych, waszą wytrwałością i wiarą we wszystkich prześladowaniach waszych i uciskach, jakie znosicie;",
        "5": "Jest to dowodem sprawiedliwego sądu Bożego i tego, że zostaliście uznani za godnych Królestwa Bożego, za które też cierpicie,",
        "6": "Gdyż sprawiedliwa to rzecz u Boga odpłacić uciskiem tym, którzy was uciskają,",
        "7": "A wam, uciskanym, dać odpocznienie wespół z nami, gdy się objawi Pan Jezus z nieba ze zwiastunami mocy swojej,",
        "8": "W ogniu płomienistym, wymierzając karę tym, którzy nie znają Boga, oraz tym, którzy nie są posłuszni ewangelii Pana naszego Jezusa.",
        "9": "Poniosą oni karę: zatracenie wieczne, oddalenie od oblicza Pana i od mocy chwały jego,",
        "10": "Gdy przyjdzie w owym dniu, aby być uwielbionym wśród świętych swoich i podziwianym przez wszystkich, którzy uwierzyli, bo świadectwu naszemu uwierzyliście.",
        "11": "W tej myśli też modlimy się zawsze za was, aby Bóg nasz uznał was za godnych powołania i w mocy doprowadził do końca wszystkie wasze dobre zamierzenia i dzieła wiary,",
        "12": "Aby imię Pana naszego Jezusa Chrystusa było uwielbione w was, a wy w nim, według łaski Boga naszego i Pana Jezusa Chrystusa."
    },
    "2": {
        "1": "Co się zaś tyczy przyjścia Pana naszego Jezusa Chrystusa i spotkania naszego z nim, prosimy was, bracia,",
        "2": "Abyście nie tak szybko dali się zbałamucić i nastraszyć, czy to przez jakieś wyrocznie, czy przez mowę, czy przez list, rzekomo przez nas pisany, jakoby już nastał dzień Pański.",
        "3": "Niechaj was nikt w żaden sposób nie zwodzi; bo nie nastanie pierwej, zanim nie przyjdzie odstępstwo i nie objawi się człowiek niegodziwości, Syn zatracenia,",
        "4": "Przeciwnik, który wynosi się ponad wszystko, co się zwie Bogiem lub jest przedmiotem boskiej czci, a nawet zasiądzie w świątyni Bożej, podając się za Boga.",
        "5": "Czy nie pamiętacie, że jeszcze będąc u was, o tym wam mówiłem?",
        "6": "A wiecie, co go teraz powstrzymuje, tak iż się objawi dopiero we właściwym czasie.",
        "7": "Albowiem tajemna moc nieprawości już działa, tajemna dopóty, dopóki ten, który teraz powstrzymuje, nie zejdzie z pola.",
        "8": "A wtedy objawi się ów niegodziwiec, którego Pan Jezus zabije tchnieniem ust swoich i zniweczy blaskiem przyjścia swego.",
        "9": "A ów niegodziwiec przyjdzie za sprawą szatana z wszelką mocą, wśród znaków i rzekomych cudów,",
        "10": "I wśród wszelkich podstępnych oszustw wobec tych, którzy mają zginąć, ponieważ nie przyjęli miłości prawdy, która mogła ich zbawić.",
        "11": "I dlatego zsyła Bóg na nich ostry obłęd, tak iż wierzą kłamstwu,",
        "12": "Aby zostali osądzeni wszyscy, którzy nie uwierzyli prawdzie, lecz znaleźli upodobanie w nieprawości.",
        "13": "My jednak powinniśmy dziękować Bogu zawsze za was, bracia, umiłowani przez Pana, że Bóg wybrał was od początku ku zbawieniu przez Ducha, który uświęca, i przez wiarę w prawdę.",
        "14": "Do tego też powołał was przez ewangelię, którą głosimy, abyście dostąpili chwały Pana naszego, Jezusa Chrystusa.",
        "15": "Przeto, bracia, trwajcie niewzruszenie i trzymajcie się przekazanej nauki, której nauczyliście się czy to przez mowę, czy przez list nasz.",
        "16": "A sam Pan nasz Jezus Chrystus i Bóg, Ojciec nasz, który nas umiłował i dał pocieszenie wieczne, i dobrą nadzieję z łaski,",
        "17": "Niech pocieszy serca wasze i utwierdzi was we wszelkim dobrym uczynku i w dobrym słowie."
    },
    "3": {
        "1": "Na ostatek, bracia, módlcie się za nas, aby Słowo Pańskie krzewiło się i rozsławiało wszędzie, podobnie jak u was,",
        "2": "I abyśmy byli wybawieni od ludzi przewrotnych i złych; albowiem wiara nie jest rzeczą wszystkich.",
        "3": "A wierny jest Pan, który was utwierdzi i strzec będzie od złego.",
        "4": "Co zaś do was, to mamy ufność w Panu, że to, co wam rozkazujemy, czynicie i czynić będziecie.",
        "5": "Pan zaś niech kieruje serca wasze ku miłości Bożej i ku cierpliwości Chrystusowej.",
        "6": "Nakazujemy wam, bracia, w imieniu Pana Jezusa Chrystusa, abyście stronili od każdego brata, który żyje nieporządnie, a nie według nauki, którą otrzymaliście od nas.",
        "7": "Sami bowiem wiecie, jak nas należy naśladować, ponieważ nie żyliśmy między wami nieporządnie",
        "8": "Ani też u nikogo nie jedliśmy darmo chleba, ale w trudzie i znoju we dnie i w nocy pracowaliśmy, żeby dla nikogo z was nie być ciężarem;",
        "9": "Nie dlatego, jakobyśmy po temu prawa nie mieli, ale dlatego, że wam siebie samych daliśmy za przykład do naśladowania.",
        "10": "Bo gdy byliśmy u was, nakazaliśmy wam: Kto nie chce pracować, niechaj też nie je.",
        "11": "Albowiem dochodzą nas słuchy, że niektórzy pomiędzy wami postępują nieporządnie: nic nie robią, a zajmują się tylko niepotrzebnymi rzeczami.",
        "12": "Tym też nakazujemy i napominamy ich przez Pana Jezusa Chrystusa, aby w cichości pracowali i własny chleb jedli.",
        "13": "A wy, bracia, nie ustawajcie czynić dobrze.",
        "14": "A jeśli ktoś jest nieposłuszny słowu naszemu, w tym liście wypowiedzianemu, baczcie na niego i nie przestawajcie z nim, aby się zawstydził;",
        "15": "Nie uważajcie go jednak za nieprzyjaciela, lecz napominajcie jako brata.",
        "16": "A sam Pan pokoju niech wam da pokój zawsze i wszędzie. Pan niechaj będzie z wami wszystkimi.",
        "17": "Pozdrowienie moją, Pawła, ręką, co jest znakiem w każdym liście: tak piszę.",
        "18": "Łaska Pana naszego Jezusa Chrystusa niech będzie z wami wszystkimi. Amen."
    }
}