{
    "1": {
        "1": "Paweł, apostoł Chrystusa Jezusa z woli Boga, według obietnicy żywota, który jest w Chrystusie Jezusie,",
        "2": "Do Tymoteusza, umiłowanego syna: Łaska, miłosierdzie i pokój od Boga Ojca i Chrystusa Jezusa, Pana naszego.",
        "3": "Dziękuję Bogu, któremu z czystym sumieniem służę, tak jak przodkowie moi, gdy nieustannie ciebie wspominam w modlitwach moich, we dnie i w nocy;",
        "4": "Pomny na łzy twoje, pragnę cię ujrzeć, abym doznał pełnej radości;",
        "5": "Przywodzę sobie na pamięć nieobłudną wiarę twoją, która była zadomowiona w babce twojej Loidzie i w matce twojej Eunice, a pewien jestem, że i w tobie żyje.",
        "6": "Z tego powodu przypominam ci, abyś rozniecił na nowo dar łaski Bożej, którego udzieliłem ci przez włożenie rąk moich.",
        "7": "Albowiem nie dał nam Bóg ducha bojaźni, lecz mocy i miłości, i powściągliwości.",
        "8": "Nie wstydź się więc świadectwa o Panu naszym, ani mnie, więźnia jego, ale cierp wespół ze mną dla ewangelii, wsparty mocą Boga,",
        "9": "Który nas wybawił i powołał powołaniem świętym, nie na podstawie uczynków naszych, lecz według postanowienia swojego i łaski, danej nam w Chrystusie Jezusie przed dawnymi wiekami,",
        "10": "A teraz objawionej przez przyjście Zbawiciela naszego, Chrystusa Jezusa, który śmierć zniszczył, a żywot i nieśmiertelność na jaśnię wywiódł przez ewangelię,",
        "11": "Dla której jestem ustanowiony zwiastunem i apostołem, i nauczycielem;",
        "12": "Z tego też powodu znoszę te cierpienia, ale nie wstydzę się, gdyż wiem, komu zawierzyłem, i pewien jestem tego, że On mocen jest zachować to, co mi powierzono, do owego dnia.",
        "13": "Wzoruj się na zdrowej nauce, którą usłyszałeś ode mnie, żyjąc w wierze i w miłości, która jest w Chrystusie Jezusie;",
        "14": "Tego, co ci dobrego powierzono, strzeż przez Ducha Świętego, który mieszka w nas.",
        "15": "Wiesz o tym, że odwrócili się ode mnie wszyscy, którzy są w Azji, a wśród nich Fygelos i Hermogenes.",
        "16": "Niech Pan okaże miłosierdzie domowi Onezyfora, bo mnie często pokrzepiał, a więzów moich się nie wstydził,",
        "17": "Ale będąc w Rzymie, usilnie mnie szukał i znalazł;",
        "18": "Niech mu Pan da, aby znalazł miłosierdzie u Pana w owym dniu; a jak wiele usług oddał mi w Efezie, ty wiesz najlepiej."
    },
    "2": {
        "1": "Ty więc, synu mój, wzmacniaj się w łasce, która jest w Chrystusie Jezusie,",
        "2": "A co słyszałeś ode mnie wobec wielu świadków, to przekaż ludziom godnym zaufania, którzy będą zdolni i innych nauczać.",
        "3": "Cierp wespół ze mną jako dobry żołnierz Chrystusa Jezusa,",
        "4": "Żaden żołnierz nie daje się wplątać w sprawy doczesnego życia, aby się podobać temu, który go do wojska powołał.",
        "5": "Bo nawet jeśli ktoś staje do zapasów, nie otrzymuje wieńca, jeżeli nie walczy prawidłowo.",
        "6": "Rolnik, który pracuję, powinien najpierw korzystać z plonów.",
        "7": "Rozważ, co mówię, a Pan da ci właściwe zrozumienie wszystkiego.",
        "8": "Miej w pamięci Jezusa Chrystusa, który został wskrzeszony z martwych, jest z rodu Dawidowego, według mojej ewangelii,",
        "9": "Dla której cierpię niczym złoczyńca aż do więzów, ale Słowo Boże nie jest związane;",
        "10": "Dlatego wszystko znoszę przez wzgląd na wybranych, aby i oni dostąpili zbawienia, które jest w Chrystusie Jezusie, wraz z chwałą wiekuistą.",
        "11": "Prawdziwa to mowa: Jeśli bowiem z nim umarliśmy, z nim też żyć będziemy;",
        "12": "Jeśli z nim wytrwamy, z nim też królować będziemy; jeśli się go zaprzemy, i On się nas zaprze;",
        "13": "Jeśli my nie dochowujemy wiary, On pozostaje wierny, albowiem samego siebie zaprzeć się nie może.",
        "14": "To przypominaj, zaklinając ich przed Bogiem, aby się nie wdawali w spory o słowa, bo to jest bezużyteczne, a tylko słuchaczy do zguby przywodzi.",
        "15": "Staraj się usilnie o to, abyś mógł stanąć przed Bogiem jako wypróbowany i nienaganny pracownik, który wykłada należycie słowo prawdy.",
        "16": "A pospolitej, pustej mowy unikaj, bo ci, którzy się nią posługują, będą się pogrążali w coraz większą bezbożność,",
        "17": "A nauka ich szerzyć się będzie jak zgorzel; do nich należy Hymeneusz i Filetos,",
        "18": "Którzy z drogi prawdy zboczyli, powiadając, że zmartwychwstanie już się dokonało, przez co podważają wiarę niektórych.",
        "19": "Wszakże fundament Boży stoi niewzruszony, a ma tę pieczęć na sobie: Zna Pan tych, którzy są jego, i: Niech odstąpi od niesprawiedliwości każdy, kto wzywa imienia Pańskiego.",
        "20": "W wielkim zaś domu są nie tylko naczynia złote i srebrne, ale też drewniane i gliniane; jedne służą do celów zaszczytnych, a drugie pospolitych.",
        "21": "Jeśli tedy kto siebie czystym zachowa od tych rzeczy pospolitych, będzie naczyniem do celów zaszczytnych, poświęconym i przydatnym dla Pana, nadającym się do wszelkiego dzieła dobrego.",
        "22": "Młodzieńczych zaś pożądliwości się wystrzegaj, a zdążaj do sprawiedliwości, wiary, miłości, pokoju z tymi, którzy wzywają Pana z czystego serca.",
        "23": "A głupich i niedorzecznych rozpraw unikaj, wiedząc, że wywołują spory.",
        "24": "A sługa Pański nie powinien wdawać się w spory, lecz powinien być uprzejmy dla wszystkich, zdolny do nauczania, cierpliwie znoszący przeciwności,",
        "25": "Napominający z łagodnością krnąbrnych, w nadziei, że Bóg przywiedzie ich kiedyś do upamiętania i do poznania prawdy",
        "26": "I że wyzwolą się z sideł diabła, który ich zmusza do pełnienia swojej woli."
    },
    "3": {
        "1": "A to wiedz, że w dniach ostatecznych nastaną trudne czasy:",
        "2": "Ludzie bowiem będą samolubni, chciwi, chełpliwi, pyszni, bluźnierczy, rodzicom nieposłuszni, niewdzięczni, bezbożni,",
        "3": "Bez serca, nieprzejednani, przewrotni, niepowściągliwi, okrutni, nie miłujący tego, co dobre,",
        "4": "Zdradzieccy, zuchwali, nadęci, miłujący więcej rozkosze niż Boga,",
        "5": "Którzy przybierają pozór pobożności, podczas gdy życie ich jest zaprzeczeniem jej mocy; również tych się wystrzegaj.",
        "6": "Albowiem z nich wywodzą się ci, którzy wdzierają się do domów i usidlają kobiety opanowane przez różne pożądliwości,",
        "7": "Które zawsze się uczą, a nigdy do poznania prawdy dojść nie mogą.",
        "8": "Podobnie jak Jannes i Jambres przeciwstawili się Mojżeszowi, tak samo ci przeciwstawiają się prawdzie, ludzie spaczonego umysłu, nie wytrzymujący próby wiary.",
        "9": "Ale daleko nie zajdą, albowiem ich głupota uwidoczni się wobec wszystkich, jak to się i z tamtymi stało.",
        "10": "Lecz ty poszedłeś za moją nauką, za moim sposobem życia, za moimi dążnościami, za moją wiarą, wyrozumiałością, miłością, cierpliwością,",
        "11": "Za moimi prześladowaniami, cierpieniami, które mnie spotkały w Antiochii, w Ikonium, w Listrze. Jakież to prześladowania zniosłem, a z wszystkich wyrwał mnie Pan!",
        "12": "Tak jest, wszyscy, którzy chcą żyć pobożnie w Chrystusie Jezusie, prześladowanie znosić będą.",
        "13": "Ludzie zaś źli i oszuści coraz bardziej brnąć będą w zło, błądząc sami i drugich w błąd wprowadzając.",
        "14": "Ale ty trwaj w tym, czegoś się nauczył i czego pewny jesteś, wiedząc, od kogoś się tego nauczył.",
        "15": "I ponieważ od dzieciństwa znasz Pisma święte, które cię mogą obdarzyć mądrością ku zbawieniu przez wiarę w Jezusa Chrystusa.",
        "16": "Całe Pismo przez Boga jest natchnione i pożyteczne do nauki, do wykrywania błędów, do poprawy, do wychowywania w sprawiedliwości,",
        "17": "Aby człowiek Boży był doskonały, do wszelkiego dobrego dzieła przygotowany."
    },
    "4": {
        "1": "Zaklinam cię tedy przed Bogiem i Chrystusem Jezusem, który będzie sądził żywych i umarłych, na objawienie i Królestwo jego;",
        "2": "Głoś Słowo, bądź w pogotowiu w każdy czas, dogodny czy niedogodny, karć, grom, napominaj z wszelką cierpliwością i pouczaniem.",
        "3": "Albowiem przyjdzie czas, że zdrowej nauki nie ścierpią, ale według swoich upodobań nazbierają sobie nauczycieli, żądni tego, co ucho łechce,",
        "4": "I odwrócą ucho od prawdy, a zwrócą się ku baśniom;",
        "5": "Ale ty bądź czujny we wszystkim, cierp, wykonuj pracę ewangelisty, pełnij rzetelnie służbę swoją.",
        "6": "Albowiem już niebawem będę złożony w ofierze, a czas rozstania mego z życiem nadszedł.",
        "7": "Dobry bój bojowałem, biegu dokonałem, wiarę zachowałem;",
        "8": "A teraz oczekuje mnie wieniec sprawiedliwości, który mi w owym dniu da Pan, sędzia sprawiedliwy, a nie tylko mnie, lecz i wszystkim, którzy umiłowali przyjście jego.",
        "9": "Staraj się przyjść do mnie rychło;",
        "10": "Albowiem Demas mnie opuścił, umiłowawszy świat doczesny, i odszedł do Tesaloniki, Krescent do Galacji, Tytus do Dalmacji;",
        "11": "Tylko Łukasz jest ze mną. Weź Marka i przyprowadź z sobą, bo mi jest bardzo potrzebny do posługiwania.",
        "12": "A Tychikusa posłałem do Efezu.",
        "13": "Płaszcz, który zostawiłem w Troadzie u Karposa, przynieś, gdy przyjdziesz, i księgi, zwłaszcza pergaminy.",
        "14": "Aleksander, kotlarz, wyrządził mi wiele złego; odda mu Pan według uczynków jego;",
        "15": "Jego i ty się strzeż; albowiem bardzo się sprzeciwił słowom naszym.",
        "16": "W pierwszej obronie mojej nikogo przy mnie nie było, wszyscy mnie opuścili: niech im to nie będzie policzone;",
        "17": "Ale Pan stał przy mnie i dodał mi sił, aby przeze mnie dopełnione było zwiastowanie ewangelii, i aby je słyszeli wszyscy poganie; i zostałem wyrwany z paszczy lwiej.",
        "18": "Wyrwie mnie Pan ze wszystkiego złego i zachowa dla Królestwa swego niebieskiego; jemu niech będzie chwała na wieki wieków. Amen.",
        "19": "Pozdrów Pryskę i Akwilę oraz dom Onezyfora.",
        "20": "Erast pozostał w Koryncie, a chorego Trofima zostawiłem w Milecie.",
        "21": "Staraj się przyjść przed zimą. Pozdrawiają cię Eubulos i Pudens, i Linus, i Klaudia, i wszyscy bracia.",
        "22": "Pan niech będzie z duchem twoim. Łaska niech będzie z wami. Amen."
    }
}