{
    "1": {
        "1": "Co było od początku, co słyszeliśmy, co oczami naszymi widzieliśmy, na co patrzyliśmy i czego ręce nasze dotykały, o Słowie żywota —",
        "2": "A żywot objawiony został, i widzieliśmy, i świadczymy, i zwiastujemy wam ów żywot wieczny, który był u Ojca, a nam objawiony został —",
        "3": "Co widzieliśmy i słyszeliśmy, to i wam zwiastujemy, abyście i wy społeczność z nami mieli. A społeczność nasza jest społecznością z Ojcem i z Synem jego, Jezusem Chrystusem.",
        "4": "A to piszemy, aby radość nasza była pełna.",
        "5": "A zwiastowanie to, które słyszeliśmy od niego i które wam ogłaszamy, jest takie, że Bóg jest światłością, a nie ma w nim żadnej ciemności.",
        "6": "Jeśli mówimy, że z nim społeczność mamy, a chodzimy w ciemności, kłamiemy i nie trzymamy się prawdy.",
        "7": "Jeśli zaś chodzimy w światłości, jak On sam jest w światłości, społeczność mamy z sobą, i krew Jezusa Chrystusa, Syna jego, oczyszcza mas od wszelkiego grzechu.",
        "8": "Jeśli mówimy, że grzechu nie mamy, sami siebie zwodzimy, i prawdy w nas nie ma.",
        "9": "Jeśli wyznajemy grzechy swoje, wierny jest Bóg i sprawiedliwy i odpuści nam grzechy, i oczyści nas od wszelkiej nieprawości.",
        "10": "Jeśli mówimy, że nie zgrzeszyliśmy, kłamcę z niego robimy i nie ma w nas Słowa jego."
    },
    "2": {
        "1": "Dzieci moje, to wam piszę, abyście nie grzeszyli. A jeśliby kto zgrzeszył, mamy orędownika u Ojca, Jezus Chrystusa, który jest sprawiedliwy.",
        "2": "On ci jest ubłaganiem za grzechy nasze, a nie tylko za nasze, lecz i ze grzechy całego świata.",
        "3": "A z tego wiemy, że go znamy, jeśli przykazania jego zachowujemy.",
        "4": "Kto mówi: Znam go, a przykazań jego nie zachowuje, kłamcą jest i prawdy w nim nie ma.",
        "5": "Lecz kto zachowuje Słowo jego, w tym prawdziwie dopełniła się miłość Boża. Po tym poznajemy, że w nim jesteśmy.",
        "6": "Kto mówi, że w nim mieszka, powinien sam tak postępować, jak On postępował.",
        "7": "Umiłowani, nie podaję wam nowego przykazania, lecz przykazanie dawne, które mieliście od początku; a tym przykazaniem dawnym jest to Słowo, które słyszeliście.",
        "8": "A jednak nowe przykazanie podaję wam, to, które jest prawdziwe w nim i w was, gdyż ciemność ustępuje, a światłość prawdziwa już świeci.",
        "9": "Kto mówi, że jest w światłości, a brata swojego nienawidzi, w ciemności jest nadal.",
        "10": "Kto miłuje brata swego, w światłości mieszka i nie ma w nim zgorszenia.",
        "11": "Kto zaś nienawidzi brata swego, jest w ciemności i w ciemności chodzi, i nie wie, dokąd idzie, gdyż ciemność zaślepiła jego oczy.",
        "12": "Piszę wam, dzieci, gdyż odpuszczone są wam grzechy dla imienia jego.",
        "13": "Piszę wam, ojcowie, gdyż znacie tego, który jest od początku. Piszę wam, młodzieńcy, gdyż zwyciężyliście złego.",
        "14": "Napisałem wam, dzieci, gdyż znacie Ojca. Napisałem wam, ojcowie, gdyż znacie tego, który jest od początku. Napisałem wam, młodzieńcy, gdyż jesteście mocni i Słowo Boże mieszka w was, i zwyciężyliście złego.",
        "15": "Nie miłujcie świata ani tych rzeczy, które są na świecie. Jeśli kto miłuje świat, nie ma w nim miłości Ojca.",
        "16": "Bo wszystko, co jest na świecie, pożądliwość ciała i pożądliwość oczu, i pycha życia, nie jest z Ojca, ale ze świata.",
        "17": "I świat przemija wraz z pożądliwością swoją; ale kto pełni wolę Bożą, trwa na wieki.",
        "18": "Dzieci, ostatnia to już godzina. A słyszeliście, że ma przyjść antychryst, lecz oto już teraz wielu antychrystów powstało. Stąd poznajemy, że to już ostatnia godzina.",
        "19": "Wyszli spośród nas, lecz nie byli z nas. Gdyby bowiem byli z nas, byliby pozostali z nami. Lecz miało się okazać, że nie wszyscy są z nas.",
        "20": "A wy macie namaszczenie od Świętego i wiecie wszystko.",
        "21": "Nie pisałem wam nie dlatego, że nie znacie prawdy, ale dlatego, że ją znacie i że żadne kłamstwo nie wywodzi się z prawdy.",
        "22": "Któż jest kłamcą, jeżeli nie ten, który przeczy, że Jezus jest Chrystusem? Ten jest antychrystem, kto podaje w wątpliwość Ojca i Syna.",
        "23": "Każdy, kto podaje w wątpliwość Syna, nie ma i Ojca. Kto wyznaje Syna, ma i Ojca.",
        "24": "To, co słyszeliście od początku, niech pozostanie w was. Jeżeli pozostanie w was to, co od początku słyszeliście, i wy pozostaniecie w Synu i w Ojcu.",
        "25": "A obietnica, którą sam nam dał, to żywot wieczny.",
        "26": "To wam napisałem o tych, którzy was zwodzą.",
        "27": "Ale to namaszczenie, które od niego otrzymaliście, pozostaje w was i nie potrzebujecie, aby was ktoś uczył; lecz jak namaszczenie jego poucza was o wszystkim i jest prawdziwe, a nie jest kłamstwem, i jak was nauczyło, tak w nim trwajcie.",
        "28": "A teraz, dzieci, trwajcie w nim, abyśmy, gdy się objawi, mogli śmiało stanąć przed nim i nie zostali zawstydzeni przy przyjściu jego.",
        "29": "Jeżeli wiecie, że jest sprawiedliwy, wiedzcie też, że każdy, kto postępuje sprawiedliwie, z niego się narodził."
    },
    "3": {
        "1": "Patrzcie, jaką miłość okazał nam Ojciec, że zostaliśmy nazwani dziećmi Bożymi i nimi jesteśmy. Dlatego świat nas nie zna, że jego nie poznał.",
        "2": "Umiłowani, teraz dziećmi Bożymi jesteśmy, ale jeszcze się nie objawiło, czym będziemy. Lecz wiemy, że gdy się objawi, będziemy do niego podobni, gdyż ujrzymy go takim, jakim jest.",
        "3": "I każdy, kto tę nadzieję w nim pokłada, oczyszcza się, tak jak On jest czysty.",
        "4": "Każdy kto popełnia grzech, i zakon przestępuje, a grzech jest przestępstwem zakonu.",
        "5": "A wiecie, że On się objawił, aby zgładzić grzechy, a grzechu w nim nie ma.",
        "6": "Każdy, kto w nim mieszka, nie grzeszy; każdy, kto grzeszy, nie widział go ani go nie poznał.",
        "7": "Dzieci, niech was nikt nie zwodzi; kto postępuje sprawiedliwie, sprawiedliwy jest, jak On jest sprawiedliwy.",
        "8": "Kto popełnia grzech, z diabła jest, gdyż diabeł od początku grzeszy. A Syn Boży na to się objawił, aby zniweczyć dzieła diabelskie.",
        "9": "Kto z Boga się narodził, grzechu nie popełnia, gdyż posiew Boży jest w nim, i nie może grzeszyć, gdyż z Boga się narodził.",
        "10": "Po tym poznaje się dzieci Boże i dzieci diabelskie. Kto nie postępuje sprawiedliwie, nie jest z Boga, jak też ten, kto nie miłuje brata swego.",
        "11": "Albowiem to jest zwiastowanie, które słyszeliście od początku, że mamy się nawzajem miłować;",
        "12": "Nie jak Kain, który wywodził się od złego i zabił brata swego. A dlaczego go zabił? Ponieważ uczynki jego były złe, a uczynki brata jego sprawiedliwe.",
        "13": "Nie dziwcie się, bracia, jeżeli was świat nienawidzi.",
        "14": "My wiemy, że przeszliśmy ze śmierci do żywota, bo miłujemy braci; kto nie miłuje, pozostaje w śmierci.",
        "15": "Każdy, kto nienawidzi brata swego, jest zabójcą, a wiecie, że żaden zabójca nie ma w sobie żywota wiecznego.",
        "16": "Po tym poznaliśmy miłość, że On za nas oddał życie swoje; i my winniśmy życie oddawać za braci.",
        "17": "Jeśli zaś ktoś posiada dobra tego świata, a widzi brata w potrzebie i zamyka przed nim serce swoje, jakże w nim może mieszkać miłość Boża?",
        "18": "Dzieci, miłujmy nie słowem ani językiem, lecz czynem i prawdą.",
        "19": "Po tym poznamy, żeśmy z prawdy i uspokoimy przed nim swoje serca,",
        "20": "Że, jeśliby oskarżało nas serce nasze, Bóg jest większy niż serce nasze i wie wszystko.",
        "21": "Umiłowani, jeżeli nas serce nie oskarża, możemy śmiało stanąć przed Bogiem",
        "22": "I otrzymamy od niego, o cokolwiek prosić będziemy, gdyż przykazań jego przestrzegamy i czynimy to, co miłe jest przed obliczem jego.",
        "23": "A to jest przykazanie jego, abyśmy wierzyli w imię Syna jego, Jezusa Chrystusa, i miłowali się wzajemnie jak nam przykazał.",
        "24": "A kto przestrzega przykazań jego, mieszka w Bogu, a Bóg w nim, i po tym Duchu, którego nam dał, poznajemy, że w nas mieszka."
    },
    "4": {
        "1": "Umiłowani, nie każdemu duchowi wierzcie, lecz badajcie duchy, czy są z Boga, gdyż wielu fałszywych proroków wyszło na ten świat.",
        "2": "Po tym poznawajcie Ducha Bożego: Wszelki duch, który wyznaje, że Jezus Chrystus przyszedł w ciele, z Boga jest.",
        "3": "Wszelki zaś duch, który nie wyznaje, że Jezus Chrystus przyszedł w ciele, nie jest z Boga. Jest to duch antychrysta, o którym słyszeliście, że ma przyjść, i teraz już jest na świecie.",
        "4": "Wy z Boga jesteście, dzieci, i wy ich zwyciężyliście, gdyż Ten, który jest w was, większy jest, aniżeli ten, który jest na świecie.",
        "5": "Oni są ze świata; dlatego mówią, jak świat mówi, i świat ich słucha.",
        "6": "My jesteśmy z Boga; kto zna Boga, słucha nas, kto nie jest z Boga, nie słucha nas. Po tym poznajemy ducha prawdy i ducha fałszu.",
        "7": "Umiłowani, miłujmy się nawzajem, gdyż miłość jest z Boga, i każdy, kto miłuje, z Boga się narodził i zna Boga.",
        "8": "Kto nie miłuje, nie zna Boga, gdyż Bóg jest miłością.",
        "9": "W tym objawiła się miłość Boga do nas, iż Syna swego jednorodzonego posłał Bóg na świat, abyśmy przezeń żyli.",
        "10": "Na tym polega miłość, że nie myśmy umiłowali Boga, lecz że On nas umiłował i posłał Syna swego jako ubłaganie za grzechy nasze.",
        "11": "Umiłowani, jeżeli Bóg nas tak umiłował, i myśmy powinni nawzajem się miłować.",
        "12": "Boga nikt nigdy nie widział; jeżeli nawzajem się miłujemy, Bóg mieszka w nas i miłość jego doszła w nas do doskonałości.",
        "13": "Po tym poznajemy, że w nim mieszkamy, a On w nas, że z Ducha swojego nam udzielił.",
        "14": "A my widzieliśmy i świadczymy, iż Ojciec posłał Syna jako Zbawiciela świata.",
        "15": "Kto tedy wyzna, iż Jezus jest Synem Bożym, w tym mieszka Bóg, a on w Bogu.",
        "16": "A myśmy poznali i uwierzyli w miłość, którą Bóg ma do nas. Bóg jest miłością, a kto mieszka w miłości, mieszka w Bogu, a Bóg w nim.",
        "17": "W tym miłość do nas doszła do doskonałości, że możemy mieć niezachwianą ufność w dzień sądu, gdyż jaki On jest, tacy i my jesteśmy na tym świecie.",
        "18": "W miłości nie ma bojaźni, wszak doskonała miłość usuwa bojaźń, gdyż bojaźń drży przed karą; kto się więc boi, nie jest doskonały w miłości.",
        "19": "Miłujmy więc, gdyż On nas przedtem umiłował.",
        "20": "Jeśli kto mówi: Miłuję Boga, a nienawidzi brata swego, kłamcą jest; albowiem kto nie miłuje brata swego, którego widzi, nie może miłować Boga, którego nie widzi.",
        "21": "A to przykazanie mamy od niego, aby ten, kto miłuje Boga, miłował i brata swego."
    },
    "5": {
        "1": "Każdy, kto wierzy, iż Jezus jest Chrystusem, z Boga się narodził, a każdy, kto miłuje tego, który go, zrodził, miłuje też tego, który się z niego narodził.",
        "2": "Po tym poznajemy, iż dzieci Boże miłujemy, jeżeli Boga miłujemy i przykazania jego spełniamy.",
        "3": "Na tym bowiem polega miłość ku Bogu, że się przestrzega przykazań jego, a przykazania jego nie są uciążliwe.",
        "4": "Bo wszystko, co się narodziło z Boga, zwycięża świat, a zwycięstwo, które zwyciężyło świat, to wiara nasza.",
        "5": "A któż może zwyciężyć świat, jeżeli nie Ten, który wierzy, że Jezus jest Synem Bożym?",
        "6": "On jest tym, który przyszedł przez wodę i krew, Jezus Chrystus; nie w wodzie tylko, ale w wodzie i we krwi, a Duch składa świadectwo, gdyż Duch jest prawdą.",
        "7": "Albowiem trzech jest świadków:",
        "8": "Duch i woda, i krew, a ci trzej są zgodni.",
        "9": "Jeżeli świadectwo ludzkie przyjmujemy, to tym bardziej świadectwo Boże, które jest wiarogodniejsze; a to jest świadectwo Boga, że złożył świadectwo o swoim Synu.",
        "10": "Kto wierzy w Syna Bożego, ma świadectwo w sobie. Kto nie wierzy w Boga, uczynił go kłamcą, gdyż nie uwierzył świadectwu, które Bóg złożył o Synu swoim.",
        "11": "A takie jest to świadectwo, że żywot wieczny dał nam Bóg, a żywot ten jest w Synu jego.",
        "12": "Kto ma syna, ma żywot; kto nie ma Syna Bożego, nie ma żywota.",
        "13": "To napisałem wam, którzy wierzycie w imię Syna Bożego, abyście wiedzieli, że macie żywot wieczny.",
        "14": "Taka zaś jest ufność, jaką mamy do niego, iż jeżeli prosimy o coś według jego woli, wysłuchuje nas.",
        "15": "A jeżeli wiemy, że nas wysłuchuje, o co go prosimy, wiemy też, że otrzymaliśmy już od niego to, o co prosiliśmy.",
        "16": "Jeżeli ktoś widzi, że brat jego popełnia grzech, lecz nie śmiertelny, niech się modli, a Bóg da mu żywot, to jest tym, którzy nie popełniają grzechu śmiertelnego. Wszak jest grzech śmiertelny; nie o takim mówię, żeby się modlić.",
        "17": "Wszelka nieprawość jest grzechem; lecz nie każdy grzech jest śmiertelny.",
        "18": "Wiemy, że żaden z tych, którzy się z Boga narodzili, nie grzeszy, ale że Ten, który z Boga został zrodzony, strzeże go i zły nie może go tknąć.",
        "19": "My wiemy, że z Boga jesteśmy, a cały świat tkwi w złem.",
        "20": "Wiemy też, że Syn Boży przyszedł i dał nam rozum, abyśmy poznali tego, który jest prawdziwy. My jesteśmy w tym, który jest prawdziwy, w Synu jego, Jezusie Chrystusie. On jest tym prawdziwym Bogiem i życiem wiecznym.",
        "21": "Dzieci, wystrzegajcie się fałszywych bogów."
    }
}