{
    "1": {
        "1": "Und im ersten Jahr des Kyrus, des Königs von Persien — damit das Wort des Herrn erfüllt würde, das durch den Mund Jeremias ergangen war —, da erweckte der Herr den Geist des Kyrus, des Königs von Persien, sodass er durch sein ganzes Königreich, auch schriftlich, bekannt machen und sagen ließ:",
        "2": "»So spricht Kyrus, der König von Persien: Der Herr, der Gott des Himmels, hat mir alle Königreiche der Erde gegeben, und er selbst hat mir befohlen, ihm ein Haus zu bauen in Jerusalem, das in Juda ist.",
        "3": "Wer irgend unter euch zu seinem Volk gehört, mit dem sei sein Gott, und er ziehe hinauf nach Jerusalem, das in Juda ist, und baue das Haus des Herrn, des Gottes Israels — Er ist Gott — in Jerusalem!",
        "4": "Und jeder, der noch übrig geblieben ist an irgendeinem Ort, wo er sich als Fremdling aufhält, dem sollen die Leute seines Ortes helfen mit Silber und Gold, mit Gütern und Vieh sowie freiwilligen Gaben für das Haus Gottes in Jerusalem!«",
        "5": "Da machten sich die Familienhäupter von Juda und Benjamin auf, und die Priester und Leviten — jeder, dessen Geist Gott erweckte, um hinaufzuziehen und um das Haus des Herrn zu bauen, das in Jerusalem ist.",
        "6": "Und alle ihre Nachbarn stärkten ihnen die Hände mit silbernen und goldenen Geräten, mit Gütern und Vieh und Kleinodien, außer dem, was sie alles freiwillig gaben.",
        "7": "Und der König Kyrus gab die Geräte des Hauses des Herrn heraus, die Nebukadnezar aus Jerusalem weggenommen und in das Haus seines Gottes gebracht hatte.",
        "8": "Und Kyrus, der König von Persien, gab sie heraus durch Mitredat, den Schatzmeister, und übergab sie abgezählt Sesbazzar, dem Fürsten von Juda.",
        "9": "Und dies ist ihre Zahl: 30 goldene Becken, 1 000 silberne Becken, 29 Messer,",
        "10": "[sowie] 30 goldene Becher, und 410 silberne Becher von der zweiten Art, und 1 000 andere Geräte.",
        "11": "Die Zahl aller Geräte, der goldenen und silbernen, betrug 5 400. Diese alle brachte Sesbazzar hinauf, als die Weggeführten aus Babel nach Jerusalem hinaufgeführt wurden."
    },
    "2": {
        "1": "Und dies sind die Söhne der Provinz [Juda], die heraufgezogen sind aus der Gefangenschaft der Weggeführten, die Nebukadnezar, der König von Babel, nach Babel weggeführt hatte, und die wieder nach Jerusalem und Juda zurückkehrten, jeder in seine Stadt,",
        "2": "die mit Serubbabel, Jeschua, Nehemia, Seraja, Reelaja, Mordechai, Bilsan, Mispar, Bigwai, Rehum und Baana kamen. Dies ist die Anzahl der Männer des Volkes Israel:",
        "3": "Die Söhne Parhoschs waren 2 172;",
        "4": "die Söhne Schephatjas: 372;",
        "5": "die Söhne Arachs: 775;",
        "6": "die Söhne Pachat-Moabs, von den Söhnen Jeschuas und Joabs: 2 812;",
        "7": "die Söhne Elams: 1 254;",
        "8": "die Söhne Sattus: 945;",
        "9": "die Söhne Sakkais: 760;",
        "10": "die Söhne Banis: 642;",
        "11": "die Söhne Bebais: 623;",
        "12": "die Söhne Asgads: 1 222;",
        "13": "die Söhne Adonikams: 666;",
        "14": "die Söhne Bigwais: 2 056;",
        "15": "die Söhne Adins: 454;",
        "16": "die Söhne Aters, von Hiskia: 98;",
        "17": "die Söhne Bezais: 323;",
        "18": "die Söhne Jorahs: 112;",
        "19": "die Söhne Haschums: 223;",
        "20": "die Söhne Gibbars: 95;",
        "21": "die Söhne Bethlehems: 123;",
        "22": "die Männer von Netopha: 56;",
        "23": "die Männer von Anatot: 128;",
        "24": "die Söhne Asmawets: 42;",
        "25": "die Söhne von Kirjat-Arim, Kephira und Beerot: 743;",
        "26": "die Söhne von Rama und Geba: 621;",
        "27": "die Männer von Michmas: 122;",
        "28": "die Männer von Bethel und Ai: 223;",
        "29": "die Söhne Nebos: 52;",
        "30": "die Söhne Magbischs: 156;",
        "31": "die Söhne des anderen Elam: 1 254;",
        "32": "die Söhne Harims: 320;",
        "33": "die Söhne Lods, Hadids und Onos: 725;",
        "34": "die Söhne von Jericho: 345;",
        "35": "die Söhne Senaas: 3 630. —",
        "36": "Die Priester: Die Söhne Jedajas, vom Haus Jeschuas, waren 973;",
        "37": "die Söhne Immers: 1 052;",
        "38": "die Söhne Paschhurs: 1 247;",
        "39": "die Söhne Harims: 1 017.",
        "40": "Die Leviten: Die Söhne Jeschuas und Kadmiels, von den Söhnen Hodawjas: 74.",
        "41": "Die Sänger: die Söhne Asaphs: 128.",
        "42": "Die Söhne der Torhüter: die Söhne Schallums, die Söhne Aters, die Söhne Talmons, die Söhne Akkubs, die Söhne Hatitas und die Söhne Schobais, zusammen 139.",
        "43": "Die Tempeldiener: die Söhne Zihas, die Söhne Hasuphas, die Söhne Tabbaots;",
        "44": "die Söhne des Keros, die Söhne Siahas, die Söhne Padons,",
        "45": "die Söhne Lebanas, die Söhne Hagabas, die Söhne Akkubs;",
        "46": "die Söhne Hagabs, die Söhne Salmais, die Söhne Hanans;",
        "47": "die Söhne Giddels, die Söhne Gahars; die Söhne Reajas;",
        "48": "die Söhne Rezins, die Söhne Nekodas, die Söhne Gassams;",
        "49": "die Söhne Ussas, die Söhne Paseachs, die Söhne Besais;",
        "50": "die Söhne Asnas, die Söhne der Mehuniter, die Söhne der Nephisiter;",
        "51": "die Söhne Bakbuks, die Söhne Hakuphas, die Söhne Harchurs;",
        "52": "die Söhne Bazluts, die Söhne Mehidas, die Söhne Harsas,",
        "53": "die Söhne Barkos, die Söhne Siseras, die Söhne Tamachs;",
        "54": "die Söhne Neziachs, die Söhne Hatiphas.",
        "55": "Die Söhne der Knechte Salomos: die Söhne Sotais, die Söhne Sopherets, die Söhne Perudas;",
        "56": "die Söhne Jaalas, die Söhne Darkons, die Söhne Giddels;",
        "57": "die Söhne Schephatjas, die Söhne Hattils, die Söhne Pocherets, von Zebajim, die Söhne Amis.",
        "58": "Die Zahl aller Tempeldiener und Söhne der Knechte Salomos betrug 392.",
        "59": "Und diese zogen auch mit herauf aus Tel-Melach und Tel-Harsa, Kerub, Addan und Immer, konnten aber das Haus ihrer Väter und ihre Abstammung nicht nachweisen, ob sie aus Israel seien:",
        "60": "die Söhne Delajas, die Söhne Tobijas, die Söhne Nekodas: 652.",
        "61": "Und von den Söhnen der Priester: die Söhne Habajas, die Söhne des Hakkoz, die Söhne Barsillais, der von den Töchtern Barsillais, des Gileaditers, eine Frau genommen hatte und nach deren Namen genannt worden war.",
        "62": "Diese suchten ihr Geschlechtsregister, und als sie es nicht fanden, wurden sie als unrein vom Priestertum ausgeschlossen.",
        "63": "Und der Statthalter sagte ihnen, dass sie nicht vom Hochheiligen essen dürften, bis ein Priester für die Urim und die Thummim [seinen Dienst] antreten würde.",
        "64": "Die Gesamtzahl der ganzen Gemeinde betrug 42 360,",
        "65": "ohne ihre Knechte und ihre Mägde; deren Zahl betrug 7 337; und dazu kamen noch 200 Sänger und Sängerinnen.",
        "66": "Sie hatten 736 Pferde und 245 Maultiere,",
        "67": "an Kamelen 435, und 6 720 Esel.",
        "68": "Und als sie zum Haus des Herrn nach Jerusalem kamen, gaben etliche von den Familienhäuptern freiwillige Gaben für das Haus Gottes, damit man es an seiner [früheren] Stätte wieder aufbauen könnte;",
        "69": "und zwar gaben sie nach ihrem Vermögen für den Bauschatz 61 000 Gold-Dareiken und 5 000 Silberminen und 100 Priestergewänder.",
        "70": "Und die Priester und die Leviten und die aus dem Volk und die Sänger und die Torhüter und die Tempeldiener ließen sich in ihren Städten nieder und alle Israeliten in ihren Städten."
    },
    "3": {
        "1": "Als aber der siebte Monat nahte und die Kinder Israels nun in ihren Städten waren, da versammelte sich das Volk wie ein Mann in Jerusalem.",
        "2": "Und Jeschua, der Sohn Jozadaks, und seine Brüder, die Priester, und Serubbabel, der Sohn Schealtiels, und seine Brüder, machten sich auf und bauten den Altar des Gottes Israels, um Brandopfer darauf darzubringen, wie es geschrieben steht im Gesetz Moses, des Mannes Gottes.",
        "3": "Und sie errichteten den Altar auf seiner Grundfeste, denn Furcht vor den Völkern der [umliegenden] Länder lastete auf ihnen; und sie opferten dem Herrn Brandopfer darauf, Brandopfer am Morgen und am Abend.",
        "4": "Und sie feierten das Laubhüttenfest so, wie es geschrieben steht, und opferten Brandopfer Tag für Tag in der vorgeschriebenen Zahl, was für jeden Tag bestimmt war;",
        "5": "danach auch das beständige Brandopfer und die [Brandopfer] für die Neumonde und alle heiligen Festtage des Herrn, dazu die [Brandopfer] für jeden, der dem Herrn eine freiwillige Gabe darbrachte.",
        "6": "Am ersten Tag des siebten Monats fingen sie an, dem Herrn Brandopfer darzubringen, obwohl der Grund für den Tempel des Herrn noch nicht gelegt war.",
        "7": "Sie gaben aber den Steinmetzen und Zimmerleuten Geld und den Leuten von Zidon und Tyrus Speise, Trank und Öl, dass sie Zedernholz vom Libanon auf dem Meer nach Japho brächten, wie es ihnen Kyrus, der König von Persien, erlaubt hatte.",
        "8": "Und im zweiten Jahr nach ihrer Ankunft bei dem Haus Gottes in Jerusalem, im zweiten Monat, begannen Serubbabel, der Sohn Schealtiels, und Jeschua, der Sohn Jozadaks, und ihre übrigen Brüder, die Priester und die Leviten und alle, die aus der Gefangenschaft nach Jerusalem gekommen waren, und sie bestimmten die Leviten von 20 Jahren an und darüber zur Aufsicht über das Werk am Haus des Herrn.",
        "9": "Und Jeschua samt seinen Söhnen und Brüdern und Kadmiel samt seinen Söhnen, die Söhne Jehudas, traten an wie ein Mann, um Aufsicht zu führen über die, welche das Werk am Haus Gottes taten, [auch] die Söhne Henadads samt ihren Söhnen und Brüdern, die Leviten.",
        "10": "Und als die Bauleute den Grund zum Tempel des Herrn legten, stellten sich die Priester in ihren Gewändern auf, mit Trompeten, und die Leviten, die Söhne Asaphs, mit Zimbeln, um den Herrn zu loben nach der Anordnung Davids, des Königs von Israel.",
        "11": "Und sie stimmten einen Wechselgesang an und dankten dem Herrn und lobten ihn, dass er so gütig ist und dass seine Gnade ewiglich währt über Israel; und das ganze Volk lobte den Herrn mit großem Freudengeschrei darüber, dass nun der Grund für das Haus des Herrn gelegt war.",
        "12": "Aber viele der alten Priester und Leviten und Familienhäupter, die den früheren Tempel gesehen hatten, weinten laut, als der Grund für dieses Haus vor ihren Augen gelegt wurde, während viele ihre Stimme zu einem Freudengeschrei erhoben,",
        "13": "sodass das Volk das Freudengeschrei nicht unterscheiden konnte von dem lauten Weinen im Volk; denn das Volk erhob ein großes Jubelgeschrei, sodass man den Schall weithin hörte."
    },
    "4": {
        "1": "Als aber die Widersacher Judas und Benjamins hörten, dass die Kinder der Wegführung dem Herrn, dem Gott Israels, den Tempel bauten,",
        "2": "da kamen sie zu Serubbabel und zu den Familienhäuptern und sprachen zu ihnen: Wir wollen mit euch bauen, denn wir wollen euren Gott suchen, gleich wie ihr. Opfern wir ihm nicht seit der Zeit Asar-Haddons, des Königs von Assyrien, der uns hierher gebracht hat?",
        "3": "Aber Serubbabel und Jeschua und die übrigen Familienhäupter Israels antworteten ihnen: Es geziemt sich nicht, dass ihr und wir miteinander das Haus unseres Gottes bauen; sondern wir allein wollen dem Herrn, dem Gott Israels, bauen, wie es uns der König Kyrus, der König von Persien, geboten hat!",
        "4": "Da suchte das Volk im Land die Hände des Volkes Juda schlaff zu machen und sie vom Bauen abzuschrecken.",
        "5": "Und sie warben Ratgeber gegen sie an, um ihr Vorhaben zu verhindern, solange Kyrus, der König von Persien, lebte, bis Darius, der König von Persien, zur Regierung kam.",
        "6": "Als aber Ahasveros König wurde, schrieben sie zu Anfang seiner Regierung eine Anklage gegen die Einwohner von Juda und Jerusalem.",
        "7": "Und zu den Zeiten Artasastas schrieben Bislam, Mitredat, Tabeel und ihre übrigen Genossen an Artasasta, den König von Persien. Der Brief aber war in aramäischer Schrift geschrieben und ins Aramäische übersetzt.",
        "8": "Rehum, der Statthalter, und Simsai, der Schreiber, schrieben einen Brief gegen Jerusalem an den König Artasasta, der so lautete:",
        "9": "»Wir, Rehum, der Statthalter, und Simsai, der Schreiber, und ihre übrigen Genossen, die Diniter, die Apharsachiter, die Tarpliter, die Apharsiter, die Arkewiter, die Babylonier, die Susaniter, die Dehawiter, die Elamiter",
        "10": "und die übrigen Völker, die der große und berühmte Asnappar wegführte und in den Städten Samarias wohnen ließ, und in dem übrigen Gebiet jenseits des [Euphrat-]Stromes und so weiter.«",
        "11": "Dies ist die Abschrift des Briefes, den sie zum König Artasasta sandten: »Deine Knechte, die Männer jenseits des Stromes, und so weiter.",
        "12": "Es sei dem König zur Kenntnis gebracht, dass die Juden, die von dir zu uns heraufgezogen waren und nach Jerusalem gekommen sind, nun die aufrührerische und böse Stadt wieder aufbauen wollen und dass sie die Mauern vollenden und die Grundfesten ausbessern wollen.",
        "13": "So sei nun dem König zur Kenntnis gebracht, dass, wenn diese Stadt wieder aufgebaut wird und die Mauern vollendet werden, sie keine Steuern, weder Zoll noch Weggeld mehr geben und so das königliche Einkommen schmälern werden.",
        "14": "Da wir nun das Salz des Palastes essen und es uns nicht geziemt, ruhig zuzusehen, wie der König geschädigt wird, so senden wir zum König und bringen es ihm zur Kenntnis,",
        "15": "damit man im Buch der Denkwürdigkeiten deiner Väter nachforsche; dann wirst du im Buch der Denkwürdigkeiten finden und erfahren, dass diese Stadt eine aufrührerische Stadt war und für die Könige und Provinzen schädlich gewesen ist, und dass man seit den ältesten Zeiten dort Aufstände verübt hat, weshalb die Stadt auch zerstört worden ist.",
        "16": "Wir machen also den König darauf aufmerksam, dass, wenn diese Stadt wieder aufgebaut wird und [ihre] Mauern vollendet werden, dir aus diesem Grund kein Teil jenseits des Stromes mehr bleiben wird!«",
        "17": "Da sandte der König eine Antwort an Rehum, den Statthalter, und Simsai, den Schreiber, und an ihre übrigen Genossen, die in Samaria wohnten, und in dem übrigen Gebiet jenseits des Stromes: »Frieden! und so weiter.",
        "18": "Der Brief, den ihr an uns gesandt habt, ist mir deutlich vorgelesen worden.",
        "19": "Und ich habe Befehl gegeben, und man hat nachgeforscht und gefunden, dass diese Stadt sich von alters her gegen die Könige empört hat und dass Aufruhr und Aufstände darin verübt worden sind.",
        "20": "Auch sind mächtige Könige über Jerusalem gewesen, die über alles geherrscht haben, was jenseits des Stromes ist, und denen Steuer, Zoll und Weggeld zu entrichten war.",
        "21": "So gebt nun Befehl, dass man diesen Männern wehre, damit diese Stadt nicht gebaut wird, bis es von mir angeordnet wird!",
        "22": "Und seid hiermit gewarnt, dass ihr in dieser Sache keinen Fehler begeht! Denn warum sollte der Schaden groß werden, zum Nachteil für die Könige?«",
        "23": "Als nun der Brief des Königs Artasasta vor Rehum und Simsai, dem Schreiber, und ihren Genossen verlesen worden war, eilten sie nach Jerusalem zu den Juden und wehrten ihnen mit Gewalt und Macht.",
        "24": "Damals hörte das Werk am Haus Gottes in Jerusalem auf, und es kam zum Stillstand bis in das zweite Jahr der Regierung des Königs Darius von Persien."
    },
    "5": {
        "1": "Die Propheten aber, der Prophet Haggai und Sacharja, der Sohn Iddos, weissagten den Juden, die in Juda und in Jerusalem lebten; im Namen des Gottes Israels weissagten sie ihnen.",
        "2": "Da machten sich Serubbabel, der Sohn Schealtiels, und Jeschua, der Sohn Jozadaks, auf und fingen an, das Haus Gottes in Jerusalem zu bauen, und mit ihnen die Propheten Gottes, die sie unterstützten.",
        "3": "Zu jener Zeit kam Tatnai zu ihnen, der Statthalter jenseits des Stromes, und Setar-Bosnai und ihre Genossen, und sie sprachen zu ihnen: Wer hat euch befohlen, dieses Haus zu bauen und diese Mauer zu vollenden?",
        "4": "Darauf sagten wir ihnen die Namen der Männer, die diesen Bau führten.",
        "5": "Aber das Auge ihres Gottes war auf die Ältesten der Juden gerichtet, sodass ihnen nicht gewehrt wurde, bis die Sache Darius vorgelegt und danach ein Brief mit seiner Antwort zurückgekommen wäre.",
        "6": "[Folgendes aber ist] die Abschrift des Briefes, den Tatnai, der Statthalter jenseits des Stromes, und Setar-Bosnai und ihre Genossen, die Apharsachiter, die jenseits des Stromes waren, an den König Darius geschickt haben.",
        "7": "Sie sandten ihm einen Bericht, darin war Folgendes geschrieben: »Dem König Darius allen Frieden!",
        "8": "Dem König sei zur Kenntnis gebracht, dass wir in die Provinz Juda zu dem Haus des großen Gottes gekommen sind; es wird mit schön gehauenen Steinen gebaut, und man legt Balken in die Wände; und dieses Werk wird mit Eifer betrieben und geht mit gutem Gelingen unter ihrer Hand voran.",
        "9": "Da fragten wir diese Ältesten und sprachen zu ihnen: Wer hat euch befohlen, dieses Haus zu bauen und diese Mauer zu vollenden?",
        "10": "Wir fragten sie auch nach ihren Namen, um sie dir mitzuteilen, und wir haben die Namen der Männer, die ihre Obersten sind, aufgezeichnet.",
        "11": "Sie aber gaben uns Folgendes zur Antwort: Wir sind Knechte des Gottes des Himmels und der Erde und bauen das Haus wieder auf, das vor vielen Jahren gebaut worden war, das ein großer König von Israel gebaut und vollendet hat.",
        "12": "Aber als unsere Väter den Gott des Himmels erzürnten, gab er sie in die Hand Nebukadnezars, des Königs von Babel, des Chaldäers; der zerstörte dieses Haus und führte das Volk hinweg nach Babel.",
        "13": "Aber im ersten Regierungsjahr des Kyrus, des Königs von Babel, befahl der König Kyrus, dieses Haus Gottes wieder aufzubauen.",
        "14": "Und auch die goldenen und silbernen Geräte des Hauses Gottes, die Nebukadnezar aus dem Tempel in Jerusalem genommen und in den Tempel von Babel verbracht hatte, nahm der König Kyrus aus dem Tempel von Babel, und gab sie einem Mann namens Sesbazzar, den er zum Statthalter einsetzte;",
        "15": "und er sprach zu ihm: Nimm diese Geräte, ziehe hin und bringe sie in den Tempel, der in Jerusalem ist. Und das Haus Gottes soll an seiner Stätte wieder aufgebaut werden!",
        "16": "Da kam dieser Sesbazzar und legte den Grund für das Haus Gottes in Jerusalem. Und seit jener Zeit und bis jetzt baut man daran; es ist aber noch nicht vollendet.",
        "17": "Und nun, wenn es dem König gefällt, so lasse er im Schatzhaus des Königs, das dort in Babel ist, nachforschen, ob wirklich vom König Kyrus befohlen worden ist, dieses Haus Gottes in Jerusalem aufzubauen; und der König sende uns seine Entscheidung darüber!«"
    },
    "6": {
        "1": "Da befahl der König Darius, dass man im Urkundenhaus nachforschen solle, wo die Schätze von Babel aufbewahrt wurden.",
        "2": "Da fand man in Achmeta, in der Königsburg, die in der Provinz Medien liegt, eine Schriftrolle, darin war folgende Denkwürdigkeit niedergeschrieben:",
        "3": "»Im ersten Jahr des Königs Kyrus befahl der König Kyrus betreffs des Hauses Gottes in Jerusalem: Das Haus soll wieder aufgebaut werden als eine Stätte, wo man Opfer darbringt. Sein Grund soll tragfähig sein, seine Höhe 60 Ellen und seine Breite auch 60 Ellen;",
        "4": "drei Lagen Quadersteine und eine Lage neuer Balken; und die Kosten sollen vom Haus des Königs bestritten werden.",
        "5": "Dazu soll man die goldenen und silbernen Geräte des Hauses Gottes, die Nebukadnezar aus dem Tempel in Jerusalem weggenommen und nach Babel gebracht hat, zurückgeben, damit sie wieder in den Tempel in Jerusalem an ihren Ort gebracht werden, und du sollst sie im Haus Gottes niederlegen!«",
        "6": "»So haltet euch nun fern von dort, du, Tatnai, Statthalter jenseits des Stromes, und du, Setar-Bosnai, und eure Genossen, die Apharsachiter, die ihr jenseits des Stromes seid!",
        "7": "Lasst sie arbeiten an diesem Haus Gottes; der Statthalter von Juda und die Ältesten der Juden sollen das Haus Gottes an seiner Stätte wieder aufbauen!",
        "8": "Auch ist von mir befohlen worden, wie ihr diesen Ältesten Judas behilflich sein sollt, damit sie dieses Haus Gottes bauen können: Man soll aus den Gütern des Königs von den Steuern jenseits des Stromes diesen Leuten die Kosten genau erstatten, damit sie nicht behindert werden.",
        "9": "Und was sie benötigen an jungen Stieren oder Widdern oder Lämmern als Brandopfer für den Gott des Himmels, oder an Weizen, Salz, Wein und Öl, das soll ihnen nach Angabe der Priester in Jerusalem täglich gegeben werden ohne Verzug,",
        "10": "damit sie dem Gott des Himmels Opfer lieblichen Geruchs darbringen und für das Leben des Königs und seiner Söhne beten.",
        "11": "Es ist auch von mir Befehl gegeben worden, dass, wenn irgendein Mensch dieses Gebot übertritt, man von seinem Haus einen Balken nehmen, ihn daran hängen und töten soll; und sein Haus soll deswegen zu einem Misthaufen gemacht werden.",
        "12": "Der Gott aber, der seinen Namen dort wohnen lässt, stürze alle Könige und Völker, die ihre Hand ausstrecken werden, [diesen Erlass] zu übertreten, indem sie dieses Haus Gottes in Jerusalem zerstören! Ich, Darius, habe dies befohlen; es soll genau ausgeführt werden!«",
        "13": "Da befolgten Tatnai, der Statthalter jenseits des Stromes, und Setar-Bosnai und ihre Genossen genau den Befehl, den der König Darius gesandt hatte.",
        "14": "Und die Ältesten der Juden bauten weiter, und es gelang ihnen durch die Weissagung der Propheten Haggai und Sacharja, des Sohnes Iddos. So bauten sie und vollendeten es nach dem Befehl des Gottes Israels und nach dem Befehl des Kyrus und des Darius und des Artasasta, der Könige von Persien.",
        "15": "Sie vollendeten aber dieses Haus am dritten Tag des Monats Adar, das war im sechsten Jahr der Regierung des Königs Darius.",
        "16": "Und die Kinder Israels, die Priester, die Leviten und der Überrest der Kinder der Gefangenschaft feierten die Einweihung dieses Hauses Gottes mit Freuden.",
        "17": "Und sie brachten zur Einweihung dieses Hauses Gottes 100 Stiere dar, 200 Widder, 400 Lämmer und als Sündopfer für ganz Israel 12 Ziegenböcke, nach der Zahl der Stämme Israels.",
        "18": "Und sie bestimmten die Priester nach ihren Abteilungen und die Leviten nach ihren Ordnungen für den Dienst Gottes in Jerusalem, wie es im Buch Moses geschrieben steht.",
        "19": "Und die Kinder der Gefangenschaft hielten das Passah am vierzehnten Tag des ersten Monats.",
        "20": "Denn die Priester und die Leviten hatten sich gereinigt wie ein Mann, sodass sie alle rein waren; und sie schächteten das Passah für alle Kinder der Gefangenschaft und für ihre Brüder, die Priester, und für sich selbst.",
        "21": "Und die Kinder Israels, die aus der Gefangenschaft zurückgekehrt waren, aßen es, und alle, die sich von der Unreinheit der Heiden im Land abgesondert und sich ihnen angeschlossen hatten, um den Herrn, den Gott Israels, zu suchen.",
        "22": "Und sie hielten das Fest der ungesäuerten Brote sieben Tage lang mit Freuden; denn der Herr hatte sie fröhlich gemacht und das Herz des Königs von Assyrien ihnen zugewandt, sodass ihre Hände gestärkt wurden in dem Werk am Haus Gottes, des Gottes Israels."
    },
    "7": {
        "1": "Nach diesen Ereignissen geschah es unter der Regierung Artasastas, des Königs von Persien, dass Esra, der Sohn Serajas, des Sohnes Asarjas, des Sohnes Hilkias,",
        "2": "des Sohnes Schallums, des Sohnes Zadoks, des Sohnes Achitubs,",
        "3": "des Sohnes Amarjas, des Sohnes Asarjas, des Sohnes Merajots,",
        "4": "des Sohnes Serachjas, des Sohnes Ussis, des Sohnes Bukkis,",
        "5": "des Sohnes Abischuas, des Sohnes des Pinehas, des Sohnes Eleasars, des Sohnes Aarons, des obersten Priesters —,",
        "6": "dass dieser Esra von Babel heraufzog [nach Jerusalem]. Und er war ein Schriftgelehrter, wohlbewandert im Gesetz Moses, das der Herr, der Gott Israels, gegeben hatte. Und der König gab ihm alles, was er erbat, weil die Hand des Herrn, seines Gottes, über ihm war.",
        "7": "Und etliche von den Kindern Israels und von den Priestern und Leviten, von den Sängern und Torhütern und Tempeldienern zogen mit ihm nach Jerusalem hinauf, im siebten Jahr des Königs Artasasta.",
        "8": "Und er kam im fünften Monat nach Jerusalem, im siebten Jahr des Königs.",
        "9": "Denn am ersten Tag des ersten Monats begann der Hinaufzug von Babel, und am ersten Tag des fünften Monats kam er in Jerusalem an, weil die gute Hand seines Gottes über ihm war.",
        "10": "Denn Esra hatte sein Herz darauf gerichtet, das Gesetz des Herrn zu erforschen und zu tun, und in Israel Gesetz und Recht zu lehren.",
        "11": "Und dies ist die Abschrift des Briefes, den der König Artasasta dem Priester Esra gab, dem Schriftgelehrten, der gelehrt war in den Worten der Gebote des Herrn und seiner Satzungen für Israel:",
        "12": "»Artasasta, der König der Könige, an Esra, den Priester, den vollkommenen Schriftgelehrten im Gesetz des Gottes des Himmels, ausgefertigt und so weiter.",
        "13": "Es ist von mir befohlen worden, dass jeder mit dir ziehen soll, der in meinem Reich vom Volk Israel und seinen Priestern und Leviten willens ist, nach Jerusalem zu gehen.",
        "14": "Weil du von dem König und seinen sieben Räten gesandt bist, um eine Untersuchung über Juda und Jerusalem durchzuführen nach dem weisen Gesetz deines Gottes, das in deiner Hand ist,",
        "15": "und um das Silber und das Gold hinzubringen, das der König und seine Räte dem Gott Israels, dessen Wohnung in Jerusalem ist, freiwillig gegeben haben,",
        "16": "dazu alles Silber und Gold, das du in der ganzen Provinz von Babel bekommen wirst, samt der Gabe, die das Volk und die Priester freiwillig geben für das Haus ihres Gottes in Jerusalem,",
        "17": "deshalb kaufe gewissenhaft für dieses Geld Stiere, Widder, Lämmer samt den dazugehörigen Speisopfern und Trankopfern, und opfere sie auf dem Altar bei dem Haus eures Gottes in Jerusalem.",
        "18": "Und was dir und deinen Brüdern mit dem übrigen Silber und Gold zu tun gut erscheint, das tut nach dem Willen eures Gottes!",
        "19": "Und die Geräte, die dir übergeben werden für den Dienst im Haus deines Gottes, die sollst du vollständig abliefern vor Gott in Jerusalem.",
        "20": "Und was sonst noch für das Haus deines Gottes notwendig sein wird, was du ausgeben musst, sollst du aus der Schatzkammer des Königs ausgeben.",
        "21": "Und ich, der König Artasasta, habe allen Schatzmeistern jenseits des Stromes befohlen, dass alles, was Esra, der Priester und Schriftgelehrte im Gesetz des Gottes des Himmels, von euch fordern wird, pünktlich gegeben werden soll,",
        "22": "bis zu 100 Talenten Silber und bis zu 100 Kor Weizen und bis zu 100 Bat Wein und bis zu 100 Bat Öl und unbegrenzt Salz.",
        "23": "Alles, was nach dem Befehl des Gottes des Himmels ist, das soll für das Haus des Gottes des Himmels mit großer Sorgfalt ausgeführt werden, damit nicht ein Zorn über das Reich des Königs und seiner Söhne kommt.",
        "24": "Ferner sollt ihr wissen, dass ihr nicht berechtigt seid, Steuern, Zoll und Weggeld irgendeinem Priester, Leviten, Sänger, Torhüter, Tempeldiener und Diener im Haus dieses Gottes aufzuerlegen.",
        "25": "Du aber, Esra, setze nach dem weisen Gesetz deines Gottes, das in deiner Hand ist, Richter und Rechtspfleger ein, die alles Volk richten sollen, das jenseits des Stromes ist, alle, welche die Gesetze deines Gottes kennen; und wer sie nicht kennt, den sollt ihr sie lehren.",
        "26": "Und jeder, der das Gesetz deines Gottes und das Gesetz des Königs nicht tun wird, über den soll gewissenhaft Gericht gehalten werden, es sei zum Tode oder zur Verbannung, zur Geldbuße oder zum Gefängnis!«",
        "27": "Gelobt sei der Herr, der Gott unserer Väter, der dies dem König ins Herz gegeben hat, um das Haus des Herrn in Jerusalem zu verherrlichen,",
        "28": "und der mir Gnade zugewandt hat vor dem König und seinen Räten und vor allen mächtigen Fürsten des Königs! Und so fasste ich Mut, weil die Hand des Herrn, meines Gottes, über mir war, und versammelte die Häupter von Israel, damit sie mit mir hinaufzögen."
    },
    "8": {
        "1": "Folgendes sind die Familienhäupter, die mit mir von Babel heraufzogen zu der Zeit, als der König Artasasta regierte, und ihre Geschlechtsregister:",
        "2": "Von den Söhnen des Pinehas: Gersom. Von den Söhnen Itamars: Daniel. Von den Söhnen Davids: Hattus.",
        "3": "Von den Söhnen Schechanjas, von den Söhnen des Parhosch: Sacharja und mit ihm die 150 Eingeschriebenen männlichen Geschlechts.",
        "4": "Von den Söhnen Pachat-Moabs: Eljoenai, der Sohn Serachjas, und mit ihm 200 männlichen Geschlechts.",
        "5": "Von den Söhnen Schechanjas: der Sohn Jehasiels, und mit ihm 300 männlichen Geschlechts.",
        "6": "Von den Söhnen Adins: Ebed, der Sohn Jonathans, und mit ihm 50 männlichen Geschlechts.",
        "7": "Von den Söhnen Elams: Jesaja, der Sohn Ataljas, und mit ihm 70 männlichen Geschlechts.",
        "8": "Von den Söhnen Schephatjas: Sebadja, der Sohn Michaels, und mit ihm 80 männlichen Geschlechts.",
        "9": "Von den Söhnen Joabs: Obadja, der Sohn Jehiels, und mit ihm 218 männlichen Geschlechts.",
        "10": "Von den Söhnen Schelomits: der Sohn Josiphjas, und mit ihm 160 männlichen Geschlechts.",
        "11": "Von den Söhnen Bebais: Sacharja, der Sohn Bebais, und mit ihm 28 männlichen Geschlechts.",
        "12": "Von den Söhnen Asgads: Johanan, der Sohn Hakkatans, und mit ihm 110 männlichen Geschlechts.",
        "13": "Von den Söhnen Adonikams: die letzten, und dies sind ihre Namen: Eliphelet, Jehiel und Schemaja, und mit ihnen 60 männlichen Geschlechts.",
        "14": "Von den Söhnen Bigwais: Utai und Sabbud und mit ihnen 70 männlichen Geschlechts.",
        "15": "Und ich versammelte sie an dem Fluss, der nach Ahawa fließt; und wir lagerten dort drei Tage lang. Und ich schaute mich um unter dem Volk und den Priestern, aber ich fand keinen von den Söhnen Levis dort.",
        "16": "Da ließ ich die Obersten Elieser, Ariel, Schemaja, Elnathan, Jarib, Elnathan, Nathan, Sacharja und Meschullam rufen und die verständigen Männer Jojarib und Elnathan.",
        "17": "Denen gab ich Befehl an Iddo, den Obersten in dem Ort Kasiphja, und legte die Worte in ihren Mund, die sie zu Iddo und seinem Bruder, den Tempeldienern in der Ortschaft Kasiphja, reden sollten, damit sie uns Diener für das Haus unseres Gottes herbrächten.",
        "18": "Die brachten uns, dank der guten Hand unseres Gottes über uns, einen verständigen Mann von den Söhnen Machlis, des Sohnes Levis, des Sohnes Israels, nämlich Serebja, samt seinen Söhnen und seinen Brüdern, 18 [Mann];",
        "19": "und Hasabja und mit ihm Jesaja, von den Söhnen Meraris, samt seinen Brüdern und ihren Söhnen, 20 [Mann];",
        "20": "und von den Tempeldienern, welche David und die Fürsten zum Dienst der Leviten bestimmt hatten, 220 Tempeldiener; alle waren mit Namen angegeben.",
        "21": "Und ich ließ dort an dem Fluss Ahawa ein Fasten ausrufen, dass wir uns demütigten vor unserem Gott, um von ihm einen geebneten Weg für uns und unsere Kinder und alle unsere Habe zu erflehen.",
        "22": "Denn ich schämte mich, vom König ein Heer und Reiter anzufordern, die uns gegen den Feind auf dem Weg helfen könnten; denn wir hatten mit dem König geredet und gesagt: »Die Hand unseres Gottes ist über allen, die ihn suchen, zu ihrem Guten; seine Stärke aber und sein Zorn sind gegen alle, die ihn verlassen!«",
        "23": "So fasteten wir und erflehten dies von unserem Gott; und er erhörte uns.",
        "24": "Und ich sonderte von den obersten Priestern zwölf aus, nämlich Serebja und Hasabja und mit ihnen zehn von ihren Brüdern,",
        "25": "und ich übergab ihnen das abgewogene Silber, das Gold und die Geräte, das Hebopfer für das Haus unseres Gottes, das der König und seine Räte und Fürsten und ganz Israel, das sich dort befand, als Hebopfer gegeben hatten.",
        "26": "Ich übergab ihnen aber abgewogen in ihre Hand: 650 Talente Silber, und an silbernen Geräten 100 Talente, und 100 Talente Gold.",
        "27": "Auch 20 goldene Becher, die waren 1 000 Dareiken wert, und zwei Geräte aus goldglänzendem, gutem Erz, kostbar wie Gold.",
        "28": "Und ich sprach zu ihnen: Ihr seid dem Herrn heilig; und die Geräte sind auch heilig, und das Silber und Gold ist dem Herrn, dem Gott eurer Väter, freiwillig gegeben.",
        "29": "So seid wachsam und bewahrt es, bis ihr es abwägen werdet vor den Obersten der Priester und Leviten und den Obersten der Väter von Israel in Jerusalem, in den Kammern des Hauses des Herrn!",
        "30": "Da nahmen die Priester und Leviten das abgewogene Silber und Gold und die Geräte entgegen, um sie nach Jerusalem zum Haus unseres Gottes zu bringen.",
        "31": "So brachen wir vom Fluss Ahawa auf am zwölften Tag des ersten Monats, um nach Jerusalem zu ziehen; und die Hand unseres Gottes war über uns, und er errettete uns vor der Hand des Feindes und des Wegelagerers.",
        "32": "Und wir kamen nach Jerusalem und ruhten dort drei Tage lang aus.",
        "33": "Aber am vierten Tag wurden das Silber und das Gold und die Geräte im Haus unseres Gottes abgewogen in die Hand Meremots, des Sohnes Urijas, des Priesters, übergeben — mit ihm war auch Eleasar, der Sohn des Pinehas, und mit ihnen Josabad, der Sohn Jeschuas, und Noadja, der Sohn Binnuis, die Leviten —,",
        "34": "alles nach Anzahl und Gewicht; und das ganze Gewicht wurde damals aufgeschrieben.",
        "35": "Und die Kinder der Wegführung, die aus der Gefangenschaft gekommen waren, brachten dem Gott Israels Brandopfer dar, 12 Jungstiere für ganz Israel, 96 Widder, 77 Lämmer, sowie 12 Böcke zum Sündopfer; alles als Brandopfer für den Herrn.",
        "36": "Und sie übergaben die Befehle des Königs den Satrapen des Königs und den Statthaltern jenseits des Stromes. Da unterstützten diese das Volk und das Haus Gottes."
    },
    "9": {
        "1": "Als nun dies alles ausgerichtet war, traten die Obersten zu mir und sprachen: Das Volk Israel und die Priester und Leviten haben sich nicht abgesondert gehalten von den Völkern der Länder bezüglich ihrer Gräuel, nämlich von den Kanaanitern, Hetitern, Pheresitern, Jebusitern, Ammonitern, Moabitern, Ägyptern und Amoritern.",
        "2": "Denn sie haben von deren Töchtern [Frauen] für sich und ihre Söhne genommen, und so hat sich der heilige Same mit den Völkern der Länder vermischt; und die Hand der Obersten und Vorsteher ist in dieser Missetat die erste gewesen!",
        "3": "Als ich nun dies hörte, zerriss ich mein Hemd und mein Obergewand und raufte mir das Haupthaar und den Bart und saß bestürzt da.",
        "4": "Und alle, die die Worte des Gottes Israels fürchteten wegen der Übertretung derer, die aus der Wegführung gekommen waren, versammelten sich zu mir. Und ich saß bestürzt da bis zum Abendopfer.",
        "5": "Und um das Abendopfer stand ich auf von meiner Demütigung, bei der ich mein Hemd und mein Obergewand zerrissen hatte, und ich fiel auf meine Knie und breitete meine Hände aus zu dem Herrn, meinem Gott.",
        "6": "Und ich sprach: Mein Gott, ich schäme und scheue mich, mein Angesicht aufzuheben zu dir, mein Gott; denn unsere Missetaten sind über unser Haupt gewachsen, und unsere Schuld ist so groß, dass sie bis an den Himmel reicht!",
        "7": "Seit den Tagen unserer Väter bis zu diesem Tag sind wir in großer Schuld, und um unserer Missetaten willen sind wir, unsere Könige und unsere Priester, in die Hand der Könige der [heidnischen] Länder übergeben worden, dem Schwert, der Gefangenschaft, dem Raub und der sichtbaren Schmach, wie es heute der Fall ist.",
        "8": "Nun aber ist uns für einen kleinen Augenblick Gnade von dem Herrn, unserem Gott, zuteilgeworden, indem er uns einen Überrest von Entkommenen übrig ließ und uns an seiner heiligen Stätte einen [Zelt-]Pflock gab, womit unser Gott unsere Augen erleuchtete und uns ein wenig aufleben ließ in unserer Knechtschaft.",
        "9": "Denn Knechte sind wir; doch hat uns unser Gott in unserer Knechtschaft nicht verlassen, sondern hat uns die Gunst der Könige von Persien zugewandt, dass sie uns ein Aufleben schenkten, um das Haus unseres Gottes aufzubauen und seine Trümmer wiederherzustellen, und dass sie uns eine [Schutz-]Mauer gaben in Juda und Jerusalem.",
        "10": "Und nun, unser Gott, was sollen wir sagen nach alledem? Denn wir haben deine Gebote verlassen,",
        "11": "die du uns durch deine Knechte, die Propheten, befohlen hast, indem du sprachst: »Das Land, in das ihr kommt, um es einzunehmen, ist ein unreines Land, wegen der Unreinheit der Völker des Landes, wegen ihrer Gräuel und ihrer Verunreinigung, womit sie es von einem Ende bis zum anderen erfüllt haben.",
        "12": "So sollt ihr nun eure Töchter nicht ihren Söhnen zur Frau geben und ihre Töchter nicht für eure Söhne zur Frau nehmen, und ihr sollt ewiglich nicht ihren Frieden und ihr Wohlergehen suchen, damit ihr erstarkt und das Gut des Landes esst und es auf eure Kinder vererbt, auf ewige Zeiten!«",
        "13": "Und nach alledem, was über uns gekommen ist wegen unserer bösen Taten und unserer großen Schuld — und doch hast du, weil du unser Gott bist, uns mehr verschont, als es unsere Missetaten verdienten, und hast uns so viele Entkommene geschenkt! —",
        "14": "sollten wir da wiederum deine Gebote brechen und uns mit diesen Gräuelvölkern verschwägern? Würdest du nicht über uns zürnen, bis zu [unserer] Vertilgung, sodass [uns] kein Überrest und keine Entkommenen mehr blieben?",
        "15": "O Herr, du Gott Israels, du bist gerecht; denn wir sind übrig geblieben und entkommen, wie es heute der Fall ist. Siehe, wir sind vor deinem Angesicht in unseren Schulden, denn darum können wir nicht vor dir bestehen!"
    },
    "10": {
        "1": "Während nun Esra so betete und sein Bekenntnis ablegte, weinend und hingestreckt vor dem Haus Gottes, versammelte sich zu ihm aus Israel eine sehr große Versammlung von Männern, Frauen und Kindern; denn das Volk weinte sehr.",
        "2": "Und Schechanja, der Sohn Jechiels, von den Söhnen Elams, ergriff das Wort und sprach zu Esra: Wir haben unserem Gott die Treue gebrochen, dass wir fremde Frauen aus den Völkern des Landes heimgeführt haben. Nun aber ist noch Hoffnung für Israel in dieser Sache!",
        "3": "Lasst uns nun einen Bund schließen mit unserem Gott, dass wir alle Frauen und die von ihnen geboren sind, hinaustun nach dem Ratschluss des Herrn und derer, die das Gebot unseres Gottes fürchten; und es soll nach dem Gesetz gehandelt werden.",
        "4": "Steh auf, denn du musst handeln in dieser Sache! Wir wollen dir beistehen; führe es mutig aus!",
        "5": "Da stand Esra auf, und er nahm einen Eid von den Obersten der Priester, der Leviten und ganz Israels, dass sie nach diesem Wort handeln wollten. Und sie schworen.",
        "6": "Und Esra stand auf von [dem Platz] vor dem Haus Gottes und ging in die Kammer Johanans, des Sohnes Eljaschibs. Er ging dort hinein und aß kein Brot und trank kein Wasser; denn er trug Leid wegen des Treuebruchs derer, die weggeführt gewesen waren.",
        "7": "Und man ließ in Juda und Jerusalem an alle Kinder der Wegführung einen Ruf ergehen, dass sie sich nach Jerusalem versammeln sollten.",
        "8": "Wer aber binnen drei Tagen gemäß dem Rat der Obersten und Ältesten nicht kommen würde, dessen ganze Habe sollte mit dem Bann belegt und er selbst aus der Gemeinde der Weggeführten ausgeschlossen werden.",
        "9": "Da versammelten sich alle Männer von Juda und Benjamin in Jerusalem auf den dritten Tag, das war der zwanzigste Tag des neunten Monats. Und das ganze Volk saß auf dem Platz vor dem Haus Gottes, zitternd um der Sache willen und wegen des strömenden Regens.",
        "10": "Und Esra, der Priester, stand auf und sprach zu ihnen: Ihr habt eine Treulosigkeit begangen und habt fremde Frauen heimgeführt, womit ihr die Schuld Israels noch größer gemacht habt!",
        "11": "So legt nun dem Herrn, dem Gott eurer Väter, ein Bekenntnis ab und tut, was ihm wohlgefällig ist, und sondert euch ab von den Völkern des Landes und von den fremden Frauen!",
        "12": "Da antwortete die ganze Gemeinde und sprach mit lauter Stimme: Es soll geschehen, wie du uns gesagt hast!",
        "13": "Aber das Volk ist zahlreich, und es ist Regenzeit, sodass man nicht hier draußen stehen kann; und es ist auch nicht ein Werk von einem oder zwei Tagen, denn wir haben in dieser Sache viel gesündigt.",
        "14": "Lasst doch unsere Obersten für die ganze Gemeinde einstehen; und alle aus unseren Städten, die fremde Frauen heimgeführt haben, sollen zu bestimmten Zeiten kommen, und mit ihnen die Ältesten jeder Stadt und deren Richter, bis der glühende Zorn unseres Gottes, [der auf uns ist,] solange diese Sache währt, von uns abgewandt wird!",
        "15": "Nur Jonathan, der Sohn Asahels, und Jahseja, der Sohn Tikwas, standen dagegen auf, und Meschullam und Sabbetai, der Levit, unterstützten sie.",
        "16": "Und die Kinder der Wegführung machten es so; und der Priester Esra sonderte sich Männer aus, die Familienhäupter ihrer Stammhäuser, und diese alle mit Namen bezeichnet; die setzten sich am ersten Tag des zehnten Monats [zusammen] zur Untersuchung der Angelegenheit.",
        "17": "Und sie erledigten die ganze Angelegenheit der Männer, die fremde Frauen heimgeführt hatten, bis zum ersten Tag des ersten Monats.",
        "18": "Und es wurden unter den Söhnen der Priester, die fremde Frauen heimgeführt hatten, gefunden: von den Söhnen Jeschuas, des Sohnes Jozadaks, und seinen Brüdern: Maaseja, Elieser, Jarib und Gedalja;",
        "19": "die gaben ihre Hand darauf, dass sie ihre Frauen ausstoßen und, weil sie schuldig geworden waren, einen Widder für ihre Schuld opfern würden.",
        "20": "Von den Söhnen Immers: Hanani und Sebadja.",
        "21": "Von den Söhnen Harims: Maaseja, Elia, Schemaja, Jehiel und Usija.",
        "22": "Von den Söhnen Paschhurs: Eljoenai, Maaseja, Ismael, Nethaneel, Josabad und Eleasar.",
        "23": "Von den Leviten: Josabad, Simei, Kelajah (das ist Kelita), Petachja, Juda und Elieser.",
        "24": "Von den Sängern: Eljaschib. Von den Torhütern: Schallum, Telem und Uri.",
        "25": "Und von Israel: von den Söhnen des Parhosch: Ramja, Jissija, Malkija, Mijamin, Eleasar, Malkija und Benaja.",
        "26": "Von den Söhnen Elams: Mattanja, Sacharja, Jechiel, Abdi, Jeremot und Elia.",
        "27": "Von den Söhnen Sattus: Eljoenai, Eljaschib, Mattanja, Jeremot, Sabad und Asisa.",
        "28": "Von den Söhnen Bebais: Johanan, Hananja, Sabbai, Atlai.",
        "29": "Von den Söhnen Banis: Meschullam, Malluch, Adaja, Jaschub, Scheal und Jeramot.",
        "30": "Von den Söhnen Pachat-Moabs: Adna, Kelal, Benaja, Maaseja, Mattanja, Bezaleel, Binnui und Manasse.",
        "31": "Von den Söhnen Harims: Elieser, Jischija, Malkija, Schemaja, Simeon,",
        "32": "Benjamin, Malluch, Schemarja.",
        "33": "Von den Söhnen Haschums: Mattenai, Mattatta, Sabad, Eliphelet, Jeremai, Manasse, Simei.",
        "34": "Von den Söhnen Banis: Mahadai, Amram und Uel,",
        "35": "Benaja, Bedja, Keluhu,",
        "36": "Wanja, Meremot, Eljaschib.",
        "37": "Mattanja, Mattenai, Jaasai,",
        "38": "Bani, Binnui, Simei,",
        "39": "Schelemja, Nathan, Adaja,",
        "40": "Machnadbai, Sasai, Sarai,",
        "41": "Asareel, Schelemja, Schemarja,",
        "42": "Schallum, Amarja, Joseph.",
        "43": "Von den Söhnen Nebos: Jechiel, Mattitja, Sabad, Sebina, Jaddai, Joel, Benaja.",
        "44": "Diese alle hatten fremde Frauen genommen; und unter diesen Frauen waren etliche, die Kinder geboren hatten."
    }
}