{
    "1": {
        "1-3": "Asuero, el rey de Persia, gobernaba sobre ciento veintisiete provincias que se extendían desde la India hasta Etiopía. La capital de su reino se llamaba Susa. En el tercer año de su reinado, Asuero organizó una gran fiesta para todos los funcionarios y personajes importantes del país. También invitó a los jefes de los ejércitos de Persia y Media, y a las autoridades y gobernadores de las provincias.",
        "4": "Durante seis meses el rey les estuvo mostrando las riquezas que poseía y les hizo ver lo grande y poderoso que era su reino.",
        "5": "Después ordenó que se preparara otra fiesta para todos los que vivían en Susa, desde el más importante hasta el menos importante. La fiesta se realizó en los jardines del palacio y duró siete días.",
        "6": "Entre las columnas de mármol se colgaron cortinas de hilo blanco y azul, sujetadas con cordones de color púrpura y argollas de plata. Pusieron muebles de oro y plata, y un piso de mármol blanco y negro, con incrustaciones de piedras preciosas.",
        "7": "Se sirvió una gran cantidad de vino, pues el rey era muy generoso. Las copas en las que se sirvió el vino eran de oro y cada una tenía un diseño original.",
        "8": "Sin embargo, el rey ordenó a los sirvientes que no obligaran a nadie a beber, sino que cada persona bebiera lo que quisiera.",
        "9": "También la reina Vasti ofreció en el palacio del rey Asuero una fiesta para las mujeres de los invitados.",
        "10": "Al séptimo día de la fiesta, el rey estaba muy alegre, pues había bebido mucho vino. Entonces llamó a siete hombres de su confianza: Maumán, Biztá, Jarboná, Bigtá, Abagtá, Zetar y Carcás,",
        "11-12": "ordenándoles que fueran a buscar a la reina Vasti. Les dijo que ella debía venir luciendo la corona de reina, para que la gente y los príncipes pudieran ver su belleza, pues era muy hermosa. Pero ella no quiso obedecer la orden del rey. Al saber esto, el rey se puso furioso",
        "13": "y preguntó a los especialistas de la ley qué debía hacer. Era su costumbre pedir consejo a los que conocían bien la ley;",
        "14": "así que llamó a Carsená, Setar, Admata, Tarsis, Meres, Marsená y Memucán, personajes de alto rango en Persia y Media, que pertenecían al consejo del rey y ocupaban puestos importantes en el gobierno del país.",
        "15": "El rey les preguntó: —La reina Vasti ha desobedecido mis órdenes. De acuerdo con la ley, ¿qué debemos hacer con ella?",
        "16": "Entonces Memucán respondió al rey y a los demás consejeros: —La reina Vasti no solo ha ofendido al rey, sino también a las demás autoridades y a toda la población.",
        "17-18": "Cuando las mujeres de Persia y de Media se enteren de lo que ha hecho la reina, tampoco respetarán a sus maridos. Hoy mismo les dirán a sus maridos lo que hizo la reina, y vamos a tener muchos problemas.",
        "19": "Si le parece bien a su majestad, ordene que Vasti ya no siga siendo la reina y que esa orden se convierta en ley para los de Persia y Media, de manera que nadie pueda cambiar su decisión. Además, el rey deberá elegir otra reina que sea mejor que ella.",
        "20": "Cuando se conozca la orden de su majestad en todo este gran reino, todas las mujeres respetarán a sus maridos, sean ricos o pobres.",
        "21": "Al rey y a todos los consejeros les agradó este consejo. Entonces el rey",
        "22": "envió cartas a todas las provincias del país. Las cartas fueron escritas en el idioma de cada provincia y dejaban claro que el marido era el jefe de la familia y que en la casa se debía hablar el idioma del marido."
    },
    "2": {
        "1": "Más tarde, cuando al rey Asuero se le pasó el enfado, se acordó de Vasti, de lo que ella había hecho y de lo que se había ordenado contra ella.",
        "2-4": "Entonces los consejeros dijeron al rey: —Conviene que el rey nombre asistentes en todas las provincias del país, para que busquen jóvenes hermosas y solteras. Esas jóvenes deberán ser llevadas a las dependencias de las mujeres, en el palacio que el rey tiene en Susa. Allí estarán bajo el cuidado de Hegeo, el hombre a quien el rey ha confiado el cuidado de las mujeres, para que les proporcione un tratamiento de belleza. Entonces el rey elegirá a la joven que más le guste y la nombrará reina en lugar de Vasti. La propuesta agradó al rey, y así se hizo.",
        "5": "En Susa vivía un judío de la tribu de Benjamín, llamado Mardoqueo, hijo de Jaír, nieto de Simí y bisnieto de Quis.",
        "6": "Era uno de los prisioneros que Nabucodonosor, rey de Babilonia, se había llevado de Jerusalén junto con el rey Joaquín de Judá.",
        "7": "Mardoqueo había criado a una prima suya llamada Ester, porque era huérfana. Cuando murieron sus padres, Mardoqueo la adoptó como hija propia. Ester era muy hermosa y elegante.",
        "8": "Cuando se conoció la orden dada por el rey, muchas jóvenes fueron llevadas al palacio y quedaron al cuidado de Hegeo. Entre ellas estaba Ester.",
        "9": "Hegeo se fijó en ella y le agradó tanto que, enseguida, ordenó que se le proporcionaran cremas de belleza y comida especial. También puso a su disposición a siete de las mejores muchachas del palacio a las que junto con Ester llevó a las mejores habitaciones de las dependencias de las mujeres.",
        "10": "Ester no dijo a qué pueblo ni a qué raza pertenecía, porque Mardoqueo le había pedido que no se lo dijera a nadie.",
        "11": "Todos los días Mardoqueo paseaba por el patio de las dependencias de las mujeres para ver si Ester estaba bien y cómo la trataban.",
        "12": "Las jóvenes debían presentarse por turno ante el rey, pero antes de hacerlo se debían someter a un tratamiento de belleza durante doce meses, pues esa era la costumbre. Los primeros seis meses debían ungir sus cuerpos con aceite de mirra y los otros seis meses debían ponerse perfumes y cremas.",
        "13": "A cada joven que se presentaba ante el rey en el palacio, se le permitía vestir la ropa y las joyas que ella escogiera en las dependencias de las mujeres.",
        "14": "Cada joven se dirigía al palacio al atardecer, y a la mañana siguiente se retiraba a otra sección de las dependencias de las mujeres. Esta sección estaba a cargo de Saasgaz, otro hombre de confianza del rey. La joven en cuestión solo podía volver a presentarse ante el rey si este lo deseaba y la mandaba llamar por su nombre.",
        "15-16": "Mardoqueo, que era sobrino de Abijail, el padre de Ester, la había adoptado como hija. Ester se había ganado el aprecio de todos en el palacio. Así que, cuando le llegó el turno de presentarse ante el rey, se puso únicamente los adornos que Hegeo le aconsejó. Era el mes de Tébet, del séptimo año del reinado de Asuero.",
        "17": "Al rey Asuero le gustó Ester más que todas las otras jóvenes. Así que la trató mejor que a todas sus mujeres, le colocó la corona sobre su cabeza y la nombró reina en lugar de Vasti.",
        "18": "Después el rey dio una gran fiesta en honor de Ester. A esa fiesta invitó a todos los funcionarios y colaboradores de su reino. También rebajó los impuestos y repartió excelentes regalos, todos ellos, dignos de un rey.",
        "19": "Mientras llevaban a las jóvenes a una sección de las dependencias de las mujeres, Mardoqueo solía sentarse a la puerta del palacio real.",
        "20": "Ester seguía obedeciendo, como lo venía haciendo desde niña. Por tanto nadie sabía a qué familia o a qué raza pertenecía, pues Mardoqueo le ordenó que no lo dijera. Un día",
        "21": "Mardoqueo estaba sentado a la entrada del palacio real y escuchó hablar a dos oficiales del rey que vigilaban la entrada del palacio. Eran Bigtán y Teres, que estaban muy irritados con el rey y hacían planes para matarlo.",
        "22": "Al oír esto, Mardoqueo fue a decírselo a la reina Ester, y ella se lo dijo al rey.",
        "23": "El rey mandó investigar el asunto y, cuando se comprobó que era cierto, ordenó que aquellos dos hombres fueran ahorcados. Todo esto fue anotado, en presencia del rey, en el libro de la historia del país."
    },
    "3": {
        "1": "Tiempo después, el rey Asuero nombró jefe de gobierno a Amán, hijo de Hamedata, que era descendiente de Agag.",
        "2": "Además, el rey ordenó que todos sus sirvientes se arrodillaran e inclinaran su cabeza ante Amán, en señal de respeto. Pero como Mardoqueo ni se arrodillaba ni inclinaba su cabeza,",
        "3": "los sirvientes del palacio le preguntaron por qué no obedecía la orden del rey.",
        "4": "Varias veces le hicieron la misma pregunta, pero él no les hacía caso. Después de unos días, los sirvientes se lo contaron a Amán. Querían ver si Mardoqueo se atrevería a decirle lo que ya les había dicho a ellos; es decir, que no obedecía esa orden porque era judío.",
        "5": "Cuando Amán se enteró de que Mardoqueo no se arrodillaba ni inclinaba su cabeza ante él, se enfureció.",
        "6": "Y al saber que Mardoqueo era judío, decidió castigarlo a él y destruir a todos los judíos que vivían en el reino de Asuero.",
        "7": "Corría el año doce del reinado de Asuero. En el mes de Abib de ese año, Amán echó suertes para saber en qué fecha debía llevar a cabo su plan de exterminar a los judíos, y le salió el mes de Adar.",
        "8": "Entonces Amán dijo al rey Asuero: —Majestad, en tu reino vive gente de otra raza. Se los encuentra uno por todos lados. Tienen leyes diferentes y no obedecen tus órdenes. No es conveniente dejarlos vivir en el reino.",
        "9": "Si al rey le parece bien y ordena que sean destruidos, yo entregaré a los funcionarios de hacienda trescientos treinta mil kilos de plata que irán al tesoro del reino.",
        "10": "El rey se quitó el anillo con el sello real, se lo dio a Amán, el enemigo de los judíos,",
        "11": "y le dijo: —Puedes quedarte con tu dinero. Haz con esa gente lo que te parezca.",
        "12-13": "El día trece del mes de Abib el rey llamó a sus secretarios para que escribieran las órdenes de Amán y las enviaran a sus asistentes, a los gobernadores de todas las provincias, y a todos los jefes del país. Estos documentos fueron enviados a cada provincia del reino; iban escritos en el idioma propio de cada pueblo, y debidamente firmados y sellados por el rey Asuero. En ellos se ordenaba que el día trece del mes de Adar fuera exterminado por completo el pueblo judío. Ese día se daría muerte a todos los judíos, tanto jóvenes como ancianos, mujeres y niños, y además se les quitarían sus pertenencias.",
        "14": "En cada provincia se hizo público el texto del documento real, para que toda la gente se pudiera preparar para ese día.",
        "15": "Ese documento también fue publicado en Susa. Los mensajeros salieron rápidamente con el documento real, y la noticia dejó conmocionados a todos en la ciudad. Y, mientras, el rey se sentó a beber con Amán."
    },
    "4": {
        "1": "Cuando Mardoqueo se enteró de lo que había pasado, rasgó su ropa en señal de tristeza y se puso ropa áspera. Luego se echó ceniza en la cabeza y recorrió la ciudad gritando y llorando amargamente.",
        "2": "Llegó hasta la entrada del palacio del rey, pero no entró porque estaba prohibido entrar en el palacio vestido de esa manera.",
        "3": "Cuando se conocieron las órdenes del rey en las distintas provincias, los judíos se angustiaron mucho. No comían nada, lloraban amargamente y la mayoría de ellos se acostó sobre ceniza y se puso ropa áspera.",
        "4": "Cuando las sirvientas y los guardias personales de la reina Ester le contaron lo que pasaba, también ella se angustió profundamente. Entonces le envió ropa a Mardoqueo para que se quitara la ropa áspera, pero él no quiso.",
        "5": "Luego Ester llamó a Atac, uno de los guardias que el rey había puesto a su servicio, y le ordenó que fuera a preguntarle a Mardoqueo qué le pasaba y por qué se comportaba así.",
        "6": "Atac fue hasta la plaza de la ciudad, que estaba frente a la entrada del palacio, y allí le preguntó a Mardoqueo",
        "7": "qué le pasaba. Mardoqueo le contó que Amán había prometido entregar mucho dinero a la tesorería del rey, a cambio del exterminio de los judíos.",
        "8": "Además, le entregó una copia del documento publicado en Susa, donde se ordenaba el exterminio de los judíos, y le pidió que se lo mostrara a Ester y le explicara todo. Mardoqueo también le pidió que le dijera a Ester que fuera a ver al rey y le suplicara que no exterminara a su pueblo.",
        "9": "Atac informó a Ester de todo lo que Mardoqueo le había dicho.",
        "10": "Ella, entonces, le dio este mensaje para Mardoqueo:",
        "11": "—Hace ya treinta días que el rey no me llama. Todos los sirvientes del rey y los habitantes de este país saben que nadie puede presentarse ante el rey sin ser llamado; quien no lo hace así es castigado con la muerte y solo se salvará si el rey alarga hacia él su cetro de oro.",
        "12": "Cuando Mardoqueo recibió el mensaje de Ester,",
        "13": "le mandó esta respuesta: —No pienses que por estar en palacio te vas a librar del exterminio decretado contra los judíos.",
        "14": "Si no te atreves a hablar en momentos como este, la liberación de los judíos vendrá de otra parte, pero tú y toda tu familia moriréis. Yo creo que has llegado a ser reina para ayudar a tu pueblo en este momento.",
        "15": "Entonces Ester le mandó esta respuesta a Mardoqueo:",
        "16": "—Reúne a todos los judíos que se encuentren en Susa, y pídeles que ayunen por mí; que no coman ni beban durante tres días. También mis sirvientas y yo ayunaremos. Después me presentaré ante el rey aunque la ley no lo permita. ¡Y si tengo que morir, moriré!",
        "17": "Mardoqueo fue y cumplió con todo lo que Ester le había ordenado."
    },
    "5": {
        "1": "Tres días después, Ester se puso su vestido real, fue a la entrada de la sala del palacio donde está el trono, y se detuvo frente al rey.",
        "2": "Cuando el rey vio a Ester, se alegró de verla y alargó hacia ella el cetro de oro que tenía en su mano. Entonces Ester se acercó y tocó la punta del cetro.",
        "3": "El rey le preguntó: —¿Qué deseas, Ester? Te daré lo que me pidas. Hasta la mitad de mi reino te daría si me lo pidieras.",
        "4": "Ella respondió: —Majestad, he preparado un banquete en honor del rey. Me gustaría que si el rey lo tiene a bien, tanto él como Amán asistieran al banquete.",
        "5": "El rey dijo a sus sirvientes: —Id inmediatamente a buscar a Amán, porque tenemos que ir al banquete de Ester. Así que el rey y Amán fueron al banquete que había preparado Ester.",
        "6": "Cuando llegó el momento de brindar con vino, el rey le preguntó a Ester: —¿Qué es lo que deseas? Pídeme lo que quieras. Hasta la mitad de mi reino te daría.",
        "7-8": "Ester le respondió: —Si he agradado al rey y le parece bien cumplir mis deseos, me gustaría que tanto el rey como Amán acudan a otro banquete que prepararé mañana. Entonces le diré qué es lo que deseo.",
        "9": "Aquel día, Amán se fue alegre y contento. Pero cuando llegó a la entrada del palacio y vio que Mardoqueo no se ponía de pie, y ni siquiera se movía, se enfureció mucho.",
        "10": "Sin embargo, no lo demostró, sino que se fue a su casa y mandó buscar a sus amigos y a su mujer Zeres.",
        "11": "Amán les habló de las grandes riquezas que poseía, de cuántos hijos tenía, de todos los honores que había recibido del rey, y de cómo le había dado autoridad sobre los asistentes y colaboradores del reino.",
        "12": "Después les dijo: —La reina Ester solo me ha invitado a mí al banquete que ha preparado en honor del rey. Y nos ha invitado a otro banquete que ofrecerá mañana.",
        "13": "Pero todos estos honores se quedan en nada cuando veo a ese judío Mardoqueo sentado a la entrada del palacio.",
        "14": "Entonces su mujer Zeres y todos sus amigos le aconsejaron: —Manda construir una horca de unos veintidós metros de altura. Luego, mañana por la mañana, le pides al rey que haga colgar a Mardoqueo en esa horca. Así podrás disfrutar del banquete, en compañía del rey. Este consejo le agradó a Amán, y mandó a construir la horca."
    },
    "6": {
        "1": "Aquella noche el rey no podía dormir; así que mandó traer el libro donde estaba escrita la historia del país, para que se lo leyeran.",
        "2": "En él se contaba, entre otras cosas, que Mardoqueo había descubierto que los guardias Bigtán y Teres tenían planeado asesinar al rey Asuero.",
        "3": "Entonces el rey preguntó: —¿Qué recompensa recibió Mardoqueo por esto? ¿Qué honor se le dio? Los que estaban acompañando al rey respondieron: —No se ha hecho nada.",
        "4": "En ese momento, Amán acababa de entrar en el patio exterior del palacio; quería ver al rey para pedirle que colgara a Mardoqueo en la horca que tenía preparada. Entonces el rey preguntó: —¿Hay alguien en el patio?",
        "5": "Al contestarle que Amán acababa de entrar en el patio, el rey ordenó: —Hacedlo pasar.",
        "6": "Cuando Amán entró, el rey le preguntó: —¿Qué puedo hacer yo con un hombre para honrarlo? Amán pensó que era él a quien el rey quería honrar; así que",
        "7": "le respondió: —Si el rey quiere honrar a una persona, haga lo siguiente:",
        "8": "Ordene que traigan ropas de los que el rey suele usar, un caballo de los que el rey suele montar y una corona real para su cabeza.",
        "9": "Después encargue al personaje más importante de la corte que vista con las ropas reales a esa persona a quien el rey quiere honrar y lo pasee en su caballo por el centro de la ciudad proclamando: «¡Así trata el rey a quien él desea honrar!».",
        "10": "Entonces el rey le ordenó a Amán: —Pues ve enseguida y haz todo eso con Mardoqueo, el judío, que está sentado a la puerta del palacio real. Toma la ropa y el caballo de que has hablado, y no olvides ningún detalle de todo lo que has dicho.",
        "11": "Amán tomó las ropas reales y vistió con ellas a Mardoqueo; luego lo hizo montar sobre el caballo y lo paseó por toda la ciudad proclamando: «¡Así trata el rey a quien él desea honrar!».",
        "12": "Después, mientras Mardoqueo volvía a sentarse a la entrada del palacio, Amán, muy triste, se apresuró a regresar a su casa. Sentía tanta vergüenza que hasta se cubría la cara.",
        "13": "Al llegar a su casa les contó a su mujer Zeres y a sus amigos lo que le había ocurrido. Su mujer y sus amigos más sabios le decían: —Si ese Mardoqueo, ante el que has comenzado a perder autoridad, es judío, no pienses que lo podrás vencer. Terminarás fracasando.",
        "14": "Mientras estaban hablando, llegaron los funcionarios del rey para acompañar a Amán al banquete que Ester había preparado."
    },
    "7": {
        "1": "El rey Asuero y Amán fueron al banquete que les ofrecía la reina Ester.",
        "2": "Cuando llegó el momento de brindar con vino, el rey volvió a preguntar a Ester: —¿Dime qué deseas, reina Ester? Hasta la mitad de mi reino te daría, si me lo pidieras.",
        "3": "Ester le respondió: —Si de verdad el rey me ama, y si le parece bien, le pido que salve mi vida y la de mi pueblo.",
        "4": "Se ha puesto precio a nuestra vida y se nos quiere exterminar. Si hubiéramos sido vendidos como esclavos y esclavas, yo me callaría, y no molestaría al rey por algo sin importancia.",
        "5": "El rey Asuero le preguntó: —¿Y quién se atrevió a hacer esto? ¿Dónde está?",
        "6": "Ester, señalando a Amán, le respondió: —¡Nuestro enemigo es este malvado! Al oír esto, Amán se quedó paralizado de miedo.",
        "7": "El rey Asuero se levantó de la mesa muy enfurecido, y salió al jardín para calmarse. Cuando Amán se dio cuenta de que el rey estaba decidido a matarlo, se quedó en la sala para rogar a la reina que lo salvara.",
        "8-9": "Cuando el rey regresó del jardín y entró a la sala, vio que Amán estaba recostado sobre el sofá donde se encontraba Ester. Entonces el rey exclamó: —¡Solo eso me faltaba! ¡Que le faltes al respeto a mi mujer ante mis ojos y en mi propia casa! Cuando los guardias oyeron los gritos del rey, entraron y le cubrieron la cara a Amán. Uno de los guardias, llamado Jarboná, dijo: —En la casa de Amán hay una horca de veintidós metros de alto. Él la preparó para Mardoqueo, el judío que le salvó la vida al rey.",
        "10": "Entonces el rey ordenó: —¡Colgadlo en ella! Los guardias colgaron a Amán en la horca que él había preparado para Mardoqueo, y así el rey se tranquilizó."
    },
    "8": {
        "1": "Ese mismo día el rey Asuero le regaló a la reina Ester la casa de Amán, el enemigo de los judíos. Y Mardoqueo se presentó ante el rey, pues Ester ya le había contado a Asuero que ellos eran parientes.",
        "2": "Entonces el rey tomó el anillo que antes le había dado a Amán y se lo entregó a Mardoqueo. Ester, entonces, le dijo a Mardoqueo que se hiciera cargo de todas las propiedades de Amán.",
        "3": "Ester se arrodilló ante el rey y le rogó, una vez más, que hiciera algo para impedir que se llevara a cabo el plan de Amán en contra de los judíos.",
        "4": "El rey alargó hacia ella el cetro de oro,",
        "5": "y entonces ella se puso de pie y le dijo: —Si al rey le parece que lo que pido es justo y correcto, si de verdad me ama y está dispuesto a favorecerme, escriba una orden que anule el documento dictado por Amán, hijo de Hamdatá, de Agag, para exterminar a los judíos.",
        "6": "¡No podría yo soportar la tragedia que amenaza a mi pueblo! ¡No podré resistir que se extermine a mi familia!",
        "7": "Entonces el rey Asuero dijo a Ester y a Mardoqueo: —Yo he regalado a Ester las propiedades de Amán, que ha sido colgado en la horca por querer matar a los judíos.",
        "8": "Pero como nadie puede anular un documento dictado por mí y sellado con mi sello, dictad ahora otro documento en mi nombre y selladlo con el sello real; en él diréis lo que procede hacer con respecto a los judíos.",
        "9": "Ester y Mardoqueo llamaron enseguida a los secretarios, y estos escribieron todo lo que Mardoqueo les ordenó acerca de los judíos. Era el día veintitrés del mes de Siván. La orden fue enviada a todos los gobernadores y principales autoridades de las veintisiete provincias, desde la India hasta Etiopía. A cada provincia se le escribió en su propio idioma, y también a los judíos.",
        "10": "Las cartas fueron escritas en nombre del rey, selladas con su anillo y enviadas por medio de mensajeros que montaban caballos veloces, que habían sido criados en los establos del rey.",
        "11": "Las cartas daban permiso a los judíos para reunirse en todas las ciudades con el fin de defenderse, matar y exterminar totalmente a quienes los atacaran, sin importar de dónde vinieran y sin respetar ni a las mujeres ni a los niños. Además, les daba el derecho de apoderarse de sus pertenencias.",
        "12": "Esta orden debía cumplirse en todas las provincias del reino, el mismo día trece del mes de Adar.",
        "13": "Una copia de la orden debía ser publicada en todas las provincias, y ese día los judíos debían estar listos para vengarse de sus enemigos.",
        "14": "Los mensajeros salieron rápidamente en sus veloces caballos. Una copia de la orden también fue publicada en la ciudad de Susa.",
        "15": "Cuando Mardoqueo salió del palacio, tenía puesto un traje azul y blanco, y lucía una gran corona de oro y un manto de lino y de fina tela roja. Mientras tanto, en la ciudad de Susa todos daban gritos de alegría.",
        "16": "Los judíos estaban tan alegres que hicieron una gran fiesta.",
        "17": "A medida que se iba conociendo la orden del rey y su documento, en cada provincia y ciudad, los judíos lo celebraban con gran alegría. Y tanto era el miedo que tenían a los judíos, que muchos en el país aceptaron su religión."
    },
    "9": {
        "1": "Llegó el día trece del mes de Adar, día en que debía cumplirse la primera orden del rey según la cual los judíos tenían que ser exterminados. ¡Pero ocurrió lo contrario, porque ese día los judíos triunfaron sobre sus enemigos!",
        "2": "En todas las provincias del reino de Asuero, los judíos se reunieron en sus respectivas ciudades, dispuestos a atacar a cualquiera que les quisiera hacer daño. Pero nadie se atrevió a hacerles frente, porque ahora todos les tenían miedo.",
        "3": "Además, por miedo a Mardoqueo, todas las autoridades ayudaron a los judíos,",
        "4": "pues ahora él tenía un puesto muy importante en el reino. Mardoqueo se hizo muy famoso en todas las provincias y cada vez tenía más poder.",
        "5": "Los judíos se armaron de espadas, y acabaron con todos sus enemigos.",
        "6": "También en la ciudad de Susa mataron a quinientos hombres,",
        "7-10": "incluyendo a los diez hijos de Amán que se llamaban: Parsandatá, Dalfón, Aspatá, Poratá, Adalía, Aridatá, Parmastá, Arisay, Ariday y Jezatá. Pero no se adueñaron de sus pertenencias.",
        "11": "Ese mismo día informaron al rey sobre los que habían muerto en Susa.",
        "12": "Entonces el rey le comentó a la reina Ester: —En la ciudad de Susa los judíos han matado a quinientos hombres, incluyendo a los diez hijos de Amán. ¡Sin duda, en el resto del reino habrán hecho algo parecido! ¿Qué más deseas? Pídeme lo que quieras, que yo te lo concederé.",
        "13": "Ester le respondió: —Si al rey le parece bien, desearía también que se permita a los judíos de Susa acabar mañana con sus enemigos. Y también quisiera que los cadáveres de los hijos de Amán sean exhibidos en público.",
        "14": "El rey ordenó que se hiciera así; y el documento con la respectiva orden fue publicado en Susa.",
        "15": "Así que los judíos que vivían en Susa se organizaron convenientemente el día catorce del mes de Adar y mataron a trescientos hombres, pero no se adueñaron de sus pertenencias.",
        "16-17": "En cuanto a los otros judíos que vivían en las provincias del rey, ya se habían reunido el día trece del mes de Adar para defenderse y librarse de sus enemigos. Ese día mataron a setenta y cinco mil de sus enemigos, pero no se adueñaron de sus pertenencias. El día catorce descansaron y se dedicaron a celebrar su victoria.",
        "18": "En cambio, los judíos que vivían en Susa se reunieron los días trece y catorce para defenderse, y el día quince también hicieron fiesta.",
        "19": "Por eso los judíos de las provincias eligieron el día catorce del mes de Adar como día de celebración, y en ese día se hacen regalos unos a otros.",
        "20": "Mardoqueo ordenó que se pusiera por escrito lo sucedido y envió cartas a todos los judíos del reino de Asuero, tanto a los que vivían en las provincias cercanas como en las lejanas.",
        "21": "En esas cartas Mardoqueo ordenaba que, cada año, los días catorce y quince del mes de Adar fueran días de fiesta,",
        "22": "para recordar el mes y los días en que los judíos se libraron de sus enemigos, y en los que el sufrimiento y la tristeza se cambiaron en gozo y alegría. En esos días de fiesta se harían regalos unos a otros y ayudarían a los pobres.",
        "23": "Los judíos se comprometieron a cumplir las órdenes de Mardoqueo, tal como ya habían comenzado a hacerlo.",
        "24": "Amán, el enemigo de los judíos, había ideado un plan para acabar con ellos, y echó suertes para determinar el día en que procedía matarlos y exterminarlos.",
        "25": "Pero la reina Ester se presentó ante el rey, y este ordenó por escrito que Amán fuera castigado por ese plan tan malvado. Ordenó que Amán y sus hijos fueran ahorcados.",
        "26-27": "Por eso estos días son conocidos como fiesta de Purim, que es el plural de la palabra «pur» cuyo significado es «suerte». Los judíos se comprometieron a celebrar esa fiesta, siguiendo las instrucciones de la carta que les había escrito Mardoqueo, y en recuerdo de todo lo que les había ocurrido. Ordenaron, pues, que todos los años, sin falta, tanto ellos como sus descendientes, e incluso los no judíos que se convirtieran a su religión, debían celebrar estos dos días de fiesta, de acuerdo con lo que estaba escrito.",
        "28": "Ningún judío debía olvidarse nunca de celebrar esta fiesta de Purim. En todas las familias, provincias y ciudades tendrían que celebrarse y recordarse estos días.",
        "29-30": "Por eso la reina Ester y Mardoqueo escribieron una segunda carta a los judíos, confirmando la primera carta en todo lo referente a la fiesta de Purim. Enviaron la nueva carta a todos los judíos que vivían en las ciento veintisiete provincias del reino de Asuero, deseándoles, de paso, paz y bienestar.",
        "31": "En esa carta, Ester y Mardoqueo señalaban las fechas en que todos los judíos y sus descendientes debían celebrar la fiesta de los Purim, tal como ellos se habían comprometido a hacerlo. También daban instrucciones referentes a los tiempos de ayuno y a la manera de expresar públicamente su dolor.",
        "32": "Fue la misma reina Ester quien dio las instrucciones para celebrar la fiesta de Purim, y esas instrucciones se anotaron en un libro."
    },
    "10": {
        "1": "El rey Asuero cobraba impuestos en todo el territorio continental y hasta en las islas.",
        "2": "El relato completo de todo lo que este rey hizo, de sus hazañas y de su valor, y también del alto puesto de honor que le dio a Mardoqueo, está escrito en el libro de la historia de los reyes de Media y Persia.",
        "3": "Mardoqueo, el judío, llegó a ser la autoridad más importante del reino, después del rey Asuero. Todos los judíos lo reconocían como un gran hombre y le tenían un gran aprecio. Él se esforzaba en conseguir el bienestar de todos sus hermanos de raza, y en lograr que sus compatriotas disfrutaran de paz."
    }
}