{
    "1": {
        "1-2": "El rey Nabucodonosor de Babilonia llegó a la ciudad de Jerusalén para rodearla con su ejército y conquistarla. Dios le permitió hacer prisioneros al rey Joacín y a muchos israelitas llevándoselos a Babilonia. Dios también le permitió llevarse muchos de los utensilios que se usaban en el Templo de Jerusalén. Nabucodonosor se los llevó a su país y los juntó con los tesoros que había en el templo de sus dioses. Cuando esto sucedió, Joacín llevaba tres años reinando en Judá.",
        "3-5": "El rey Nabucodonosor quería tener a su servicio gente joven y de buena presencia, que no tuviera ningún defecto físico; además deberían saber de todo. Por eso ordenó a Aspenaz, jefe del personal de su palacio, que de entre los prisioneros israelitas le llevaran los jóvenes más inteligentes y de las mejores familias. Durante tres años, esos jóvenes comerían y beberían lo mismo que se servía en la mesa del rey; mientras tanto, estudiarían y aprenderían el idioma y la cultura de los babilonios. Pasado ese tiempo entrarían a servir en el palacio del rey.",
        "6": "Entre los que fueron llevados al palacio del rey había cuatro jóvenes de la tribu de Judá. Se llamaban Daniel, Ananías, Misael y Azarías,",
        "7": "pero el jefe de los sirvientes del palacio les cambió el nombre. A Daniel le puso Baltasar, a Ananías le puso Sadrac, a Misael le puso Mesac, y a Azarías le puso Abednegó.",
        "8": "Daniel decidió no comer ni beber lo que se servía en la mesa del rey, porque para él eso era un pecado. Por ello le pidió a Aspenaz que no los obligara a pecar ni a él ni a sus amigos comiendo esos alimentos.",
        "9": "Y aunque Dios había hecho que Daniel le cayera bien al jefe del personal,",
        "10": "este le dijo: —El rey ha decidido lo que debéis comer y beber. Por tanto, tengo miedo de que, si llega a ver que tenéis cara de enfermos mientras que los otros jóvenes parecen sanos, me mandará matar.",
        "11": "Entonces Daniel fue a hablar con la persona que por encargo del jefe de personal debía cuidar de él y de sus amigos, y le dijo:",
        "12": "—Nosotros somos tus humildes servidores. Te ruego que nos pongas a prueba diez días. Durante ese tiempo, danos de comer solamente verduras y de beber, solamente agua.",
        "13": "Pasados los diez días, compara nuestra cara con la de los jóvenes que comen lo que se sirve en la mesa del rey. Entonces podrás hacer con nosotros lo que te parezca mejor.",
        "14-15": "El encargado de cuidarlos aceptó hacer lo que Daniel le propuso y resultó que, diez días después, Daniel y sus amigos se veían más sanos y fuertes que los jóvenes que comían lo mismo que se servía en la mesa del rey.",
        "16": "Entonces el encargado de cuidarlos siguió sin darles la comida y el vino que deberían comer y beber, y en su lugar les daba a comer verduras.",
        "17": "Estos cuatro jóvenes recibieron de Dios gran inteligencia y sabiduría para entender toda clase de libros y de ciencias. Además, Daniel entendía el significado de los sueños y las visiones.",
        "18": "Cuando se cumplió el plazo que el rey había señalado, el jefe del personal de palacio llevó a todos los jóvenes ante el rey Nabucodonosor.",
        "19": "El rey conversó con todos ellos, pero no encontró entre todos a ninguno tan inteligente como Daniel y sus amigos Ananías, Misael y Azarías. Por lo tanto, los cuatro se quedaron al servicio del rey,",
        "20": "haciendo todo lo que el rey les pedía mucho mejor y con más sabiduría que todos los sabios y adivinos de su reino.",
        "21": "Daniel se quedó en Babilonia hasta un año después de la llegada del rey Ciro de Persia."
    },
    "2": {
        "1-2": "El año segundo de su reinado, Nabucodonosor tuvo unos sueños muy extraños y se quedó tan inquieto que ya no podía ni dormir. Entonces mandó llamar a todos los sabios y adivinos que había en su reino para que le explicaran el significado de sus sueños. Los sabios y adivinos se presentaron ante el rey,",
        "3": "y el rey les dijo: —Tuve un sueño y me preocupa no saber lo que significa.",
        "4": "Como los sabios hablaban arameo, le contestaron al rey en ese idioma: —¡Larga vida al rey! Estamos para servirte. Si el rey nos cuenta su sueño, nosotros le diremos lo que significa.",
        "5-6": "El rey les contestó: —He tomado una decisión. Si me contáis lo que he soñado y lo que el sueño significa, os llenaré de regalos y haré que todos os rindan honores. Pero si no me decís lo que he soñado, ni lo que el sueño significa, mandaré que os corten en pedazos y que sean derribadas vuestras casas. Así que más os vale decirme lo que he soñado y lo que el sueño quiere decir.",
        "7": "Los sabios volvieron a decirle: —Si el rey nos cuenta lo que ha soñado, nosotros le diremos lo que significa.",
        "8": "El rey les dijo: —Creo que queréis ganar tiempo pues sabéis que he tomado la decisión de castigaros a todos si no me contáis el sueño y me decís qué significa.",
        "9": "Parece que os habéis puesto de acuerdo en decirme puras mentiras a ver si cambio mi decisión. Contadme de una vez lo que he soñado, y así sabré que también sois capaces de decirme lo que significa.",
        "10": "Los sabios respondieron al rey: —Nunca ningún rey, por más poderoso que fuera, ha preguntado a sus sabios y adivinos una cosa parecida. Ni hay nadie en el mundo capaz de adivinar lo que el rey quiere saber.",
        "11": "Es algo tan difícil que solo los dioses podrían darle una respuesta, ¡pero ellos no viven en este mundo!",
        "12": "Al oír esto, el rey se enfureció y mandó que mataran a todos los sabios que vivían en Babilonia.",
        "13": "Como la orden del rey valía también para Daniel y sus amigos, los buscaron con el fin de darles muerte.",
        "14": "El jefe de los soldados del rey, que se llamaba Arioc, se dispuso a matar a todos los sabios de Babilonia;",
        "15": "pero entonces Daniel fue a verlo, y con mucho tacto le preguntó por qué había ordenado el rey matar a todos los sabios.",
        "16": "Cuando Arioc le explicó la razón de la orden, Daniel fue a hablar con el rey y se comprometió a explicarle el significado del sueño. Pero le dijo que, para eso, necesitaba un poco más de tiempo.",
        "17-18": "Después Daniel fue a su casa y allí les contó a sus amigos Ananías, Misael y Azarías lo que pasaba. También les pidió que oraran a Dios para que les descubriera aquel misterio y así no les pasara nada ni a él ni a ellos, ni a los sabios de Babilonia.",
        "19": "Esa misma noche, Dios mostró a Daniel en una visión el misterio del sueño. Entonces Daniel bendijo a Dios",
        "20": "con estas palabras: Bendito sea por siempre el nombre de Dios; solo él es sabio y poderoso.",
        "21": "Solo Dios hace que se sucedan las estaciones y los años; a unos los hace reinar y a otros les quita del trono; él hace que los sabios entiendan y concede ciencia a los inteligentes.",
        "22": "Él hace que puedan descubrirse los misterios más profundos; conoce lo que se oculta en la oscuridad porque la luz reside junto a él.",
        "23": "A ti, Dios de mis antepasados, te doy gracias y te alabo porque me has dado fuerza y sabiduría; me has concedido lo que te pedí, mostrándome lo que el rey soñó.",
        "24": "Después de eso, Daniel fue a ver a Arioc y le dijo: —Antes de que mates a ninguno de los sabios de Babilonia, llévame a ver al rey. Yo le voy a explicar lo que quiere decir su sueño.",
        "25": "Enseguida Arioc llevó a Daniel ante el rey y le dijo: —Tengo aquí a un joven, de los que trajimos de Judá. Asegura que él puede decir al rey lo que significa su sueño.",
        "26": "El rey se dirigió a Daniel, a quien en Babilonia llamaban Baltasar, y le dijo: —¿Así que tú vas a decirme lo que he soñado, y lo que significa mi sueño?",
        "27": "Y Daniel le contestó: —No hay ningún sabio ni adivino capaz de adivinar lo que el rey quiere saber.",
        "28": "Pero en el cielo hay un Dios que conoce todos los misterios y ha querido dar a conocer al rey lo que sucederá al final de los tiempos. Pues bien, yo te contaré el sueño y las visiones que has tenido mientras dormías:",
        "29": "Estabas durmiendo, majestad, y no dejabas de pensar en lo que iba a suceder en el futuro.",
        "30": "Y a mí, Daniel, Dios me ha dado a conocer esos misterios, no porque yo sea más sabio que los demás hombres, sino para que conozcas la interpretación del sueño que has tenido y así puedas dejar de preocuparte.",
        "31": "Majestad, soñabas que veías una estatua muy grande, resplandeciente y que causaba mucho miedo.",
        "32": "La cabeza de la estatua era de oro puro, el pecho y los brazos eran de plata, el vientre y los muslos eran de cobre,",
        "33": "y las piernas eran de hierro. Pero los pies eran de una mezcla de hierro y barro.",
        "34": "Mientras contemplabas la estatua, una piedra que nadie tiró llegó rodando, golpeó a la estatua en los pies que eran de hierro y barro, y la estatua se vino abajo.",
        "35": "Todos los metales de la estatua se hicieron polvo como si fuera paja que el viento se lleva en verano. Sin embargo, la piedra que golpeó a la estatua se convirtió en una gran montaña. ¡Era tan grande que llenaba toda la tierra!",
        "36-38": "Este sueño quiere decir que su majestad es el rey más poderoso de todos los reyes y que tú eres, por tanto, la cabeza de oro, pues el Dios del cielo te ha hecho rey y te ha dado mucho poder y mucha honra. También te ha dado poder sobre toda la gente que vive en la tierra, y sobre todos los animales que hay en la tierra y en el cielo.",
        "39": "Después de su majestad habrá otro reino, menos importante; luego vendrá un tercer reino, representado por el cobre, que dominará toda la tierra.",
        "40": "Por último, vendrá un cuarto reino que tendrá la fuerza del hierro. Y lo mismo que el hierro es capaz de destrozar a los demás metales, este cuarto reino destrozará a los demás reinos.",
        "41-42": "Viste en tu sueño que los pies de la estatua eran de hierro y de barro. Eso quiere decir que el último reino estará dividido. Será fuerte como el hierro, pero también será débil como el barro.",
        "43": "La mezcla de hierro y barro en sus pies quiere decir que este reino tratará de unirse a otros por medio de matrimonios entre las familias de diferentes reinos. Pero así como no es posible unir el hierro con el barro, tampoco será posible que ese reino llegue a unirse con los otros.",
        "44": "Sin embargo, en esos días el Dios del cielo enviará a un rey que reinará para siempre y al que nadie podrá vencer. Será él quien reinará para siempre destruyendo a los otros reinos.",
        "45": "Eso es lo que significa la piedra que nadie tiró y que destruyó todos los metales de la estatua. Esto es lo que el gran Dios quiere que sepas acerca del futuro. Tanto el sueño como el significado que he contado al rey son verdaderos.",
        "46": "Cuando el rey Nabucodonosor oyó esto, se echó al suelo ante Daniel y ordenó que le presentaran ofrendas y perfumes.",
        "47": "Luego dijo a Daniel: —No hay duda. Vuestro Dios es el Dios de todos los dioses; ¡él es el Rey de todos los reyes! Él lo sabe todo, y por eso tú has podido explicarme este sueño tan misterioso.",
        "48": "Enseguida, el rey hizo a Daniel muchos y magníficos regalos, y además lo nombró gobernador de toda la provincia de Babilonia y jefe de todos los sabios.",
        "49": "Entonces Daniel pidió al rey que pusiera a sus amigos en puestos de importancia. Y así Sadrac, Mesac y Abednegó llegaron a ser administradores en la provincia de Babilonia. Daniel se quedó en la corte del rey."
    },
    "3": {
        "1": "El rey Nabucodonosor mandó hacer una estatua de oro. La estatua tenía treinta metros de alto y tres metros de ancho, y fue puesta en la llanura de Durá, que está en la provincia de Babilonia.",
        "2-3": "Para la presentación de la estatua, el rey mandó que se reunieran todas las autoridades y personas importantes de su gobierno. Cuando todas esas autoridades y personas importantes se reunieron ante la estatua que el rey Nabucodonosor mandó hacer,",
        "4-5": "un pregonero proclamó con fuerte voz: —Hay aquí gente que viene de diferentes pueblos y habla distintos idiomas. A todos ellos, el rey Nabucodonosor les ordena que, cuando oigan sonar todos los instrumentos musicales que los músicos van a tocar, se postren tocando el suelo con la frente y adoren la estatua que el rey mandó hacer.",
        "6": "Quien no se incline para adorar la estatua, será arrojado de inmediato a un horno encendido.",
        "7": "Y así fue. Cuando la gente reunida de todos los pueblos, naciones, y lenguas oyó el sonido de los instrumentos musicales, todos se arrodillaron y adoraron la estatua de oro que el rey había mandado hacer.",
        "8": "Pero como los judíos no obedecieron la orden, unos babilonios fueron a ver al rey para acusarlos.",
        "9": "Le dijeron: —¡Larga vida al rey!",
        "10": "Tú, majestad, has ordenado que todos adoren la estatua de oro tan pronto como oigan el sonido de los instrumentos musicales.",
        "11": "También has ordenado que quien no obedezca será arrojado a un horno encendido.",
        "12": "Pero hay unos judíos que no respetan tu orden, ni adoran a tu dios, ni quieren inclinarse ante la estatua de oro. Se trata de Sadrac, Mesac y Abednegó, a quienes tú diste puestos importantes en el gobierno de la provincia de Babilonia.",
        "13": "Al oír esto, el rey Nabucodonosor se enfadó muchísimo y mandó que le llevaran a esos tres judíos. Cuando los llevaron ante el rey,",
        "14": "Nabucodonosor les preguntó: —Me han dicho que no dais culto a mis dioses ni queréis adorar la estatua de oro que he mandado hacer. ¿Es cierto eso?",
        "15": "Voy a daros una oportunidad. Si al escuchar el sonido de los instrumentos musicales, no os arrodilláis y adoráis la estatua que he mandado hacer, ordenaré que de inmediato os arrojen al horno encendido. Y entonces ningún Dios podrá salvaros.",
        "16-18": "Sadrac, Mesac y Abednegó le respondieron: —Eso, majestad, no es algo que nos preocupe. Si el Dios que adoramos así lo quiere, él nos librará del fuego y del poder del rey. Pero aunque no lo hiciera, nosotros no daremos culto a tus dioses ni adoraremos la estatua de oro que has mandado hacer.",
        "19": "Cuando Nabucodonosor oyó esto, se enfadó mucho con los tres jóvenes y mandó que calentaran el horno siete veces más fuerte que de costumbre.",
        "20": "Luego ordenó que sus hombres más fuertes ataran a los jóvenes y los echaran al horno encendido.",
        "21": "Los hombres del rey ataron a Sadrac, Mesac y Abednegó, y los arrojaron al horno de fuego con toda la ropa que llevaban puesta.",
        "22": "Como el rey quería que los arrojaran al fuego enseguida y el horno estaba al rojo vivo las llamas alcanzaron a los que habían traído a Sadrac, Mesac y Abednegó, y los abrasaron,",
        "23": "mientras los tres jóvenes caían al horno con las manos atadas.",
        "24": "Cuando Nabucodonosor vio esto, se levantó rápidamente lleno de asombro y preguntó a sus consejeros: —¿No hemos arrojado al horno a tres jóvenes con las manos atadas? —Así es majestad. Respondieron los consejeros.",
        "25": "—Entonces —dijo el rey—, ¿cómo es que yo veo a cuatro? Todos ellos están desatados y andan paseándose por el horno sin que les pase nada. Además, ¡el cuarto joven parece un ángel!",
        "26": "Dicho esto, Nabucodonosor se acercó al horno todo lo que pudo y gritó: —Sadrac, Mesac y Abednegó, servidores del Dios altísimo, ¡salid de ahí! Los tres jóvenes salieron del horno.",
        "27": "Enseguida los rodearon todas las personas importantes del gobierno y se quedaron sorprendidos al ver que el fuego no había hecho ningún daño a sus cuerpos ni se les había quemado el pelo, ¡y ni siquiera su ropa olía a quemado!",
        "28": "El rey exclamó: — Bendito sea el Dios de Sadrac, Mesac y Abednegó, que envió a su ángel para salvarlos. Tanto confían ellos en su Dios, que no quisieron obedecer mis órdenes. Estaban dispuestos incluso a morir, antes que adorar a otro dios que no fuera el suyo.",
        "29": "No hay otro dios que pueda hacer lo que el Dios de estos jóvenes ha hecho. Por lo tanto, ordeno que quien hable mal del Dios de estos jóvenes sea cortado en pedazos y su casa se convierta en un basurero. ¡No me importa a qué nación pertenezca ni qué idioma hable!",
        "30": "Además, Nabucodonosor dio a los tres jóvenes puestos aún más importantes en el gobierno de la provincia de Babilonia.",
        "31": "Después de eso, Nabucodonosor dijo: —Con mis mejores deseos de paz y abundancia para todos los pueblos de la tierra, yo, el rey Nabucodonosor,",
        "32": "quiero contar las cosas tan maravillosas que el Dios altísimo ha hecho conmigo.",
        "33": "¡Qué grandes son sus milagros y maravillas! Su reino durará para siempre y su poder nunca tendrá fin."
    },
    "4": {
        "1": "Mientras yo descansaba tranquilo y rodeado de prosperidad en mi palacio,",
        "2": "tuve un sueño. Lo que vi en el sueño mientras dormía me asustó mucho y me llenó de preocupación.",
        "3": "Entonces ordené que se presentaran ante mí todos los sabios de Babilonia para que me explicaran el sueño.",
        "4": "Cuando vinieron, les conté mi sueño; pero ninguno pudo decirme lo que significaba.",
        "5-6": "Por último se presentó ante mí Daniel. Nosotros lo conocemos como Baltasar, en honor de mi Dios. Yo sé que a Daniel lo guía el espíritu del Dios único. Por eso le conté mi sueño y le dije: —Tú, Baltasar, eres más sabio que todos los sabios juntos. Yo sé que no hay nada que tú no sepas. He tenido un sueño, y quiero que me digas lo que significa.",
        "7": "Esto fue lo que vi en sueños mientras dormía: En medio de la tierra había un árbol muy alto.",
        "8": "No había otro árbol más fuerte; se podía ver desde muy lejos y su copa llegaba hasta el cielo.",
        "9": "Eran tan verdes sus hojas y tan abundante su fruta, que podía alimentar a todos. Todas las aves del cielo hacían en él su nido y todos los animales del campo se cobijaban bajo su sombra; todos los seres vivientes se alimentaban de él.",
        "10": "Mientras yo seguía durmiendo y teniendo ese sueño, un ángel bajó del cielo",
        "11": "y gritó con fuerte voz: «¡Echad abajo ese árbol! Cortadle las ramas, dejadlo sin hojas, y arrancadle su fruta. Que se vayan los animales que se cobijan con su sombra; que se vayan los pájaros que anidan en sus ramas.",
        "12": "Pero dejadle el tronco, y no arranquéis las raíces; sujetadlo con cadenas de hierro en medio del campo. Dejad que lo empape el rocío de la noche y coma hierba como los animales del campo.",
        "13": "Que pierda su condición humana y se vuelva como los animales hasta que pasen siete años.",
        "14": "Los ángeles de Dios han tomado una decisión, sus santos han decidido castigarlo. Así todo el mundo sabrá que solo el Dios altísimo gobierna a todos los reinos. Hace rey a quien él quiere, y hace jefe de un país a la persona más sencilla».",
        "15": "Este es el sueño que, yo, el rey Nabucodonosor tuve y que ningún sabio me pudo explicar. Pero yo sé que tú, Baltasar, puedes hacerlo, porque el espíritu del Dios santo está en ti.",
        "16": "Daniel estaba muy preocupado por las ideas que le venían a la cabeza, así que se quedó callado. Pero el rey entonces le dijo: —No te preocupes, Baltasar, por el sueño y lo que significa. Y Daniel le contestó: —¡Cómo quisiera yo que el sueño y su significado tuviera que ver con los enemigos de su majestad!",
        "17-19": "El árbol grande y poderoso que viste en tu sueño eres tú mismo. Te has hecho tan poderoso que tu grandeza ha llegado hasta el cielo. Y así como el árbol tenía ramas verdes que servían de refugio a los animales del campo y anidaban los pájaros del cielo, y todos comían de su fruta, así también tu poder, oh rey, se ha extendido por toda la tierra y tu grandeza ha crecido hasta llegar a lo alto del cielo.",
        "20": "En el sueño viste también que un ángel bajaba del cielo y ordenaba que cortaran el árbol. Pero tenían que dejarle el tronco y las raíces, sujetándolo con cadenas y haciendo que lo empapara el rocío del cielo y viviera con los animales del campo durante siete años.",
        "21": "Todo esto significa lo que el Dios altísimo ha decidido hacer con el rey:",
        "22": "ya no vivirás con la gente, sino que vivirás con los animales y comerás hierba como ellos. Te empapará el rocío del cielo y así permanecerás durante siete años. Al final de esos siete años, tendrás que reconocer que solo el Dios altísimo gobierna todos los reinos del mundo y que solo él puede hacer rey a quien él quiere.",
        "23": "Al árbol se le dejaron el tronco y las raíces. Eso quiere decir que tú, majestad, volverás a reinar, pero solo cuando hayas reconocido el poder del Dios del cielo.",
        "24": "Por eso yo te aconsejo, majestad, que dejes de hacer el mal y ayudes a la gente pobre y necesitada. Tal vez así, majestad, vivirás durante largo tiempo tranquilo y feliz.",
        "25": "Lo que Daniel le dijo al rey Nabucodonosor se hizo realidad.",
        "26": "Un año después, el rey paseaba por la terraza de su palacio",
        "27": "y dijo: —¡Qué grande es Babilonia! ¡Yo fui quien la construí como residencia real para mostrar mi poder y mi grandeza!",
        "28": "Todavía estaba hablando el rey, cuando se oyó una voz del cielo que le dijo: —Rey Nabucodonosor, a partir de este momento dejarás de ser rey.",
        "29": "No vivirás ya entre la gente, sino que vivirás siete años entre los animales. Comerás hierba del campo, como ellos, hasta que reconozcas que el Dios altísimo es el único rey de este mundo. Solo Dios puede hacer rey a quien él quiere que sea rey.",
        "30": "Estas palabras se cumplieron inmediatamente, y el rey dejó de vivir entre la gente. Comía hierba, como los toros; su cuerpo quedó empapado con el rocío del cielo; sus cabellos le crecieron hasta parecer plumas de águila; y sus uñas eran igual que las garras de las aves rapaces.",
        "31": "—Al cabo de los siete años, yo, Nabucodonosor, dejé de estar loco. Entonces levanté los ojos al cielo y le di gracias al Dios altísimo, que vive para siempre. Lo alabé y le dije: Tu poder dura por siempre, y tu reino no tiene fin.",
        "32": "Ante ti, nada podemos hacer los que vivimos en la tierra. Tú haces lo que quieres con los ejércitos del cielo y con los habitantes del mundo. Nadie puede oponerse a ti, ni pedirte cuentas por lo que haces.",
        "33": "Tan pronto como dije esto, sané de mi locura y recuperé la grandeza de mi reino. Todos los consejeros y jefes de mi reino me buscaron de nuevo y llegué a ser más poderoso que antes.",
        "34": "Por eso alabo y adoro al Rey del cielo, pues todo lo que hace está bien hecho. Él es un Dios justo, que humilla a los que son orgullosos."
    },
    "5": {
        "1": "El rey Baltasar hizo una gran fiesta, e invitó a las mil personas más importantes de su reino. Todos los asistentes a la fiesta bebieron mucho vino.",
        "2-3": "También Baltasar bebió mucho y, ya borracho, mandó traer las copas de oro y plata que su padre Nabucodonosor había traído del Templo de Jerusalén. Las mandó traer para que él y sus invitados, incluidas todas sus mujeres, siguieran bebiendo en ellas.",
        "4": "Y mientras bebían, cantaban alabanzas a sus dioses, que eran simples estatuas de oro, plata, cobre, hierro, madera y piedra.",
        "5": "De pronto, una mano apareció sobre la pared y comenzó a escribir. La luz de las lámparas permitía ver bien cómo escribía. Cuando el rey vio la mano que escribía,",
        "6": "se puso blanco y comenzó a temblar de miedo.",
        "7": "Enseguida llamó a gritos a sus sabios y adivinos a los que preguntó: —¿Hay alguien aquí que me pueda explicar lo que está escrito en la pared? Al que lo haga, lo vestiré como un príncipe y le daré el tercer lugar de importancia y autoridad en mi reino.",
        "8": "Acudieron todos los sabios y adivinos que estaban al servicio del rey, pero ninguno de ellos entendía lo que estaba escrito, así que no podían explicárselo al rey.",
        "9": "Por eso el rey se preocupó mucho y se quedó pálido. También sus consejeros estaban muy confundidos.",
        "10": "Cuando la reina oyó los gritos de Baltasar y de sus consejeros, entró al salón del banquete y dijo al rey: —¡Larga vida al rey! ¡No te asustes ni palidezca tu cara!",
        "11": "Aquí en Babilonia hay un joven muy inteligente y sabio. En él vive el espíritu de Dios. Nabucodonosor, tu padre, lo conocía bien, y por eso lo puso como jefe de todos los sabios y adivinos del reino.",
        "12": "Ese joven puede explicar los sueños y las cosas más difíciles y misteriosas. Se llama Daniel, aunque el rey Nabucodonosor le cambió el nombre y le puso Baltasar. Llámalo y él te dirá qué significa esa escritura en la pared.",
        "13": "El rey mandó llamar a Daniel. Y cuando Daniel llegó, el rey le preguntó: —¿Así que tú eres uno de esos judíos que mi padre trajo de Judá?",
        "14": "Según me han contado, en ti vive el espíritu de Dios, y por eso superas a todos en inteligencia y sabiduría.",
        "15": "Yo mandé traer a todos los sabios y adivinos, para que me explicaran lo que está escrito en la pared, pero no pudieron hacerlo.",
        "16": "Yo sé que tú puedes explicar cosas muy difíciles. Si me dices qué significa lo que está escrito en la pared, mandaré que te vistan como a un príncipe. Además, te daré el tercer lugar de importancia y autoridad en mi reino.",
        "17": "Daniel le contestó: —Yo puedo explicar al rey lo que significa la escritura en la pared, pero no tienes que hacerme ningún regalo ni darme ningún puesto importante.",
        "18-19": "El Dios altísimo dio un reino muy grande y poderoso a tu padre, el rey Nabucodonosor. Todas las naciones lo respetaban y reconocían su grandeza. También le tenían miedo, porque él decidía a quién matar y a quién dejar con vida, a quién humillar y a quién poner en un lugar importante.",
        "20": "Pero cuando el rey Nabucodonosor se llenó de orgullo y de soberbia, Dios le quitó el reino,",
        "21": "y ya no pudo seguir viviendo entre la gente; se comportaba como un animal, vivía entre asnos salvajes, comía hierba como los toros, y se empapaba con el rocío del cielo. Así vivió hasta que reconoció que solo el Dios altísimo reina sobre todas las naciones, y que solo él decide quién puede ser rey.",
        "22": "Tú, rey Baltasar, ya sabías todo esto y, aunque lo sabías, no has querido ser humilde,",
        "23": "sino que te has rebelado contra el Dios del cielo y has mandado traer las copas del Templo de Dios, y en ellas has bebido tú, majestad, junto con todos tus invitados y todas tus mujeres. Para colmo, en lugar de adorar al Dios que te hizo y que tiene poder sobre tu vida, has adorado a sus dioses. ¡Esos dioses no pueden ver ni oír ni pensar, pues están hechos de metal, madera y piedra!",
        "24": "Por todo ello Dios ha enviado esa mano que escribiera:",
        "25": "«mené, mené, tekel y parsín».",
        "26": "Y esto es lo que significan esas palabras: «mené» significa «contado» y quiere decir que Dios ha decidido poner fin a tu reinado;",
        "27": "«tekel» significa «pesado» y quiere decir que Dios te concedió una oportunidad, pero tú no la has aprovechado;",
        "28": "«parsín» significa «dividido» y quiere decir que Dios partirá en dos tu reino y se lo dará a los medos y a los persas.",
        "29": "Enseguida el rey Baltasar ordenó que vistieran a Daniel como a un príncipe y que ocupara el tercer lugar de importancia y autoridad en el reino.",
        "30": "Y esa misma noche mataron a Baltasar, rey de los babilonios."
    },
    "6": {
        "1": "Así Darío, que era rey de los medos, conquistó Babilonia cuando tenía sesenta y dos años.",
        "2": "Para mantener el control de su reino, Darío nombró a ciento veinte gobernadores",
        "3": "vigilados por tres jefes superiores a ellos. Uno de esos tres jefes era Daniel a quien los gobernadores debían rendir cuentas para que el rey no saliera perjudicado.",
        "4": "Daniel destacaba sobre todos ellos por su capacidad de gobierno de manera que el rey pensó hacerlo jefe de todo el reino.",
        "5": "Tanto los gobernadores como los otros jefes esperaban que Daniel hiciera algo malo, o que cometiera algún error, para acusarlo ante el rey. Pero no pudieron acusarlo de nada, pues Daniel siempre hacía bien su trabajo.",
        "6": "Por eso se pusieron de acuerdo y dijeron: —Como no tenemos nada de qué acusar a Daniel, lo haremos caer con algo que tenga que ver con su religión.",
        "7": "Entonces los gobernadores y sus jefes fueron a ver al rey Darío y le dijeron: —¡Larga vida al rey!",
        "8": "Todos los jefes y gobernantes hemos decidido que el rey ponga en vigor una nueva ley. Según esa ley, durante un mes nadie podrá adorar a ningún dios, sino solo a ti, majestad. Esa ley se aplicará en todo el reino, y cualquiera que la desobedezca será echado vivo al foso de los leones.",
        "9": "Si firmas esta ley, nada ni nadie podrá cambiarla. Así lo dice la ley de los medos y los persas.",
        "10": "El rey Darío firmó la ley de acuerdo con la petición de sus consejeros.",
        "11": "Cuando Daniel se enteró de que el rey había firmado la ley, se retiró a su casa. Daniel acostumbraba orar tres veces al día, así que entró en su cuarto, abrió la ventana que estaba orientada hacia Jerusalén, se arrodilló y comenzó a orar y a alabar a Dios.",
        "12": "Entonces los consejeros del rey entraron en casa de Daniel y lo encontraron orando a Dios;",
        "13": "así que fueron y lo acusaron ante el rey diciéndole: —Tú, majestad, has ordenado que durante un mes nadie adore a ningún dios ni persona que no seas tú mismo. El rey ha ordenado también que quien desobedezca esta orden sea echado al foso de los leones. El rey respondió: —Así es, y las leyes de los medos y los persas nadie las puede cambiar.",
        "14": "Entonces dijeron: —Pues ese Daniel, que trajeron preso de la tierra de Judá, ni te respeta ni obedece tu ley, sino que tres veces al día se arrodilla para orar a su Dios.",
        "15": "Cuando el rey escuchó esto, se puso muy triste, y toda la noche estuvo pensando en cómo salvar a Daniel.",
        "16": "Al día siguiente, los jefes principales acudieron de nuevo al rey y le dijeron: —Tú sabes bien, majestad, que cuando un rey de los medos y los persas firma una ley, nadie puede cambiarla.",
        "17": "Entonces el rey mandó traer a Daniel para que lo echaran al foso de los leones. Pero antes de que lo echaran, el rey le dijo: —Daniel, deseo que te salve el Dios a quien tú siempre has servido fielmente.",
        "18": "Luego taparon el foso con una piedra muy grande sobre la que el rey puso su sello y lo mismo hicieron los jefes principales para que, de acuerdo con la sentencia dictada, nadie se atreviera a sacar de allí a Daniel.",
        "19": "Después de eso, el rey se fue a su palacio, pero en toda la noche no comió nada. Y aunque no podía dormir, tampoco quiso que le acompañara nadie, ni siquiera sus mujeres.",
        "20": "En cuanto amaneció, el rey se levantó y fue deprisa al foso en el que habían echado a Daniel.",
        "21": "Al llegar al foso llamó a Daniel con voz fuerte y a la vez triste: —¡Daniel, tú siempre has adorado al Dios de la vida! ¿Ha podido tu Dios salvarte de los leones?",
        "22": "Daniel le contestó: —¡Larga vida al rey!",
        "23": "Mi Dios envió a su ángel para cerrar la boca a los leones e impedir que me hicieran daño. Dios sabe que soy inocente y que no he hecho nada malo contra el rey.",
        "24": "Al oír esto, el rey se puso muy contento y mandó que sacaran a Daniel del foso. Cuando lo sacaron, todos pudieron ver que los leones no le habían hecho ningún daño, porque él había confiado en su Dios.",
        "25": "Entonces el rey mandó que trajeran a quienes habían acusado a Daniel, y que los echaran al foso de los leones, junto con sus mujeres y sus hijos. Y enseguida los leones los atacaron y les rompieron los huesos. Antes de que tocaran el suelo, ya los habían despedazado.",
        "26": "Entonces el rey Darío escribió un mensaje para todas las naciones y pueblos de la tierra. El mensaje decía: —Con mis deseos de paz para todos,",
        "27": "ordeno a los habitantes de mi reino que adoren y obedezcan al Dios de Daniel. Es un Dios que vive para siempre, un Dios cuyo reino nadie puede destruir y cuyo imperio dura por siempre.",
        "28": "El Dios de Daniel puede salvar y libertar, puede hacer grandes maravillas en el cielo y en la tierra. ¡Es el Dios que salvó a Daniel de las garras de los leones!",
        "29": "Y así Daniel siguió siendo una persona muy importante durante los reinados de Darío y de Ciro, reyes de Persia."
    },
    "7": {
        "1": "Durante el primer año del reinado de Baltasar en Babilonia, Daniel tuvo un sueño y visiones; en su sueño vio muchas cosas. Cuando despertó, puso por escrito lo que había soñado. Y esto fue lo que escribió:",
        "2": "—Una noche soñé que los cuatro vientos del cielo soplaban muy fuerte sobre el gran mar.",
        "3": "De repente salieron del mar cuatro grandes monstruos, todos ellos diferentes.",
        "4": "El primer monstruo parecía un león con alas de águila. Pero le cortaron las alas, y entonces se puso en pie sobre sus pies como si fuera una persona y se le concedió inteligencia humana.",
        "5": "El segundo monstruo parecía un oso, pero uno de sus costados era más alto que el otro. Entre sus dientes llevaba tres costillas. Entonces recibió la orden de levantarse y comer mucha carne.",
        "6": "El tercer monstruo parecía una pantera. Tenía cuatro alas de ave en la espalda, y tenía también cuatro cabezas. A este monstruo se le dio poder para reinar.",
        "7": "Yo seguí soñando, y de pronto apareció el cuarto monstruo. Era muy diferente a los otros tres, y tan fuerte y terrible que solo verlo daba mucho miedo. Tenía diez cuernos y unos dientes de hierro con los que devoraba y hacía pedazos todo lo que comía; luego pisoteaba las sobras con sus patas.",
        "8": "Mientras miraba los diez cuernos, de pronto apareció otro cuerno más pequeño, que al salir hizo desaparecer a tres de los restantes. Ese pequeño cuerno tenía ojos humanos y una boca que hablaba con mucho orgullo.",
        "9": "Seguía yo mirando y vi que aparecieron unos tronos. Un anciano se sentó sobre ellos: su ropa era blanca como la nieve, y su pelo era blanco como la lana.",
        "10": "Del trono y de sus ruedas brotaba un río de fuego. Miles y miles de personas adoraban al anciano que se sentó en el tribunal para juzgar y abrió los libros.",
        "11": "Estaba yo asombrado por las cosas que decía aquel cuerno, cuando vi que mataban al cuarto monstruo y, después de hacerlo pedazos, lo arrojaron al fuego.",
        "12": "A los otros monstruos se les quitó el poder, pero se los dejó con vida hasta que llegara el momento de su muerte.",
        "13": "Mientras yo tenía esta visión, alguien parecido a un ser humano apareció entre las nubes y se acercó al anciano.",
        "14": "Ese hombre recibió honra y poder para reinar sobre todo el mundo. Pude ver que le obedecían por todos los pueblos y naciones. Su poder será siempre el mismo y nunca tendrá fin; su reino jamás será destruido.",
        "15": "Yo quedé profundamente impresionado y confundido por lo que vi en mi visión.",
        "16": "Así que me acerqué a uno de los que estaban allí presentes y le pedí que me explicara lo que significaba el sueño. Él me respondió y me explicó el significado de la visión. Me dijo:",
        "17": "«Estos cuatro monstruos son cuatro reyes que aparecerán sobre la tierra.",
        "18": "Pero después el pueblo que ha elegido el Dios altísimo recibirá el reino, y reinará para siempre».",
        "19": "También le pregunté a esa persona por qué el cuarto monstruo era tan diferente. Y es que ese monstruo daba un miedo terrible: con sus dientes de hierro y sus garras de cobre todo lo devoraba, pisoteando las sobras con sus patas. Y esa persona me dijo: «El cuarto monstruo es un cuarto reino que aparecerá sobre la tierra. Será muy diferente a los otros reinos, acabará con toda la tierra, la pisoteará y aplastará».",
        "20": "Pregunté entonces qué significaban los diez cuernos que tenía el monstruo en la cabeza. También pregunté qué significaba el pequeño cuerno con ojos, que hablaba con tanto orgullo y parecía más poderoso que los otros cuernos. Pedí que se me explicara por qué, cuando salió ese cuerno, hizo desaparecer tres cuernos.",
        "21": "Yo había visto que ese cuerno pequeño luchaba contra el pueblo elegido por Dios y lo vencía.",
        "22": "Pero llegó el anciano para hacer justicia al pueblo del Altísimo, pues había llegado el momento en que el pueblo elegido entrara en posesión del reino.",
        "23": "Aquella persona me dio esta explicación:",
        "24": "—Los diez cuernos representan a diez reyes, que reinarán en ese reino. Después de ellos se levantará otro rey, muy diferente a los demás, que quitará del trono a tres reyes.",
        "25": "Ofenderá con sus palabras al Dios altísimo y luchará contra su pueblo elegido. Tratará de cambiar las costumbres religiosas y la ley de Dios, y durante tres años y medio tendrá sometido al pueblo elegido por Dios.",
        "26": "Pero ese rey será juzgado, perderá su poder y será totalmente destruido.",
        "27": "Entonces el pueblo del Altísimo recibirá poder y dominio sobre todos los reinos de la tierra, reinará para siempre y todos los poderes del mundo le estarán sometidos y le servirán.",
        "28": "Esto fue todo lo que vi; yo, Daniel, quedé muy preocupado con ello, pero guardé dentro de mí todo lo que había visto."
    },
    "8": {
        "1": "Además de este sueño que he contado, yo, Daniel, volví a tener otro sueño. Esto sucedió cuando Baltasar llevaba tres años reinando.",
        "2": "En ese sueño me parecía estar junto al río Ulay, en Susa, que era una ciudad fortificada de la provincia de Elam.",
        "3": "En el sueño veía yo un carnero que estaba junto al río. Ese carnero tenía dos cuernos largos, pero uno era más largo que el otro y había sido el último en salir.",
        "4": "El carnero atacaba en tres direcciones: hacia el norte, hacia el sur y hacia el oeste. Pude ver que ningún otro animal podía hacerle frente, ni tampoco se libraba de sus golpes. El carnero hacía lo que quería y cada vez se volvía más fuerte.",
        "5": "Mientras yo pensaba en lo que había visto, vi que del oeste venía un chivo. Tenía un cuerno muy grande entre los dos ojos y corría con tanta rapidez que parecía volar.",
        "6": "Cuando el chivo estuvo cerca del carnero de dos cuernos, lo atacó con todas sus fuerzas",
        "7": "y le rompió sus dos cuernos. El carnero no tuvo fuerzas para defenderse, así que el chivo lo tiró al suelo y lo pisoteó. Y nadie pudo salvarlo.",
        "8": "El chivo se iba haciendo cada vez más fuerte. Pero en el momento de su mayor fuerza, el cuerno más grande se le rompió. En lugar de ese gran cuerno, le salieron otros cuatro cuernos. Uno de ellos apuntaba hacia el norte, otro hacia el sur, otro hacia el este y otro hacia el oeste.",
        "9": "A uno de los cuernos le salió otro cuerno pequeño que creció mucho, y se extendió hacia el sur, hacia el oeste y hacia la Tierra del Esplendor.",
        "10": "Fue tanto lo que creció, que llegó a tocar las estrellas del cielo, a muchas de las cuales derribó y pisoteó.",
        "11": "Este cuerno pequeño se atrevió también a desafiar al jefe mismo de las estrellas. Incluso prohibió que se presentaran a Dios las ofrendas diarias y se burló del Templo.",
        "12": "Era tanta su maldad, que ordenó que su ejército acampara en donde todos los días se presentaban las ofrendas; luego echó por los suelos la verdad y comenzó a hacer todo lo que quiso. ¡Y todo le salió bien!",
        "13": "Poco después oí que un santo le decía a otro santo: —¿Cuándo terminará la supresión del sacrificio permanente, la maldad que todo lo destruye, el desprecio al Templo y el ejército del cielo pisoteado?",
        "14": "Y el otro santo contestó: —Hasta que hayan pasado mil ciento cincuenta días, que es un poco más de tres años. Pasado ese tiempo, el Templo quedará purificado.",
        "15": "Mientras yo veía todo esto y trataba de entenderlo, apareció ante mí alguien que tenía apariencia de ser humano.",
        "16": "Entonces escuché una voz que venía del río Ulay y que decía a gritos: —Gabriel, explícale a este hombre lo que significa el sueño.",
        "17": "Cuando Gabriel se me acercó, yo me asusté tanto que caí al suelo. Pero él me dijo: —Lo que has visto, se hará realidad cuando llegue el fin del mundo.",
        "18": "Mientras Gabriel me decía esto, yo quedé aturdido, permaneciendo tirado en el suelo. Pero él vino en mi ayuda y me levantó.",
        "19": "Luego me dijo: —Ahora voy a decirte lo que pasará cuando llegue el tiempo de la ira de Dios que ya tiene fijado el fin del mundo.",
        "20": "Tú viste un carnero con dos cuernos. Esos dos cuernos son los reyes de Media y de Persia.",
        "21": "El chivo representa al imperio de Grecia, y el cuerno grande que le salió entre los ojos es el más importante de todos sus reyes.",
        "22": "Los cuatro cuernos que salieron cuando se rompió el primero son los cuatro reinos que saldrán de esta nación. Pero esos reinos no tendrán tanto poder como el primero.",
        "23": "Cuando llegue a su fin el poder de estos reinos, y ya nadie soporte su maldad, vendrá un rey egoísta y orgulloso.",
        "24": "Ese rey se irá haciendo más y más poderoso, aunque no por sus propias fuerzas. Le irá bien en todo lo que haga, pero causará muchos destrozos. Destruirá a gente poderosa, y también al pueblo de Dios.",
        "25": "Será un rey muy astuto, y engañará a mucha gente. Se creerá el rey más importante, y matará a traición a gente que vivía tranquila. Se levantará en armas contra el Príncipe de príncipes, pero saldrá derrotado sin que intervenga ningún poder humano.",
        "26": "Ya te he explicado lo que viste acerca de los tres años y días. Eso va a suceder así. Pero tú no se lo digas a nadie, porque se hará realidad después de mucho tiempo.",
        "27": "Yo, Daniel, perdí las fuerzas y estuve enfermo durante varios días. Pero finalmente me recuperé y seguí ocupándome de los asuntos del rey. Sin embargo, seguí preocupado porque no entendía bien todo lo que había visto."
    },
    "9": {
        "1-3": "Un día, estaba yo, Daniel, leyendo el libro del profeta Jeremías. Cuando llegué al pasaje donde Dios le anuncia al profeta que Jerusalén quedaría destruida durante setenta años, decidí ayunar. Luego me vestí con ropas ásperas, me senté sobre ceniza, y comencé a pedirle a Dios con mucha insistencia por mi pueblo. Cuando esto sucedió, el rey Darío llevaba un año reinando sobre los babilonios. Darío era hijo del rey Asuero, y pertenecía al pueblo de los medos.",
        "4": "Esto es lo que pedí a Dios en mi oración: —Dios mío, tú eres grande y poderoso. Tú siempre cumples lo que prometes, y muestras tu amor a quienes te aman y te obedecen.",
        "5": "Nosotros, en cambio, hemos pecado. Nos hemos portado muy mal contigo; hemos vivido como si tú no existieras y te hemos desobedecido.",
        "6": "Los profetas hablaron de ti a nuestros reyes y a nuestros jefes, y también a nuestros antepasados y a toda la gente del pueblo, pero no les hicimos caso.",
        "7": "Tú, Dios mío, tú eres justo. Por eso nos sentimos muy avergonzados. Así se sienten los que viven en Jerusalén y también los que viven en los países lejanos, adonde los expulsaste por haber pecado contra ti.",
        "8": "Dios mío, todos estamos avergonzados por haber pecado contra ti. Y lo mismo que nosotros están también avergonzados nuestros reyes, nuestros jefes y nuestros antepasados.",
        "9": "Pero aunque nos hayamos rebelado contra ti, tú, Dios nuestro, eres misericordioso y nos perdonas.",
        "10-14": "Nosotros no te hemos hecho caso, ni hemos obedecido las enseñanzas que nos diste por medio de tus profetas. Señor y Dios nuestro, tú ya nos lo habías advertido. Si no nos portábamos bien, caerían sobre nosotros maldiciones y castigos. Así nos lo había enseñado Moisés, que siempre estuvo a tu servicio. Ahora has cumplido tus amenazas contra nosotros y nuestros gobernantes. Nunca antes habías castigado a nadie como nos has castigado a nosotros. ¡La destrucción de Jerusalén ha sido terrible! Así ha sucedido porque no hemos buscado al Señor, nuestro Dios, no le hemos obedecido ni hemos dejado de hacer el mal. Y es que el Señor, nuestro Dios, es justo en todo lo que hace y nosotros no hemos querido escucharle.",
        "15-16": "Señor y Dios nuestro, en el pasado tú nos diste muestras de tu gran poder. Tú sacaste de Egipto a tu pueblo, y desde entonces te hiciste muy famoso. Además, sabemos que eres muy bondadoso. Es verdad que hemos pecado y que hemos hecho lo que está mal, pero te rogamos que ya no te enfades contra Jerusalén. Todos los pueblos vecinos se burlan de ella y de tu pueblo. De eso tenemos la culpa nosotros y nuestros antepasados. Lo reconocemos. ¡Pero recuerda que Jerusalén es tu ciudad, y que está en tu monte santo!",
        "17": "Por favor, Dios nuestro, escucha mi oración y mis ruegos. Por tu propio honor, te ruego que mires la triste situación en que ha quedado tu Templo y nos muestres tu amor.",
        "18": "¡Escúchame, Dios mío! ¡Mira cómo ha quedado destruida la ciudad donde te adoramos! Si te pedimos esto, no es porque creamos que somos buenos, ni porque merezcamos recibir lo que te pedimos. Lo hacemos porque creemos que tú eres muy compasivo y bondadoso.",
        "19": "¡Escúchanos, Señor y Dios nuestro, y perdónanos! ¡Atiéndenos y ven en nuestra ayuda! ¡Dios mío, te lo pedimos por tu propio honor, ya que tu ciudad y tu pueblo invocan tu nombre!",
        "20": "Mientras yo estaba orando por Jerusalén, y pidiendo perdón por mis pecados y los de mi pueblo,",
        "21": "llegó volando el ángel Gabriel, que ya se me había aparecido en sueños. Era casi la hora de presentar a Dios las ofrendas de la tarde.",
        "22": "Entonces Gabriel me dijo: —Escucha, Daniel: vengo para ayudarte a entender todo esto.",
        "23": "Dios te ama mucho, y tan pronto como empezaste a orar, Dios se mostró dispuesto a escuchar tus oraciones. He venido para darte su respuesta. Pon mucha atención para que entiendas lo que quiere decir tu visión.",
        "24": "Tienen que pasar setenta semanas para que tu pueblo y tu ciudad dejen de hacer el mal, para que lleguen a su fin la desobediencia y el pecado. Al cabo de ese tiempo quedarán reparados los delitos, se restablecerá la justicia. Dios cumplirá las visiones que has tenido y su santo Templo será de nuevo consagrado.",
        "25": "Tú debes entender bien esto: Pasarán siete semanas desde que se dé la orden de reconstruir Jerusalén hasta la llegada del Príncipe elegido. Y pasarán otras sesenta y dos semanas hasta que sean reconstruidas las murallas y las calles de Jerusalén. ¡Serán días de angustia y tristeza!",
        "26": "Pasadas las sesenta y dos semanas, vendrá un rey con su ejército y matará al Príncipe elegido. ¡Jerusalén y el Templo serán destruidos por completo! El fin llegará de repente, como llega una inundación. ¡La guerra y las destrucciones que habían sido anunciadas seguirán hasta que llegue el fin!",
        "27": "Durante una semana más, ese rey malvado hará un pacto con gran número de gente; pero a la mitad de la semana prohibirá que se hagan ofrendas, y en el altar de los sacrificios se ofenderá gravemente a Dios. Después de todo esto, Dios destruirá al malvado que lo ofendió."
    },
    "10": {
        "1-3": "Cuando Ciro llevaba ya tres años como rey de Persia, Daniel, llamado también Baltasar, tuvo una visión de una gran guerra. La visión era difícil de entender, pero Daniel se propuso entenderla, y consiguió comprender su mensaje. Durante tres semanas, yo Daniel, estuve muy triste. No comí carne ni tomé vino, ni probé nada de lo que me gustaba ni me puse ningún perfume hasta que pasaron las tres semanas.",
        "4": "El día veinticuatro del primer mes, el mes de Abib, yo estaba a la orilla del gran río Tigris.",
        "5": "De pronto miré y vi a alguien parecido a un hombre. Estaba vestido con ropa de lino y tenía puesto un cinturón de oro puro.",
        "6": "Su cuerpo parecía estar hecho de cristal amarillo, y su cara tenía el brillo de un relámpago. Sus ojos parecían llamas de fuego, sus brazos y sus pies brillaban como metal pulido y su voz sonaba como si hablara una gran multitud.",
        "7-8": "Cuando tuve esta visión, yo estaba solo, pues los que estaban conmigo se asustaron tanto que se escondieron. Hasta yo mismo me quedé sin fuerzas y sentí que me desmayaba.",
        "9": "Al oír que me hablaba, me desmayé y caí al suelo.",
        "10": "Pero entonces una mano me ayudó a levantarme, apoyándome en mis rodillas y mis manos.",
        "11": "Entonces me dijo: —Daniel, levántate y escucha bien lo que voy a decirte. Dios te ama, y por eso me ha enviado a darte un mensaje. Mientras hablaba conmigo, yo me puse de pie, aunque seguía temblando.",
        "12-14": "Pero me dijo: —Daniel, no tengas miedo. Dios ha escuchado tus oraciones desde el primer día, cuando trataste de entender ese sueño tan difícil y te humillaste ante él. Por eso Dios me ha enviado a decirte que tú has visto lo que va a pasarle a tu pueblo en el futuro. Yo iba a venir antes, pero no pude hacerlo porque, durante veintiún días, el ángel encargado de cuidar el reino de Persia me lo impidió. Yo me había quedado solo, junto a los reyes de Persia, pero vino en mi ayuda Miguel, uno de los ángeles más importantes de todos.",
        "15": "Mientras el hombre vestido de lino me decía todo esto, yo permanecí en silencio con el rostro postrado en tierra.",
        "16-17": "Entonces alguien más, que también parecía un hombre, me tocó los labios. Yo entonces le dije: —Mi señor, lo que estoy viendo me llena de angustia y me deja sin fuerzas. ¿Cómo quieres que te hable, si casi no puedo respirar?",
        "18": "El que parecía un hombre volvió a tocarme, y me dio nuevas fuerzas.",
        "19": "Me dijo: —¡No tengas miedo, ni te preocupes de nada! ¡Alégrate y ten valor, pues Dios te ama! Y mientras me decía esto, sentí que me volvían las fuerzas. Entonces le dije: —Mi señor, ahora puedes hablarme, pues ya tengo nuevas fuerzas.",
        "20": "Entonces me dijo: —He venido a verte porque tengo que luchar con el ángel encargado de cuidar a Persia. Cuando yo termine de luchar contra él, vendrá el ángel encargado de cuidar a Grecia.",
        "21": "En mi lucha contra ellos, solo cuento con la ayuda de Miguel, que es el ángel que protege a Israel. Ahora yo te voy a explicar lo que está escrito en el Libro de la Verdad."
    },
    "11": {
        "1": "Y aquel que parecía un hombre siguió diciendo: —Durante el primer año del reinado de Darío en Media, yo le di mi ayuda y mi apoyo.",
        "2": "Y ahora voy a explicarte lo que de verdad sucederá. Persia tendrá tres reyes. Después vendrá un cuarto rey, que será más rico que los tres anteriores. Será tan rico y poderoso que atacará al reino de Grecia.",
        "3": "Después vendrá un rey muy valiente, que gobernará un gran imperio y hará lo que se le antoje.",
        "4": "Pero cuando su reino ya esté bien establecido, será destruido y se dividirá en cuatro partes. Este rey no dejará el poder a sus hijos, ni será un reino tan poderoso como lo fue antes, porque ahora quedará dividido y lo gobernarán otros reyes.",
        "5": "El rey del sur será muy poderoso, pero uno de los jefes de su ejército le ganará en poder y controlará a muchas naciones y pueblos.",
        "6": "Después de algunos años, el rey del norte y el rey del sur unirán sus fuerzas. Para que haya paz entre ellos, el rey del norte se casará con la hija del rey del sur. Sin embargo, este plan no tendrá éxito porque tanto la hija del rey del sur como su hijo y todos sus servidores fueron asesinados.",
        "7": "Un miembro de la familia del rey del sur luchará contra el ejército del rey del norte y lo vencerá; luego conquistará las fortalezas del rey del norte y lo controlará todo.",
        "8": "Se llevará a Egipto las estatuas de sus dioses hechas de metal junto con otros objetos de oro y plata. Y durante algún tiempo no habrá guerra entre estos dos reinos.",
        "9": "Tiempo después, el rey del norte invadirá al reino del sur, pero tendrá que regresar a su tierra.",
        "10": "Entonces los hijos del rey del norte se llenarán de furor y reunirán un gran ejército para luchar contra el rey del sur. Lo atacarán y llegarán hasta la fortaleza misma de ese rey. A su paso lo destruirán todo, como si fueran un río desbordado.",
        "11": "Ante este ataque, el rey del sur se enfurecerá, saldrá a luchar contra el ejército del rey del norte y lo derrotará por completo.",
        "12": "Esta victoria hará que el rey del sur se vuelva muy orgulloso. Pero su orgullo no le durará mucho tiempo,",
        "13": "porque el rey del norte organizará otro ejército, más grande y mejor preparado que el primero, y después de algunos años volverá a atacar al rey del sur y lo vencerá.",
        "14": "En ese tiempo, muchos se unirán al rey del norte para luchar contra el rey del sur. Tal y como lo viste en tu visión, entre ellos habrá algunos israelitas malvados; pero no les irá bien, pues serán derrotados.",
        "15": "El rey del norte construirá una rampa alrededor de una ciudad amurallada, escalará sus murallas y la conquistará. ¡Ni los soldados más valientes del sur podrán detener al ejército enemigo!",
        "16": "El rey conquistador hará lo que quiera, y nadie se atreverá a hacerle frente. Destruirá todo lo que encuentre a su paso y se quedará en la Tierra del Esplendor.",
        "17": "El rey del norte tratará de vencer por completo al rey del sur. Para apoderarse de su reino, tratará de hacer una alianza con él casándose con su hija. Pero su plan no tendrá éxito.",
        "18": "Entonces atacará las ciudades que están a la orilla del mar, y a muchas de ellas las conquistará. Pero un general lo derrotará, y pondrá en vergüenza al rey del norte.",
        "19": "Así el rey del norte volverá a las ciudades fortificadas de su país; pero un accidente le causará la muerte, y nadie más volverá a hablar de él.",
        "20": "Su lugar lo ocupará otro rey, que para enriquecer al reino enviará uno de sus funcionarios a cobrar impuestos. Pero pocos días después morirá, aunque no en la guerra.",
        "21": "Después de ese rey vendrá un malvado a quien no le corresponde ser rey, pero que llegará a serlo por medio de engaños y sin que nadie se dé cuenta de sus intenciones.",
        "22": "Ese malvado derrotará por completo a los ejércitos enemigos, y también al príncipe con quien había hecho un tratado.",
        "23": "Engañará también a sus amigos y, a pesar de no tener un gran ejército, logrará sus propósitos.",
        "24": "Ese malvado se apoderará por sorpresa de las tierras más ricas del lugar y hará lo que no hicieron sus padres ni sus abuelos: repartirá entre sus soldados las riquezas que hayan ganado en la guerra y hará planes para conquistar a las ciudades más protegidas. Pero esto no durará mucho tiempo.",
        "25": "Sin embargo, se sentirá tan poderoso que, con su gran ejército, atacará al rey del sur. Pero el rey del sur se le enfrentará valientemente, apoyado por su ejército grande y poderoso. Sin embargo, este rey será traicionado y no podrá resistir los ataques de sus enemigos.",
        "26": "Sus propios amigos, a quienes invitaba a comer en su propia mesa, lo traicionarán. Y así, su ejército será derrotado, y muchos de sus soldados perderán la vida.",
        "27": "Estos dos reyes se sentarán a comer en la misma mesa, pero solo pensarán en hacerse daño. Se engañarán el uno al otro, pero ninguno de los dos logrará su propósito, porque todavía no habrá llegado su tiempo.",
        "28": "Después de todo esto, el rey del norte regresará a su país, llevándose todo lo que ganó en la guerra y planeando, antes de regresar, romper el pacto sagrado que había hecho.",
        "29": "Pasado algún tiempo el rey del norte volverá a luchar contra el rey del sur, solo que esta vez no triunfará.",
        "30": "Vendrá contra él una flota de barcos desde Chipre y desanimado tendrá que retroceder. Descargará entonces su ira contra el pacto sagrado y se pondrá de acuerdo con los que habían abandonado este pacto.",
        "31": "Sus soldados no respetarán el Templo ni la ciudad amurallada. Eliminarán el sacrificio que se ofrece todos los días y colocarán en el Templo un ídolo odioso.",
        "32": "El rey tratará de ganarse la simpatía de los que abandonaron el pacto sagrado, pero los que aman a su Dios se mantendrán firmes y no le harán caso.",
        "33-35": "Los sabios del pueblo enseñarán a mucha gente a mantenerse fieles a Dios, aunque serán perseguidos. A unos los matarán, a otros los quemarán, y a otros les robarán todas sus pertenencias. Muchos de ellos serán llevados como esclavos a otros países. Mientras esto suceda, no les faltará un poco de ayuda, aunque muchos se unirán a ellos solo por conveniencia. Todo esto sucederá como preparación para que puedan resistir mejor otras pruebas y quedar purificados hasta que llegue el momento final señalado por Dios para el que aún falta algún tiempo.",
        "36-37": "El rey del norte hará todo lo que quiera. Será tanto su orgullo que se creerá superior a todos los dioses. Hasta llegará a ofender gravemente al verdadero Dios. Y todo le saldrá bien, pero solo hasta que Dios lo castigue, porque lo que Dios tiene decidido lo cumplirá.",
        "38": "Este rey adorará al dios de las ciudades amuralladas, un dios al que sus antepasados no conocieron; lo honrará ofreciéndole oro, plata, piedras preciosas y objetos de mucho valor.",
        "39": "Para conquistar las ciudades amuralladas, pedirá la ayuda de dioses extranjeros. Y a todos los que lo reconozcan como rey, los recompensará con puestos muy importantes y con grandes territorios.",
        "40": "Cuando llegue el momento final, el rey del sur atacará al rey del norte, pero este responderá a los ataques. Saldrá contra él con carros de guerra, con todo un ejército montado a caballo y apoyado por muchos barcos. Caerá sobre el país y lo arrasará como si se tratara de una inundación.",
        "41": "También invadirá la Tierra del Esplendor, y matará a muchísimas personas; sin embargo, no les pasará nada a los que viven en Edom y Moab, ni a la mayoría de los que viven en Amón.",
        "42": "El ejército del rey del norte atacará otros países, y ni siquiera Egipto se escapará.",
        "43": "El rey se llevará todos los tesoros de Egipto: el oro, la plata y todas sus riquezas. Después de eso, conquistará Libia y Etiopía.",
        "44": "Pero desde el norte y desde el este le llegaron noticias que le asustaron mucho e hicieron que se pusiera en marcha dispuesto a sembrar la muerte por todas partes.",
        "45": "Entonces pondrá su campamento entre el mar y la montaña santa, que está en la Tierra de Esplendor. Allí le llegará la hora de su muerte, y nadie podrá ayudarlo."
    },
    "12": {
        "1": "En ese tiempo aparecerá Miguel, príncipe de los ángeles y defensor de Israel. Serán días de grandes preocupaciones, como no las ha habido desde que existe el mundo. Cuando llegue ese momento, Dios pondrá a salvo a todos los de tu pueblo cuyo nombre está escrito en el libro de la vida.",
        "2": "Ese día volverán a vivir muchos de los que ya han muerto: unos para vivir para siempre, otros para sufrir eternamente la vergüenza y el horror.",
        "3": "Pero los maestros sabios, que enseñaron a muchos a andar por el buen camino, brillarán para siempre como las estrellas del cielo.",
        "4": "Y tú, Daniel, no digas nada de esto a nadie. Mantén cerrado el libro hasta que llegue la hora final, pues muchos estarán inquietos queriendo saber más.",
        "5": "Yo, Daniel, vi también a otros dos hombres. Uno de ellos estaba en una de las orillas del río, y el otro estaba en la orilla opuesta.",
        "6": "Entonces uno de aquellos hombres preguntó al hombre vestido con ropa de lino que estaba en pie junto a las aguas del río: —¿Cuándo se cumplirán estas cosas tan maravillosas?",
        "7": "El hombre vestido con ropas de lino y que estaba junto al río levantó las manos al cielo y juró por el Dios que vive para siempre: —Esto se cumplirá cuando termine la destrucción del pueblo de Dios, es decir, dentro de tres años y medio.",
        "8": "Yo oí lo que dijo aquel hombre, pero no entendí nada. Por eso le pregunté: —Mi señor, y después de que haya pasado todo esto, ¿qué sucederá?",
        "9": "Y me contestó: —A ti, Daniel, te toca llevar una vida normal. Nadie debe saber nada de todo esto hasta que llegue la hora final.",
        "10": "Muchos van a sufrir y serán puestos a prueba para que queden purificados. Sin embargo, la gente malvada seguirá siendo malvada y no se dará cuenta de lo que estará sucediendo. Pero los maestros sabios sí se darán cuenta de todo.",
        "11-12": "A partir del momento en que se suprima el sacrificio diario y sea colocado en el Templo de Dios el ídolo odioso, pasarán mil doscientos noventa días. Felices los que esperen todo ese tiempo confiando en Dios.",
        "13": "Y tú, Daniel, vive tranquilo hasta el día de tu muerte. Cuando llegue el final de los tiempos, te levantarás de entre los muertos para recibir tu premio."
    }
}