{
    "1": {
        "1": "Dios dio este mensaje a Joel, hijo de Petuel:",
        "2-4": "¡Poned mucha atención autoridades del pueblo y todos los que vivís en este país! Cuatro plagas de saltamontes han venido sobre nuestra tierra y han acabado con nuestras siembras. ¿Cuándo habéis visto algo parecido? Ni siquiera vuestros antepasados vieron en su vida algo parecido. Contádselo a vuestros hijos para que ellos, a su vez, se lo cuenten a sus nietos, bisnietos y tataranietos.",
        "5": "Vamos, borrachos, levantaos. Despertad y poneos a llorar, pues ya no vais a tener vino.",
        "6": "Un pueblo fuerte y numeroso ha invadido nuestro país; tienen dientes como de león, colmillos como de leona.",
        "7": "Han destruido nuestras viñas y descortezado nuestras higueras; ¡han pelado las ramas por completo!",
        "8": "La gente llora desconsolada, como llora una joven esposa a quien se le ha muerto su marido.",
        "9": "También lloran los sacerdotes que están al servicio de Dios, pues ya nadie lleva al Templo ofrendas de vino y de cereales.",
        "10": "Ya no hay trigo, ya no hay vino ni aceite, pues los campos se secaron y quedaron hechos un desierto.",
        "11": "¡Llorad de tristeza labradores y viñadores! Se han perdido las cosechas de trigo y de cebada;",
        "12": "se han secado los viñedos, las higueras, los granados, las palmeras, los manzanos y todos los árboles del campo; ¡la gente misma ha perdido la alegría!",
        "13": "Vosotros, sacerdotes, los que servís a Dios en el altar, poneos ropa de luto y pasad la noche llorando, pues ya nadie trae al Templo ofrendas de vino y de cereales.",
        "14": "Reunid en el Templo a los israelitas y a sus jefes, ayunad y orad a Dios.",
        "15": "¡Nuestro Dios viene! ¡Ya está cerca su día! ¡Será un día de destrucción por parte del Todopoderoso!",
        "16": "Ante nuestros propios ojos nos han quitado la comida; ha desaparecido la alegría del Templo de nuestro Dios.",
        "17": "La siembra de trigo se secó, por eso están vacíos todos nuestros graneros.",
        "18": "Mugen nuestras vacas y balan nuestras ovejas. Los ganados se mueren de hambre porque ya no encuentran pastos.",
        "19": "Dios nuestro, en ti buscamos ayuda porque el fuego ha quemado nuestros campos y nuestros bosques.",
        "20": "También te piden ayuda los animales del campo, pues los arroyos están secos y el fuego ha acabado con los pastos."
    },
    "2": {
        "1": "¡Que toquen la trompeta en Jerusalén! ¡Que suene la alarma en el Templo! ¡Que comiencen a temblar todos los habitantes de este país! ¡Nuestro Dios viene y ya está cerca su día!",
        "2": "Será un día de gran oscuridad, un día de nubes y de sombras. Un ejército grande y poderoso se despliega sobre los montes, como la aurora al amanecer. No hubo antes, ni habrá después, otro ejército que se le parezca.",
        "3": "Ese ejército es como el fuego, que quema todo lo que encuentra: antes de su llegada, la tierra era un paraíso; después de su llegada, la tierra quedó hecha un desierto. ¡No hay nada que se le escape!",
        "4": "Son como caballos que galopan, cabalgan como jinetes;",
        "5": "el ruido que hacen parece el de carros de guerra saltando sobre los montes. Crujen como hojas secas que el fuego consume; son como un ejército poderoso que está listo para el ataque.",
        "6": "Ante ellos tiemblan los pueblos y todos palidecen de miedo.",
        "7": "Avanzan como valientes, escalan como guerreros las murallas; va uno detrás de otro sin desviarse de la fila.",
        "8": "No chocan unos con otros, cada cual va por su camino y aunque les caiga una lluvia de flechas, jamás rompen la formación.",
        "9": "Atacan la ciudad, escalan las murallas, trepan hasta las casas, se meten por las ventanas como hace una banda de ladrones.",
        "10": "Ante ellos tiemblan el cielo y la tierra, se oscurecen el sol y la luna, y pierden su brillo las estrellas.",
        "11": "Al frente de este ejército, que es muy grande y poderoso, Dios deja oír su voz de mando y este ejército lo obedece. Ante el día de Dios que será impresionante y terrible, nadie podrá mantenerse firme.",
        "12": "Pero ahora —así lo afirma Dios— arrepentíos de vuestra mala conducta y cambiad vuestra manera de vivir. Llorad, ayunad y vestíos de luto.",
        "13": "Arrepentíos y convertíos a mí, pero hacedlo de todo corazón, y no solo de palabra. Yo soy compasivo y bondadoso, y no me enfurezco fácilmente; yo os amo con todo mi corazón y estoy dispuesto a perdonaros.",
        "14": "Tal vez Dios decida perdonarnos. Tal vez nos bendiga de nuevo y nos dé en abundancia vino y cereal para las ofrendas.",
        "15-16": "¡Tocad la trompeta en Jerusalén! Que se reúna todo el pueblo. Que vengan los ancianos y hasta los niños más pequeños; que incluso los recién casados salgan de su cuarto nupcial. Que todos ayunen y se preparen para adorar a Dios.",
        "17": "Que vengan los sacerdotes, los servidores de Dios. Que se presenten ante el altar, y con lágrimas en los ojos oren de esta manera: «¡Dios nuestro, perdona a tu pueblo! ¡No permitas que las naciones nos desprecien y nos humillen! No permitas que se burlen de nosotros diciendo: ¿dónde está vuestro Dios?».",
        "18-19": "Dios ama mucho a esta tierra, por eso se compadeció de nosotros y nos respondió diciendo: Voy a llenar vuestros graneros de trigo, y vuestros almacenes de vino y de aceite. No volveré a permitir que las naciones os humillen.",
        "20-21": "A ese enemigo del norte, que se atrevió a atacaros, lo arrojaré al desierto; a los que venían al frente los ahogaré en el mar Muerto, y a los que venían atrás los ahogaré en el Mediterráneo. ¡Sus cadáveres despedirán un olor insoportable! Patria mía, ¡no tengas miedo! Al contrario, llénate de gozo, pues Dios hace grandes maravillas.",
        "22": "Bestias salvajes, ¡no tengáis miedo! Los campos se cubrirán de pasto, los árboles se llenarán de frutos y habrá higos y uvas en abundancia.",
        "23": "Vosotros, habitantes de Jerusalén, ¡haced fiesta en honor de vuestro Dios! En el momento justo Dios os enviará la lluvia, como lo hacía en tiempos pasados: hará que llueva en primavera, así como llueve en otoño.",
        "24": "De este modo habrá una buena cosecha, y tendremos gran abundancia de trigo, vino y aceite.",
        "25": "Dios nos devolverá todo lo que perdimos estos años por culpa de las plagas de los saltamontes que él mandó contra nosotros.",
        "26": "Tendremos mucha comida, y alabaremos a nuestro Dios por todas las grandes maravillas que ha hecho en favor nuestro. Y nunca más mi pueblo —dice Dios— volverá a ser humillado.",
        "27": "Sabréis entonces que vivo en medio de vosotros y me reconoceréis como vuestro único Dios, pues no hay otro como yo. Y nunca más mi pueblo volverá a ser humillado."
    },
    "3": {
        "1": "Cuando esto haya pasado, les daré a todos mi espíritu: hombres y mujeres hablarán de mi parte; a los ancianos les hablaré en sueños y a los jóvenes, en visiones.",
        "2": "También en esos tiempos daré mi espíritu a los esclavos y a las esclavas.",
        "3": "Daré muestras de mi poder en el cielo y en la tierra: habrá sangre y fuego, y grandes columnas de humo.",
        "4": "El sol dejará de alumbrar, y la luna se pondrá roja, como si estuviera bañada en sangre. Esto pasará cuando llegue aquel día de Dios que será grandioso y terrible.",
        "5": "Pero Dios salvará a todos los que le invoquen, pues su Templo está en Jerusalén y allí vivirán los elegidos de Dios que hayan conseguido escapar —así lo ha dicho Dios."
    },
    "4": {
        "1": "Cuando llegue ese día y los de Judá y de Jerusalén vuelvan de la cautividad,",
        "2-3": "reuniré a todas las naciones en el valle de Josafat. Entonces las declararé culpables por todo lo que hicieron a mi pueblo Israel: lo dispersaron por todas partes, y echando suertes entre ellos se repartieron su territorio; vendieron como esclavos a los niños y a las niñas, ¡y con ese dinero compraron vino para emborracharse, y pagaron a las prostitutas!",
        "4": "Ciudades de Tiro y de Sidón, no conviene que os pongáis en mi contra. Y a vosotras, provincias de Filistea, no os conviene enfrentaros a mí, porque yo os daré vuestro merecido más pronto de lo que pensáis.",
        "5": "Vosotros habéis robado todo mi oro y toda mi plata; ¡mis más ricos tesoros os los llevasteis a vuestros templos!",
        "6-7": "Los de Tiro y Sidón vendisteis a los griegos a la gente de Judá y de Jerusalén, y la alejasteis así de su tierra. Pero yo los rescataré y los haré volver de Grecia, el país al que los vendisteis. Ahora haré que vosotros paguéis con la misma moneda lo que hicisteis a mi pueblo:",
        "8": "venderé a vuestros hijos y a vuestras hijas a los habitantes de Judá para que ellos los revendan a las tribus del desierto. Yo soy el Dios de Israel y cumpliré mi palabra.",
        "9": "Proclamad esto entre las naciones, preparaos para la guerra, convocad a los valientes, que acudan todos los guerreros.",
        "10": "Convertid en armas de guerra vuestras herramientas de labranza. Haced que los cobardes se conviertan en valientes.",
        "11-12": "¡Venid, naciones vecinas! Reuníos en el valle de Josafat. Que acudan allí, oh Dios, tus valientes, que acudan allí las naciones porque Dios las va a juzgar.",
        "13": "Las segará como se siega el trigo cuando está listo para la cosecha; las pisará como se pisan las uvas cuando están listas para hacer vino. Porque su maldad es ya demasiada.",
        "14": "Mucha gente se ha reunido en el Valle de la Decisión, porque está cerca el día de Dios.",
        "15": "Cuando llegue ese día, se oscurecerán el sol y la luna, y perderán su brillo las estrellas;",
        "16": "temblarán el cielo y la tierra, porque Dios clama desde el monte Sion, hace oír su voz desde Jerusalén, pero protegerá a los israelitas y será un refugio para ellos.",
        "17": "Cuando llegue ese día, reconoceréis que yo soy vuestro Dios, que habito en el monte santo de Sion y que Jerusalén es mi ciudad preferida. ¡Nunca más un ejército extranjero volverá a poner un pie en ella!",
        "18": "Cuando llegue ese día, en los cerros y en las colinas habrá vino y leche en abundancia; nunca faltará el agua en los arroyos de Judá y del Templo saldrá un manantial que regará el valle de Sitín.",
        "19": "A Egipto y a Edom los convertiré en un desierto, porque atacaron sin motivo a los habitantes de Judá, y en sus países mataron a gente inocente.",
        "20-21": "Pero yo vengaré esas muertes y no dejaré al culpable sin castigo. Las ciudades de Judá y de Jerusalén serán habitadas ya para siempre y yo pondré en Jerusalén mi morada."
    }
}