{
    "1": {
        "1": "Yo soy el profeta Habacuc y este es el mensaje que he recibido de Dios en una visión.",
        "2": "Dios mío, a gritos te pido que me ayudes, pero tú no me escuchas; ¿cuándo vas a hacerme caso? Te he rogado que acabes con la violencia, pero tú no haces nada por salvarme.",
        "3": "¿Por qué me obligas a ver tanta violencia e injusticia? Por todas partes veo solamente riñas y peleas, violencia y destrucción.",
        "4": "Nadie obedece tus mandamientos, nadie es justo con nadie. Los malvados maltratan a los buenos, y por todas partes hay injusticia.",
        "5": "Fijaos en las naciones, mirad lo que sucede entre ellas. Lo que pronto vais a ver os dejará con la boca abierta. Si alguien os contara esto, no podríais creerlo.",
        "6": "Voy a hacer que los babilonios os ataquen sin piedad. Son un pueblo muy cruel y recorren el mundo para adueñarse de la tierra de los demás.",
        "7": "Para ellos solo vale su ley y solo importa su honor; ¡son un pueblo terrible!",
        "8": "Sus caballos y sus jinetes vienen galopando desde muy lejos; son más veloces que los leopardos y más feroces que los lobos nocturnos; se lanzan sobre sus enemigos como el águila sobre su presa.",
        "9": "A su paso lo destruyen todo y avanzan sembrando el terror; los prisioneros que toman son tantos como la arena del mar.",
        "10": "Se ríen de reyes y gobernantes, se burlan de sus fortalezas y construyen rampas de arena para conquistar sus ciudades.",
        "11": "Pasan por encima como un huracán, pero son culpables de un gran pecado: no tienen más dios que su fuerza.",
        "12": "Dios de Israel, tú eres un Dios santo; siempre has existido, y no nos dejarás morir. Tú has puesto a Babilonia para hacer justicia, la has utilizado para castigar.",
        "13": "Tú no soportas la maldad ni aceptas el pecado. No te quedes callado, no permitas que los malvados maten a quienes son buenos.",
        "14": "Tú nos tratas como si fuéramos simples peces del mar, como si fuéramos reptiles sin dueño.",
        "15": "Por eso los babilonios nos atrapan fácilmente, como se atrapan los peces con el anzuelo o con la red. Es algo que les encanta y alegra.",
        "16": "Por eso los babilonios rinden culto a sus artes de pesca, ya que gracias a ellas tienen comida abundante.",
        "17": "¿Seguirán los babilonios usando sus redes para aniquilar pueblos sin compasión?"
    },
    "2": {
        "1": "Ya te he presentado mi queja; ahora voy a estar muy atento esperando tu respuesta.",
        "2": "Y Dios me respondió: Voy a darte a conocer lo que está por suceder. Escríbelo en unas tablas para que se lea de corrido.",
        "3": "Tardará un poco en cumplirse, pero tú no desconfíes; aún no ha llegado la hora de que todo esto se cumpla, pero puedo asegurarte que se cumplirá sin falta.",
        "4": "Los orgullosos fracasarán, pero los que son justos por su fe vivirán.",
        "5": "Los que son arrogantes, son traicioneros como el vino; su hambre de poder los hace conquistar naciones y pueblos enteros. Son como la muerte, que siempre quiere más; son como la tumba, que nunca está satisfecha.",
        "6": "Pero un día serán humillados. Todos se burlarán de ellos y les cantarán esta canción: «¡Qué mal te va a ir, nación opresora! Te has hecho rica con lo que no es tuyo y te has apropiado de las cosas prestadas».",
        "7": "El día que menos lo esperes, tus víctimas se vengarán de ti; te harán temblar de miedo y te quitarán todo lo que tienes.",
        "8": "Tú has saqueado a muchas naciones, pues otras naciones te saquearán a ti. Así pagarás todos tus crímenes, tu violencia contra nuestro país, contra nuestras ciudades y sus habitantes.",
        "9": "¡Qué mal te va a ir, nación opresora! Hiciste ricos a los tuyos mediante el robo y el engaño, pensando librarlos así de la desgracia;",
        "10": "pero lo único que hiciste fue ponerlos en vergüenza. Quisiste acabar con muchos pueblos, pero tú misma te hiciste daño.",
        "11": "¡Hasta las piedras de tus murallas y las maderas de tus casas gritarán en tu contra!",
        "12": "¡Qué mal te va a ir, nación opresora! ¡Has construido tus ciudades mediante el crimen y la violencia!",
        "13": "Pero yo soy el Dios de Israel, y de nada va a servirte todo lo que has hecho; yo lo quemaré por completo.",
        "14": "Y así como el agua llena los mares, también la tierra se llenará de gente que reconocerá mi poder.",
        "15": "¡Qué mal te va a ir, nación opresora! Hiciste que tus hermanos tomaran bebidas drogadas hasta conseguir emborracharlos y verlos desnudos;",
        "16": "pues yo te humillaré a ti cambiando en vergüenza tu gloria y dejándote desnuda a vista de todos.",
        "17": "La violencia con que trataste a los animales del monte Líbano se volverá en tu contra; así pagarás por todos tus crímenes, por tu violencia contra nuestro país, contra nuestras ciudades y sus habitantes.",
        "18-19": "¡Qué mal te va a ir, nación opresora! ¿Cómo puedes confiar en dioses falsos? ¿Cómo puedes pedirles que te ayuden? Son ídolos de madera, son figuras de piedra que tú misma te has hecho, pero que no valen nada. Son simples figuras de metal recubiertas de oro y plata, incapaces totalmente de hablar; ¡simplemente, no tienen vida!",
        "20": "Pero yo estoy en mi santo Templo; ¡ante mí debe callar toda la tierra!"
    },
    "3": {
        "1": "Yo, el profeta Habacuc, compuse esta oración para acompañarla con una melodía de lamento.",
        "2": "¡Dios mío, he oído tu mensaje y sé bien todo lo que has hecho; por eso tiemblo en tu presencia! Déjanos ver en nuestros días tus grandes hechos de otros tiempos; si te enfadas con nosotros, no dejes de tenernos compasión.",
        "3": "Tú eres el Dios santo que vienes de la región de Temán, desde el monte Parán. Tu grandeza llena los cielos; la tierra entera te alaba.",
        "4": "Un gran resplandor te rodea; de tus manos brotan rayos de luz que muestran tu poder.",
        "5": "Plagas terribles anuncian tu llegada; vas dejando en el camino graves enfermedades.",
        "6-7": "Cuando tú te detienes, la tierra se pone a temblar; cuando miras a las naciones, todas ellas se llenan de miedo; los cerros se desmoronan, las antiguas montañas se derrumban; ¡hasta he visto temblar de miedo a la gente de Cusán y de Madián, porque tú has vuelto a actuar!",
        "8": "Arde, oh Dios, tu ira contra los ríos y se enciende tu cólera contra el mar; por eso montas sobre tus caballos y subes victorioso a tus carros de combate.",
        "9": "Tienes tu arco preparado y a punto todas tus flechas que, como si fueran ríos, abren surcos en la tierra.",
        "10": "Cuando las montañas te vieron, temblaron de miedo; las nubes dejaron caer su lluvia, el mar rugió con furia y sus grandes olas se elevaron al cielo.",
        "11": "El sol y la luna se detuvieron ante el resplandor de tus relámpagos, ante la luz brillante de tus rayos.",
        "12": "Pero te enfureciste, recorriste la tierra y en tu ira aplastaste naciones.",
        "13": "Saliste a rescatar a tu pueblo y al rey que tú elegiste. Destrozaste al jefe de esos malvados y acabaste por completo con su reino.",
        "14": "Sus guerreros nos atacaron con la furia de una tempestad; querían dispersarnos y destruirnos entre gritos de victoria, como a un pobre que no puede defenderse. Pero tú los aniquilaste con sus propias flechas.",
        "15": "Caminas sobre el mar con tus caballos, cabalgas sobre las aguas agitadas.",
        "16": "Cuando escucho todo esto, me tiemblan los labios y se estremece mi cuerpo; siento que mis huesos se desmoronan y que el suelo se hunde bajo mis pies. Pero yo espero con paciencia el día en que castigarás a los que ahora nos atacan.",
        "17": "Aunque no den higos las higueras, ni uvas las viñas, ni aceitunas los olivos, aunque no produzcan nada nuestros campos ni tengamos vacas ni ovejas,",
        "18": "siempre te alabaré con alegría porque tú eres mi salvador.",
        "19": "Dios mío, tú me das fuerzas; me das la rapidez del ciervo y me pones a salvo en lugares altos."
    }
}