{
    "1": {
        "1-4": "Esta carta habla de la Palabra de vida, que ya existía desde antes de que Dios creara el mundo. Os escribimos para contaros lo que hemos visto y oído acerca de esa Palabra, de manera que nuestra alegría sea completa. Así os mantendréis unidos a nosotros, como nosotros nos mantenemos unidos a Dios Padre y a su Hijo Jesucristo. Al hablar de la Palabra de vida nos referimos a la vida eterna que estaba junto al Padre y que se nos manifestó en Jesucristo. Es la Palabra que hemos visto con nuestros propios ojos, que hemos escuchado, que incluso hemos podido tocar con nuestras manos y que ahora os anunciamos.",
        "5": "Jesucristo nos enseñó que Dios es luz y que donde está Dios no hay oscuridad. Este es el mensaje que ahora os anunciamos.",
        "6": "Si decimos que somos amigos de Dios y, al mismo tiempo, vivimos pecando, entonces somos unos mentirosos y vivimos lejos de la verdad.",
        "7": "Pero si vivimos en la luz, como Dios vive en la luz, nos mantendremos unidos como hermanos y Dios perdonará nuestros pecados por medio de la sangre de su Hijo Jesús.",
        "8": "Si decimos que no hemos pecado, nos engañamos a nosotros mismos y no decimos la verdad.",
        "9": "Pero si reconocemos ante Dios que hemos pecado, podemos estar seguros de que él, que es justo, nos perdonará y nos limpiará de toda maldad.",
        "10": "Si decimos que nunca hemos hecho lo que está mal, hacemos que Dios parezca un mentiroso y no hemos aceptado el mensaje que él nos ha dado."
    },
    "2": {
        "1": "Hijos míos, os escribo esta carta, para que no pequéis. Pero si alguno peca, tenemos a alguien que nos defiende ante Dios Padre: Jesucristo, el Justo,",
        "2": "que ha muerto para que Dios perdone nuestros pecados y los de todo el mundo.",
        "3": "Nosotros sabemos que conocemos a Dios porque obedecemos sus mandamientos.",
        "4": "Si alguien dice: «Yo conozco a Dios», pero no le obedece, es un mentiroso y no dice la verdad.",
        "5": "En cambio, el que cumple lo que Dios manda, ese ama verdaderamente y de modo perfecto a Dios.",
        "6": "El que dice que es amigo de Dios debe vivir como vivió Jesús.",
        "7": "Queridos hermanos, no os estoy dando un mandamiento nuevo. Os estoy escribiendo acerca de un mandamiento muy antiguo que ya conocéis: se trata del mismo mandamiento que Dios os dio desde el principio.",
        "8": "Sin embargo, esto que os escribo puede decirse que es un mandamiento nuevo porque se ha hecho realidad tanto en Cristo como en vosotros. Cristo es la luz verdadera, que brilla cada vez más, mientras que la oscuridad va disminuyendo.",
        "9": "Si alguno dice que vive en la luz, pero odia a su hermano, en realidad vive en una gran oscuridad.",
        "10": "El que ama a los demás, vive en la luz de Dios y nada le hará caer en pecado.",
        "11": "Pero el que odia a su hermano, vive en la oscuridad y no sabe a dónde va, porque la oscuridad lo ha dejado ciego.",
        "12": "Hijos míos, os escribo porque Dios os ha perdonado vuestros pecados por medio de lo que hizo Jesucristo.",
        "13-14": "Os escribo a vosotros, padres, porque conocéis al que existe desde el principio. A vosotros, los jóvenes, os escribo también porque habéis sido valientes, habéis derrotado al diablo y permanecéis fieles al mensaje de Dios. Os he escrito a todos vosotros porque habéis conocido al Padre.",
        "15": "No queráis ser como los pecadores que hay en el mundo, ni tampoco hacer lo que ellos hacen. Quienes lo hacen, no aman a Dios Padre.",
        "16": "Las cosas que ofrece la gente del mundo no vienen de Dios, sino del mal que hay en el mundo. Y estas son las cosas que el mundo nos ofrece: los malos deseos, la ambición de tener todo lo que vemos y el orgullo de poseer muchas riquezas.",
        "17": "Pero las cosas de este mundo junto con todo lo que él ofrece, están a punto de acabarse. En cambio, el que hace lo que Dios manda vive para siempre.",
        "18": "Hijos míos, ya estamos viviendo los últimos días. Habéis escuchado que antes del fin vendrá el Enemigo de Cristo. Pues bien, quiero deciros que ya han aparecido muchos enemigos de Cristo y por eso sabemos que estamos en los últimos días.",
        "19": "Estos enemigos de Cristo han salido de entre nosotros, pero en realidad no eran de nuestro grupo. Si hubieran sido de nuestro grupo, se habrían quedado con nosotros. Pero así ha quedado claro que no todos los que se reúnen con nosotros son de los nuestros.",
        "20": "En cuanto a vosotros, poseéis la unción que viene del Espíritu Santo y lo conocéis todo.",
        "21": "Por eso os escribo, porque sé que conocéis la verdad y sabéis que quien la conoce no puede mentir.",
        "22": "Mentiroso es el que dice que Jesús no es el Mesías. ¡Ese es el Enemigo de Cristo, pues rechaza tanto a Dios Padre como a Jesús, el Hijo!",
        "23": "Cualquiera que rechaza al Hijo, también rechaza al Padre. Y si alguien acepta al Hijo, también acepta al Padre.",
        "24": "Por eso, permaneced fieles a lo que se os enseñó desde el principio. Si lo hacéis así, viviréis siempre unidos al Hijo y al Padre,",
        "25": "pues Cristo nos ha prometido la vida eterna.",
        "26": "Os estoy escribiendo estas cosas para advertiros sobre algunos que quieren engañaros.",
        "27": "Pero vosotros tenéis al Espíritu Santo, que habéis recibido de Cristo y no necesitáis que nadie os enseñe, pues el Espíritu de Dios os enseña todo ya que de él procede la verdad y no la mentira. Por eso, seguid las enseñanzas del Espíritu Santo y manteneos siempre unidos a Cristo.",
        "28": "Ahora, hijos míos, seguid unidos a Cristo. Así, cuando él regrese de nuevo, lo estaremos esperando confiadamente y no pasaremos por la vergüenza de ser apartados de él cuando tenga lugar su venida.",
        "29": "Como sabéis, Jesucristo hace todo lo que le agrada a Dios. Por eso, también debéis saber que todo el que hace lo que a Dios le agrada, es hijo de Dios."
    },
    "3": {
        "1": "Mirad que amor tan grande nos tiene el Padre, hasta el punto de poder ser llamados hijos de Dios, y la verdad es que lo somos. Por eso los que pertenecen a este mundo pecador no nos conocen, porque tampoco han conocido a Dios.",
        "2": "Queridos hermanos, ¡nosotros ya somos hijos de Dios! Y aunque todavía no sabemos cómo seremos en el futuro, sí sabemos que, cuando Jesucristo vuelva otra vez, nos pareceremos a él, porque lo veremos como él es en realidad.",
        "3": "Todo el que espera confiadamente que todo esto suceda, se esfuerza por ser perfecto, como lo es Jesús.",
        "4": "Todo el que peca, rompe la ley de Dios, porque el pecado consiste en no cumplir la ley.",
        "5": "Sabéis que Jesucristo vino al mundo para quitar los pecados del mundo y que en él no hay ni puede haber pecado.",
        "6": "Por eso, cualquiera que quiera mantenerse unido a Jesucristo, no puede seguir pecando. El que peca, es porque ni lo ha visto ni lo ha conocido.",
        "7": "Hijos míos, ¡que nadie os engañe! Todo el que se porta rectamente puede considerarse justo como es Justo Jesús.",
        "8": "Pero el que siempre hace lo malo es amigo del diablo, porque el diablo ha estado pecando desde el día en que Dios creó el mundo. Por esta razón vino el Hijo de Dios al mundo: para destruir todo lo que hace el diablo.",
        "9": "Ningún hijo de Dios puede seguir pecando, porque tiene la vida que Dios le ha dado. Así que no puede seguir pecando, porque es un hijo de Dios.",
        "10": "Podemos saber quién es hijo de Dios y quién es hijo del diablo: quien no se porta rectamente y no ama a sus hermanos no es hijo de Dios.",
        "11": "Desde el principio se os ha enseñado que debemos amarnos unos a otros.",
        "12": "No debemos ser como Caín, que era como un hijo del diablo y por eso mató a su hermano. ¿Y por qué lo mató? Porque lo que Caín hacía era malo, y lo que hacía su hermano era bueno.",
        "13": "Hermanos míos, no os extrañéis si los pecadores de este mundo os odian.",
        "14": "El amor que nos tenemos demuestra que hemos pasado de la muerte a la vida. Pero si no os amáis unos a otros, es porque todavía estáis bajo el poder de la muerte.",
        "15": "Todo el que odia a su hermano es como un asesino, y ya sabéis que ningún asesino puede tener la vida eterna.",
        "16": "Pero nosotros sabemos lo que es el amor, porque Jesucristo dio su vida por nosotros. Igualmente nosotros debemos dar nuestra vida por nuestros hermanos.",
        "17": "Si un rico ve que un hermano suyo tiene alguna necesidad y no lo ayuda, es clara señal de que en ese rico no hay amor de Dios.",
        "18": "Hijos míos, no debemos limitarnos a decir que amamos, sino que debemos demostrarlo por medio de lo que hacemos.",
        "19": "Solo así sabremos que poseemos la verdad y tendremos la conciencia tranquila ante Dios.",
        "20": "Porque aunque nos sintamos culpables de algo, Dios está por encima de nuestro sentimiento de culpabilidad y conoce todas las cosas.",
        "21": "Queridos, si nuestra conciencia nos dice que estamos bien con Dios, podemos presentarnos ante él con toda confianza.",
        "22": "Y nos dará lo que le pidamos, porque cumplimos sus mandamientos y hacemos lo que a él le agrada.",
        "23": "Y su mandamiento es que creamos en su Hijo Jesucristo y que nos amemos unos a otros tal como Jesús nos lo mandó.",
        "24": "Si cumplimos lo que Dios nos manda, viviremos unidos a él y él vivirá unido a nosotros. Esto lo sabemos por el Espíritu Santo que nos ha dado."
    },
    "4": {
        "1": "Queridos hermanos, no creáis a todos los que dicen que tienen el Espíritu de Dios. Ponedlos a prueba, para ver si son lo que dicen ser. Porque el mundo está lleno de falsos profetas.",
        "2": "Podéis saber que una persona tiene el Espíritu de Dios si reconoce que Jesucristo vino al mundo como verdadero hombre.",
        "3": "Pero si dice que esto no es cierto, es porque no tiene el Espíritu de Dios; al contrario, tiene el espíritu del Enemigo de Cristo del que habéis oído que tenía que venir; pues bien, quiero deciros que ya ha llegado al mundo.",
        "4": "Hijos míos, vosotros sois de Dios y habéis vencido a esos falsos profetas, pues él permanece unido a vosotros y es más poderoso que su Enemigo.",
        "5": "Ellos pertenecen a este mundo pecador, hablan de cosas mundanas y los pecadores de este mundo les hacen caso.",
        "6": "Pero nosotros pertenecemos a Dios y podemos saber quién tiene el Espíritu que dice la verdad y quién tiene el espíritu del engaño. El que es de Dios nos hace caso, pero el que no es de Dios nos ignora.",
        "7": "Queridos hermanos, debemos amarnos unos a otros, porque el amor viene de Dios. Todo el que ama es hijo de Dios y conoce a Dios.",
        "8": "El que no ama no conoce a Dios, porque Dios es amor.",
        "9": "Dios nos dio muestras de su amor al enviar al mundo a Jesús, su único Hijo, para que por medio de él todos nosotros tengamos vida eterna.",
        "10": "El verdadero amor no consiste en que nosotros hayamos amado a Dios, sino en que él nos amó y envió a su Hijo para que nosotros fuéramos perdonados por medio de su sacrificio.",
        "11": "Queridos hermanos, si Dios nos ha amado así, nosotros también debemos amarnos los unos a los otros.",
        "12": "Nadie ha visto nunca a Dios; pero si nos amamos unos a otros, Dios vive en nosotros y su amor se hace completamente real en nosotros.",
        "13": "Sabemos que estamos íntimamente unidos a Dios porque él nos ha dado su Espíritu.",
        "14": "Nosotros mismos lo hemos visto y damos testimonio de que el Padre envió a su Hijo para salvar al mundo.",
        "15": "Si alguien reconoce que Jesucristo es el Hijo de Dios, queda íntimamente unido a Dios, y Dios a él.",
        "16": "Nosotros sabemos y creemos que Dios nos ama, porque Dios es amor. Por eso, quien tiene amor vive unido a Dios y Dios vive en él.",
        "17": "Y el amor que nos tenemos llegará a ser perfecto si vivimos como Jesucristo vivió en este mundo; de ese modo podremos esperar confiados el día en que Jesús venga para juzgar al mundo.",
        "18": "La persona que ama no tiene miedo. Donde hay amor no hay temor. Al contrario, el verdadero amor quita el miedo. Si alguien tiene miedo de que Dios lo castigue, es porque no ha aprendido a amar como se debe.",
        "19": "Nosotros debemos amarnos porque Dios nos amó primero.",
        "20": "Si decimos que amamos a Dios y al mismo tiempo odiamos a nuestros hermanos, somos unos mentirosos. Porque si no amamos al hermano, a quien podemos ver, ¿cómo podremos amar a Dios a quien no vemos?",
        "21": "Ha sido Jesucristo quien nos dio este mandamiento: «¡Amad a Dios, y amad también a los hermanos!»."
    },
    "5": {
        "1": "Si creemos que Jesús es el Mesías, entonces somos hijos de Dios. Y recordemos que, si amamos al Padre, también debemos amar a los hijos de ese mismo Padre.",
        "2": "Y sabemos que amamos a Dios y cumplimos sus mandamientos, cuando también amamos a los hijos de Dios.",
        "3": "Porque amar a Dios consiste en cumplir sus mandamientos que no son difíciles de poner en práctica.",
        "4": "En realidad, todo el que es hijo de Dios vence al mal que hay en el mundo, porque es nuestra fe la que sale victoriosa sobre el mundo.",
        "5": "El que cree que Jesús es el Hijo de Dios, ese alcanza la victoria sobre el mundo.",
        "6": "Cuando Jesucristo vino a este mundo, fue bautizado en agua, y al morir derramó su sangre. El Espíritu de Dios es testigo de esto, y todo lo que el Espíritu dice es verdad.",
        "7": "Son tres los que dan testimonio de esto:",
        "8": "el Espíritu de Dios, el agua del bautismo y la sangre que Jesús derramó al morir en la cruz. Y lo que declaran los tres es idéntico.",
        "9": "Nosotros valoramos lo que dice la gente, pero valoramos aún más lo que dice Dios, porque su testimonio tiene que ver con su Hijo.",
        "10": "Creer en el Hijo de Dios significa aceptar lo que Dios ha dicho. Pero el que no cree en Dios lo hace pasar por mentiroso, porque no ha creído lo que Dios mismo ha dicho acerca de su propio Hijo.",
        "11": "Y lo que ha dicho es que Dios nos ha dado vida eterna, y esa vida está en su Hijo.",
        "12": "Si vivimos unidos al Hijo de Dios, tenemos vida eterna; si no vivimos unidos al Hijo de Dios, no tenemos vida eterna.",
        "13": "Os escribo esto a vosotros, que creéis en el Hijo de Dios, para que sepáis que tenéis vida eterna.",
        "14": "Confiamos en Dios, pues sabemos que nos oye si le pedimos algo que le agrada.",
        "15": "Y así como sabemos que él oye nuestras oraciones, también sabemos que ya nos ha dado lo que le hemos pedido.",
        "16": "Si alguno ve que un hermano comete un pecado que no lleva a la muerte, debe orar por ese hermano, para que Dios le dé vida. Pero debe tratarse de un pecado que no lleve a la muerte. Porque hay pecados que llevan a la muerte y os digo que no se debe orar por quienes cometen esa clase de pecados.",
        "17": "Todo tipo de maldad es pecado, pero no todo pecado lleva a la muerte.",
        "18": "Sabemos que los hijos de Dios no pecan porque Jesucristo, el Hijo de Dios, los protege, y el diablo no puede hacerles daño.",
        "19": "Sabemos que somos de Dios y que el resto de la gente en el mundo está dominada por el diablo.",
        "20": "Y también sabemos que el Hijo de Dios ha venido y que nos ha dado inteligencia para conocer al Dios verdadero. Nosotros vivimos unidos a su Hijo Jesucristo que es el Dios verdadero y la vida eterna.",
        "21": "Cuidado, hijos míos; no adoréis a los dioses falsos."
    }
}